Date,SPY,HYG,EFA,EEM,TLT,GLD,SLV,DBC,VNQ,IEV,IEF,SHY,IBIT
2014-09-17,163.738037109375,48.8089714050293,46.28140640258789,33.578468322753906,80.37281036376953,117.54000091552734,17.770000457763672,20.27359390258789,45.5552978515625,33.2870979309082,77.95429992675781,67.69922637939453,0.26265205605353437
2014-09-18,164.6107940673828,48.82472610473633,46.640708923339844,33.62454605102539,80.62928009033203,117.77999877929688,17.770000457763672,20.07914161682129,45.156211853027344,33.59577178955078,77.90107727050781,67.70718383789062,0.24376065563106591
2014-09-19,164.4624786376953,48.898189544677734,46.478675842285156,33.371150970458984,81.65531158447266,117.08999633789062,17.190000534057617,20.01996421813965,45.21147537231445,33.430667877197266,78.19733428955078,67.69922637939453,0.2267357666736904
2014-09-22,163.19227600097656,48.8089714050293,46.274349212646484,32.864356994628906,81.75505065917969,116.8499984741211,17.079999923706055,19.850875854492188,44.855384826660156,33.308624267578125,78.36444854736328,67.74732971191406,0.2309604103839606
2014-09-23,162.2581329345703,48.56228256225586,45.88685989379883,32.680084228515625,82.2608871459961,117.5999984741211,17.06999969482422,19.850875854492188,44.52998352050781,32.87791061401367,78.53156280517578,67.76334381103516,0.25027965233450883
2014-09-24,163.52828979492188,48.41530227661133,46.11935806274414,33.148468017578125,81.8049087524414,117.05000305175781,16.989999771118164,19.9354190826416,44.4110221862793,33.02865982055664,78.31126403808594,67.73929595947266,0.24305137216050507
2014-09-25,160.88967895507812,48.084632873535156,45.4429931640625,32.426692962646484,82.77400207519531,117.38999938964844,16.829999923706055,19.89314842224121,44.21274185180664,32.49027633666992,78.6910629272461,67.78736114501953,0.23637156901651765
2014-09-26,162.16799926757812,48.05314636230469,45.63320541381836,32.57258224487305,82.65284729003906,117.05999755859375,16.899999618530273,19.85932731628418,44.80758285522461,32.62667465209961,78.5239486694336,67.75529479980469,0.23226580814943146
2014-09-29,161.8729705810547,47.95340347290039,45.21049499511719,31.91221809387207,83.31546020507812,117.02999877929688,16.780000686645508,19.977689743041992,44.74563217163086,32.382591247558594,78.77461242675781,67.77135467529297,0.21563491687962438
2014-09-30,161.4469451904297,48.263084411621094,45.175262451171875,31.91221809387207,82.84523010253906,116.20999908447266,16.350000381469727,19.631061553955078,44.522560119628906,32.36105728149414,78.70626831054688,67.75529479980469,0.22222628086295923
2014-10-01,159.25892639160156,48.31632614135742,44.639808654785156,31.259532928466797,84.4516830444336,116.7699966430664,16.479999542236328,19.563425064086914,44.55975341796875,31.951875686645508,79.36751556396484,67.82748413085938,0.22031439306276332
2014-10-02,159.28358459472656,48.41120910644531,44.16073226928711,31.428462982177734,83.7159423828125,116.73999786376953,16.40999984741211,19.487335205078125,44.48537063598633,31.59295082092285,79.13162231445312,67.81947326660156,0.21540805273069707
2014-10-03,161.03713989257812,48.57467269897461,44.16073226928711,31.69721221923828,84.07312774658203,114.61000061035156,16.1200008392334,19.301340103149414,44.764225006103516,31.456562042236328,79.1087875366211,67.75531768798828,0.20647177154917906
2014-10-06,160.8486785888672,48.62733459472656,44.44253158569336,32.11186599731445,84.12313079833984,116.02999877929688,16.600000381469727,19.54651641845703,44.8819465637207,31.714988708496094,79.23816680908203,67.81947326660156,0.18956807894454092
2014-10-07,158.36575317382812,48.442806243896484,43.688682556152344,31.827741622924805,85.25882720947266,116.36000061035156,16.479999542236328,19.470426559448242,44.52876281738281,31.04020118713379,79.70237731933594,67.85955810546875,0.1930759728579645
2014-10-08,161.13552856445312,48.674800872802734,44.379146575927734,32.30382537841797,85.2802734375,117.47000122070312,16.68000030517578,19.394336700439453,45.49542236328125,31.63602066040039,79.98388671875,67.93181610107422,0.202697403399021
2014-10-09,157.93968200683594,48.1581916809082,43.18846130371094,31.797039031982422,84.90882873535156,117.63999938964844,16.6200008392334,19.166072845458984,45.49542236328125,30.695634841918945,79.846923828125,67.93181610107422,0.20963852796301047
2014-10-10,156.13690185546875,47.76812744140625,42.540283203125,31.105953216552734,85.7517318725586,117.58999633789062,16.639999389648438,19.09843635559082,45.53879165649414,30.272090911865234,80.15888977050781,67.96381378173828,0.2076491200661902
2014-10-13,153.57203674316406,47.53093338012695,42.483917236328125,31.42078399658203,86.27312469482422,118.5199966430664,16.729999542236328,19.09843635559082,45.58218765258789,30.264915466308594,80.57743835449219,67.9879150390625,0.22421914149752198
2014-10-14,153.80970764160156,47.68905258178711,42.58959197998047,31.60507583618164,86.8374252319336,118.58999633789062,16.68000030517578,18.810985565185547,46.31956481933594,30.286447525024414,80.73725891113281,68.02801513671875,0.2302241359686108
2014-10-15,152.76901245117188,47.699581146240234,42.33596420288086,31.20578384399414,87.52316284179688,118.98999786376953,16.709999084472656,18.574264526367188,46.139869689941406,29.963409423828125,81.19379425048828,68.11622619628906,0.22672256915328384
2014-10-16,152.63787841796875,47.96845245361328,41.94141387939453,30.92167854309082,86.96601104736328,119.22000122070312,16.670000076293945,18.7602596282959,46.21424102783203,29.654735565185547,80.97310638427734,68.07612609863281,0.21970620294904833
2014-10-17,154.44064331054688,48.37432861328125,42.72346115112305,31.267215728759766,86.48033905029297,118.98999786376953,16.579999923706055,18.827898025512695,46.269996643066406,30.307987213134766,80.73725891113281,68.03604125976562,0.22039652265190682
2014-10-20,155.94024658203125,48.72222900390625,42.99118423461914,31.35935401916504,86.79459381103516,119.80000305175781,16.729999542236328,18.692625045776367,46.97640609741211,30.44437599182129,80.85140228271484,68.07612609863281,0.2198721797329128
2014-10-21,159.02957153320312,49.1175651550293,43.505496978759766,31.489892959594727,86.10173034667969,120.0199966430664,16.809999465942383,18.844804763793945,47.403968811035156,30.903806686401367,80.63070678710938,68.06010437011719,0.22195693226587063
2014-10-22,157.89866638183594,48.79599380493164,43.18846130371094,31.282569885253906,86.19451141357422,119.33999633789062,16.459999084472656,18.633445739746094,47.416358947753906,30.55923080444336,80.6078872680664,68.0440444946289,0.22005193241457213
2014-10-23,159.73422241210938,48.774925231933594,43.60413360595703,31.27489471435547,85.43025207519531,118.5199966430664,16.5,18.85325813293457,47.781978607177734,30.9755916595459,80.27306365966797,68.0119857788086,0.20584290006218425
2014-10-24,160.96339416503906,48.911964416503906,43.84368133544922,31.497570037841797,85.51602172851562,118.3499984741211,16.5,18.73489761352539,47.744789123535156,31.11916160583496,80.341552734375,68.02801513671875,0.2058015548422121
2014-10-27,160.74217224121094,48.711669921875,43.59709167480469,31.25185775756836,85.67312622070312,118.05999755859375,16.420000076293945,18.684171676635742,48.09799575805664,30.946866989135742,80.42524719238281,68.02801513671875,0.20272555109858664
2014-10-28,162.58590698242188,48.79073715209961,44.25936508178711,31.881500244140625,85.13736724853516,118.0999984741211,16.489999771118164,18.83635139465332,48.30868148803711,31.42066192626953,80.22743225097656,68.0119857788086,0.2053840364741847
2014-10-29,162.34010314941406,48.753849029541016,43.92118835449219,31.92757225036621,85.33026885986328,116.41000366210938,16.3799991607666,19.056163787841797,48.036041259765625,31.09044647216797,79.96109771728516,67.92375946044922,0.19273367860359564
2014-10-30,163.38072204589844,48.73276901245117,44.238224029541016,32.2270393371582,85.40167999267578,115.19000244140625,15.819999694824219,18.895530700683594,48.339664459228516,31.277095794677734,80.0447998046875,67.94780731201172,0.19831253162559465
2014-10-31,165.2491455078125,48.774925231933594,45.05549621582031,32.36525344848633,85.18028259277344,112.66000366210938,15.5,18.870168685913086,48.94694137573242,31.650386810302734,79.91542053222656,67.93181610107422,0.19430155454384523
2014-11-03,165.3392791748047,48.877647399902344,44.66799545288086,32.096500396728516,85.18026733398438,112.1500015258789,15.479999542236328,18.701082229614258,49.37449645996094,31.234018325805664,79.88572692871094,67.92298126220703,0.18811792909269867
2014-11-04,164.76565551757812,48.72410202026367,44.414363861083984,32.1272087097168,85.44519805908203,112.22000122070312,15.359999656677246,18.430538177490234,49.455047607421875,31.162233352661133,79.87812042236328,67.91487884521484,0.18980526625352062
2014-11-05,165.8063201904297,48.71351623535156,44.498905181884766,31.84310531616211,85.3234634399414,109.79000091552734,14.65999984741211,18.48126792907715,49.349708557128906,31.37759017944336,79.90093994140625,67.89885711669922,0.19497061449603553
2014-11-06,166.47010803222656,48.840579986572266,44.25936508178711,31.451492309570312,84.77210235595703,109.87999725341797,14.819999694824219,18.498172760009766,48.97172546386719,31.25554847717285,79.65699768066406,67.8827896118164,0.20060117095123414
2014-11-07,166.6257781982422,48.88822937011719,44.280487060546875,31.651151657104492,85.74594116210938,112.97000122070312,15.100000381469727,18.582717895507812,48.90974426269531,31.262731552124023,80.16767883300781,67.93098449707031,0.1966527813135375
2014-11-10,167.1502227783203,48.90941619873047,44.47776794433594,31.735607147216797,84.95829010009766,110.45999908447266,14.920000076293945,18.40517807006836,49.31254196166992,31.40631866455078,79.8399658203125,67.8827896118164,0.21072857654755817
2014-11-11,167.31410217285156,49.020599365234375,44.74549102783203,31.704883575439453,85.01563262939453,112.04000091552734,15.109999656677246,18.498172760009766,49.12043380737305,31.63602066040039,79.84762573242188,67.87478637695312,0.21117136825479702
2014-11-12,167.13380432128906,48.861785888671875,44.36504364013672,31.643465042114258,84.94400787353516,111.5,15.029999732971191,18.438995361328125,48.748619079589844,31.26991844177246,79.81708526611328,67.89885711669922,0.24325583733057507
2014-11-13,167.32229614257812,48.66059112548828,44.576412200927734,31.55899429321289,85.14449310302734,111.66999816894531,14.970000267028809,18.100818634033203,49.01510238647461,31.38477897644043,79.94669342041016,67.91487884521484,0.24163282274597092
2014-11-14,167.36328125,48.41705322265625,44.639808654785156,31.820085525512695,85.55975341796875,114.47000122070312,15.630000114440918,18.295269012451172,48.6123161315918,31.35605812072754,80.11437225341797,67.94701385498047,0.2284713370033819
2014-11-17,167.46986389160156,48.41175079345703,44.46368408203125,31.482206344604492,85.34492492675781,114.05000305175781,15.5,18.219179153442383,48.82920455932617,31.427845001220703,80.02288818359375,67.93897247314453,0.22249275509969368
2014-11-18,168.436767578125,48.31643295288086,44.949825286865234,31.651151657104492,85.58123779296875,115.05000305175781,15.550000190734863,18.126184463500977,49.03987121582031,31.865739822387695,80.11437225341797,67.93098449707031,0.21548042001058898
2014-11-19,168.1663360595703,48.30584716796875,44.815948486328125,31.63578224182129,85.03704071044922,113.68000030517578,15.479999542236328,18.033184051513672,48.599918365478516,31.872920989990234,79.90093994140625,67.92298126220703,0.21855700213160278
2014-11-20,168.46131896972656,48.311134338378906,44.548221588134766,31.582035064697266,85.48100280761719,114.86000061035156,15.600000381469727,18.18536376953125,48.76102828979492,31.736528396606445,80.04576110839844,67.93897247314453,0.20551152487184365
2014-11-21,169.36276245117188,48.57587814331055,44.935726165771484,32.58792495727539,85.9965591430664,115.38999938964844,15.789999961853027,18.379812240600586,49.06464767456055,31.994953155517578,80.205810546875,67.95502471923828,0.2014959382975751
2014-11-24,169.83798217773438,48.570552825927734,45.1964111328125,32.31918716430664,86.06816101074219,115.11000061035156,15.779999732971191,18.219179153442383,49.23817825317383,32.26055145263672,80.29731750488281,67.96302795410156,0.2164584737008501
2014-11-25,169.71507263183594,48.64996337890625,45.27391052246094,32.11186599731445,86.78416442871094,115.37999725341797,15.979999542236328,18.1346378326416,49.32489776611328,32.37541961669922,80.49546813964844,67.97106170654297,0.21556656318827577
2014-11-26,170.14938354492188,48.71351623535156,45.45004653930664,32.51881790161133,87.02046966552734,115.16000366210938,15.869999885559082,18.092363357543945,49.802066802978516,32.511802673339844,80.63272094726562,67.97907257080078,0.2115590213176813
2014-11-28,169.78883361816406,48.24763107299805,45.08366775512695,31.86614418029785,87.70787811279297,112.11000061035156,14.829999923706055,17.26383399963379,49.926002502441406,32.28927230834961,80.94525146484375,68.00316619873047,0.21619773065823641
2014-12-01,168.60882568359375,47.76203155517578,45.04140853881836,31.320968627929688,87.19619750976562,116.58000183105469,15.779999732971191,17.618921279907227,49.802066802978516,32.253387451171875,80.74671936035156,68.0023422241211,0.21780465583549233
2014-12-02,169.69873046875,48.02263641357422,45.16822052001953,31.313291549682617,86.34933471679688,115.13999938964844,15.75,17.24692726135254,50.11188507080078,32.26055145263672,80.38786315917969,67.96222686767578,0.21899348426733253
2014-12-03,170.35423278808594,48.102420806884766,45.11185073852539,31.397748947143555,86.68666076660156,116.33000183105469,15.729999542236328,17.14547348022461,50.06230926513672,32.203125,80.41834259033203,67.93011474609375,0.21537245623143322
2014-12-04,170.16578674316406,48.07048416137695,44.96390151977539,31.451492309570312,87.41151428222656,115.87999725341797,15.770000457763672,17.09474754333496,50.19244384765625,32.073917388916016,80.70089721679688,67.97027587890625,0.2122677264108538
2014-12-05,170.44442749023438,48.03327178955078,45.06254196166992,31.390087127685547,86.9019546508789,114.43000030517578,15.609999656677246,17.052474975585938,49.938377380371094,32.231849670410156,80.25038146972656,67.84182739257812,0.21643148275606117
2014-12-08,169.3053436279297,47.788570404052734,44.66799545288086,30.929359436035156,87.96412658691406,115.77999877929688,15.710000038146973,16.756572723388672,50.254390716552734,31.987768173217773,80.51760864257812,67.83380889892578,0.20784839736635272
2014-12-09,169.190673828125,47.76203155517578,44.42845916748047,30.637577056884766,88.4162368774414,118.19000244140625,16.31999969482422,16.874935150146484,50.48368835449219,31.707815170288086,80.8154525756836,67.85787963867188,0.2022833202421486
2014-12-10,166.47833251953125,47.21418380737305,43.86481475830078,30.184534072875977,89.0621566772461,117.95999908447266,16.3700008392334,16.612850189208984,50.434104919433594,31.341699600219727,81.18193817138672,67.9140853881836,0.19892130011669798
2014-12-11,167.32229614257812,47.04399108886719,43.80845642089844,29.93113136291504,89.42815399169922,117.69000244140625,16.329999923706055,16.460668563842773,50.52706527709961,31.226844787597656,81.04447937011719,67.88196563720703,0.2012995353577667
2014-12-12,164.6181640625,46.40574264526367,42.96299743652344,29.439712524414062,90.64100646972656,117.41000366210938,16.299999237060547,16.325397491455078,50.087093353271484,30.487462997436523,81.7087631225586,67.94622039794922,0.20246882164451624
2014-12-15,163.4873046875,46.379146575927734,42.25141906738281,29.01738739013672,90.45439147949219,114.38999938964844,15.470000267028809,16.06331443786621,49.436458587646484,29.95623207092285,81.41101837158203,67.89802551269531,0.1983355089818403
2014-12-16,162.17620849609375,46.21426010131836,42.55437469482422,28.971311569213867,91.57393646240234,114.94999694824219,15.079999923706055,15.970316886901855,49.36829376220703,30.315162658691406,81.82335662841797,67.93811798095703,0.18783538297520352
2014-12-17,165.35557556152344,47.15569305419922,43.06304931640625,29.63728141784668,90.74864196777344,114.2699966430664,15.100000381469727,16.06331443786621,50.502262115478516,30.64537811279297,81.25831604003906,67.87397003173828,0.18365094525671632
2014-12-18,169.4447021484375,47.53330993652344,43.83139419555664,30.04230499267578,89.13388061523438,115.1500015258789,15.25,16.012590408325195,50.8554801940918,31.291446685791016,80.80014038085938,67.83380889892578,0.17883821442862266
2014-12-19,170.1656494140625,47.9907112121582,43.89542007446289,30.25261688232422,90.3324203491211,114.7699966430664,15.390000343322754,16.249309539794922,50.8306884765625,31.245933532714844,81.09795379638672,67.78562927246094,0.18254079367627715
2014-12-22,170.9484405517578,47.87371063232422,44.10885238647461,30.673219680786133,90.45439147949219,112.55000305175781,14.989999771118164,15.953408241271973,51.680503845214844,31.383228302001953,81.09795379638672,67.80174255371094,0.19060584571850067
2014-12-23,171.1791534423828,48.04391098022461,43.9665641784668,30.39281463623047,88.66024017333984,112.73999786376953,15.039999961853027,16.11404037475586,51.53605270385742,31.26760482788086,80.42597198486328,67.72947692871094,0.19214844831953878
2014-12-24,171.1956329345703,48.20738220214844,44.165771484375,30.46291732788086,89.142822265625,112.7699966430664,15.09000015258789,15.902682304382324,51.3224983215332,31.47716522216797,80.48409271240234,67.76403045654297,0.18523489307772661
2014-12-26,171.74769592285156,48.05780792236328,44.27960205078125,30.704376220703125,89.47362518310547,114.83000183105469,15.350000381469727,15.885773658752441,51.504661560058594,31.513294219970703,80.59119415283203,67.73990631103516,0.18833043896644278
2014-12-29,171.97842407226562,48.08454132080078,43.95945358276367,30.517444610595703,90.14247131347656,113.66999816894531,15.109999656677246,15.73359489440918,51.787296295166016,31.260377883911133,80.86647033691406,67.80416870117188,0.1795698968780408
2014-12-30,171.05555725097656,47.98834228515625,43.553932189941406,30.57974624633789,90.38697814941406,115.19999694824219,15.579999923706055,15.71668529510498,51.749595642089844,30.956880569458008,80.95825958251953,67.8282470703125,0.1784597452976016
2014-12-31,169.35812377929688,47.86012268066406,43.28358840942383,30.603118896484375,90.55955505371094,113.58000183105469,15.0600004196167,15.598323822021484,50.87653732299805,30.73286247253418,81.05001068115234,67.80416870117188,0.18389042854866186
2015-01-02,169.26751708984375,47.86012268066406,43.09861755371094,30.198083877563477,91.56643676757812,114.08000183105469,15.109999656677246,15.412328720092773,51.64282989501953,30.58112144470215,81.46296691894531,67.87641143798828,0.18092641969932297
2015-01-05,166.21060180664062,47.416805267333984,42.081260681152344,29.660646438598633,93.00481414794922,115.80000305175781,15.5,15.192514419555664,51.92548751831055,29.663393020629883,81.96001434326172,67.87641143798828,0.15763349724527911
2015-01-06,164.64508056640625,47.23517608642578,41.604610443115234,29.53602409362793,94.6805191040039,117.12000274658203,15.829999923706055,15.048788070678711,52.44054412841797,29.345443725585938,82.5105972290039,67.90852355957031,0.16436155108472364
2015-01-07,166.69671630859375,47.52898406982422,42.06704330444336,30.17473030090332,94.49349975585938,116.43000030517578,15.850000381469727,14.955791473388672,53.2445068359375,29.620037078857422,82.49522399902344,67.94062805175781,0.1690410447944501
2015-01-08,169.65480041503906,47.886871337890625,42.63618850708008,30.688796997070312,93.24214935302734,115.94000244140625,15.640000343322754,15.014970779418945,53.445491790771484,30.075284957885742,82.15882110595703,67.9326171875,0.16273050932303293
2015-01-09,168.2952423095703,48.127227783203125,42.429866790771484,30.587539672851562,94.26336669921875,117.26000213623047,15.770000457763672,14.989608764648438,53.47060775756836,29.88740348815918,82.5641098022461,67.98886108398438,0.1667845667569195
2015-01-12,166.97689819335938,48.06846618652344,42.33026885986328,30.338285446166992,94.80284118652344,118.55999755859375,15.869999885559082,14.65988826751709,53.8788948059082,29.88740348815918,82.8547134399414,68.02897644042969,0.1537982417300582
2015-01-13,166.50717163085938,48.06846618652344,42.543697357177734,30.603118896484375,94.80284118652344,118.16000366210938,16.290000915527344,14.600707054138184,53.7972412109375,30.01747703552246,82.93115997314453,68.06910705566406,0.12971450212028587
2015-01-14,165.5020294189453,47.95631790161133,42.42275619506836,30.431760787963867,95.52198791503906,117.97000122070312,16.1299991607666,14.76133918762207,54.262027740478516,29.959672927856445,83.3134765625,68.10926055908203,0.1022865493979886
2015-01-15,163.9858856201172,47.66252517700195,42.69309997558594,30.501861572265625,97.02506256103516,120.94000244140625,16.149999618530273,14.558433532714844,54.387638092041016,30.14032554626465,84.024658203125,68.213623046875,0.1205157602905767
2015-01-16,166.13641357421875,47.84415054321289,43.248016357421875,30.75889778137207,95.78799438476562,122.5199966430664,16.950000762939453,14.837430000305176,54.85871124267578,30.566665649414062,83.40528869628906,68.14937591552734,0.11951244202439788
2015-01-20,166.49075317382812,47.7586784362793,43.39742660522461,30.712162017822266,97.0610122680664,124.19999694824219,17.18000030517578,14.634523391723633,54.42534637451172,30.790681838989258,83.59645080566406,68.1173095703125,0.12136057686247058
2015-01-21,167.33119201660156,48.01504898071289,43.73891067504883,31.389808654785156,95.9390640258789,124.2300033569336,17.3700008392334,14.727523803710938,54.387638092041016,31.029136657714844,83.19882202148438,68.1173095703125,0.13030949471359432
2015-01-22,169.81961059570312,48.07917404174805,43.902530670166016,31.98957061767578,95.5938720703125,125.2300033569336,17.610000610351562,14.710613250732422,55.35493850708008,31.123085021972656,82.99235534667969,68.09317779541016,0.13404768798710018
2015-01-23,168.8885040283203,48.07917404174805,43.653533935546875,31.748106002807617,96.92437744140625,124.2300033569336,17.510000228881836,14.6176176071167,55.197914123535156,30.9641056060791,83.53520965576172,68.12532806396484,0.133745021347126
2015-01-26,169.283935546875,48.29814529418945,44.25114059448242,31.763690948486328,96.6294937133789,122.98999786376953,17.1299991607666,14.566889762878418,55.6627082824707,31.433813095092773,83.34410858154297,68.08513641357422,0.15705860764786217
2015-01-27,167.0510711669922,48.260772705078125,44.315162658691406,31.592321395874023,96.78055572509766,124.4000015258789,17.329999923706055,14.64297866821289,55.681556701660156,31.47716522216797,83.45882415771484,68.12532806396484,0.15131665220235285
2015-01-28,164.90875244140625,48.159263610839844,43.653533935546875,31.24960708618164,98.36280059814453,123.41999816894531,17.229999542236328,14.431618690490723,55.310970306396484,30.8557186126709,84.10111999511719,68.17349243164062,0.13434000517714068
2015-01-29,166.43304443359375,48.330238342285156,44.25114059448242,31.24960708618164,97.7154541015625,120.76000213623047,16.239999771118164,14.363985061645508,55.50569534301758,31.383228302001953,83.80290985107422,68.14937591552734,0.13410913620296383
2015-01-30,164.34022521972656,48.19666290283203,43.553932189941406,30.39281463623047,99.44873046875,123.44999694824219,16.540000915527344,14.710613250732422,54.362548828125,30.87738800048828,84.53699493408203,68.22969818115234,0.13003841974763447
2015-02-02,166.37539672851562,48.38170623779297,44.08039855957031,30.93804359436035,99.07322692871094,122.41999816894531,16.469999313354492,14.913519859313965,54.21806716918945,31.217025756835938,84.43130493164062,68.2079849243164,0.1368175898795965
2015-02-03,168.7814178466797,48.65522384643555,44.78471374511719,31.52222442626953,96.97622680664062,121.05000305175781,16.549999237060547,15.32778263092041,54.689144134521484,31.896272659301758,83.71898651123047,68.15177917480469,0.13052256543813923
2015-02-04,168.13868713378906,48.45143127441406,44.41476821899414,31.36644744873047,97.14192199707031,121.58000183105469,16.6299991607666,14.989608764648438,54.463016510009766,31.498844146728516,83.85681915283203,68.15984344482422,0.13028422137438286
2015-02-05,169.83609008789062,48.735687255859375,45.026607513427734,31.553369522094727,96.07538604736328,121.79000091552734,16.579999923706055,15.192514419555664,55.11626434326172,31.932409286499023,83.55046844482422,68.13571166992188,0.12468927894503563
2015-02-06,169.36639404296875,48.77322769165039,44.464561462402344,31.01593017578125,94.37470245361328,118.63999938964844,16.030000686645508,15.234784126281738,53.51457977294922,31.441024780273438,82.61601257324219,67.97508239746094,0.12764986134651332
2015-02-09,168.6083526611328,48.65522384643555,44.25114059448242,30.969205856323242,94.22335815429688,119.16999816894531,16.31999969482422,15.386964797973633,53.13771438598633,31.318187713623047,82.5776596069336,67.9670181274414,0.12641164299102686
2015-02-10,170.4046173095703,48.82151412963867,44.65665817260742,30.891311645507812,93.47392272949219,118.47000122070312,16.190000534057617,15.192514419555664,53.30732345581055,31.614463806152344,82.37091827392578,67.95097351074219,0.12625600689380231
2015-02-11,170.50344848632812,48.805389404296875,44.41476821899414,30.66543197631836,93.64685821533203,117.06999969482422,16.079999923706055,15.074151039123535,53.15028381347656,31.41935157775879,82.34028625488281,67.95899963378906,0.12588040335984166
2015-02-12,172.1431884765625,48.80003356933594,45.104854583740234,31.31970977783203,93.33699798583984,117.33999633789062,16.149999618530273,15.302421569824219,53.78467559814453,32.04802322387695,82.37091827392578,67.98307037353516,0.12736155774501612
2015-02-13,172.85179138183594,48.869773864746094,45.403656005859375,31.678001403808594,92.37855529785156,117.9800033569336,16.540000915527344,15.471508979797363,53.42664337158203,32.156429290771484,82.09513092041016,67.98307037353516,0.13520836871937478
2015-02-17,173.1237030029297,48.837581634521484,45.5103759765625,31.607908248901367,90.9876708984375,116.01000213623047,15.829999923706055,15.479963302612305,53.29475784301758,32.23591232299805,81.5130615234375,67.95097351074219,0.13990795666169895
2015-02-18,173.14013671875,49.003814697265625,45.78071594238281,31.600114822387695,91.52818298339844,116.33999633789062,15.75,15.293967247009277,53.790950775146484,32.365970611572266,81.90361785888672,68.03131103515625,0.13572467569798843
2015-02-19,173.01657104492188,48.89122009277344,45.83762741088867,31.46769905090332,90.92282104492188,115.94000244140625,15.699999809265137,15.243239402770996,52.6352424621582,32.30816650390625,81.69692993164062,67.99114990234375,0.1379972256162797
2015-02-20,174.05482482910156,49.025272369384766,46.26448440551758,31.678001403808594,91.18949127197266,115.27999877929688,15.539999961853027,15.18405818939209,53.144012451171875,32.74174118041992,81.65091705322266,67.98307037353516,0.140005018903414
2015-02-23,174.03005981445312,49.062828063964844,46.100868225097656,31.3586483001709,92.234375,115.43000030517578,15.630000114440918,15.082605361938477,53.57111358642578,32.59721374511719,82.0262222290039,68.01527404785156,0.13719835499358338
2015-02-24,174.5244598388672,49.11110305786133,46.38543701171875,31.81041717529297,93.44508361816406,115.26000213623047,15.5600004196167,15.091060638427734,52.51588439941406,32.79955291748047,82.57003021240234,68.07150268554688,0.13710818946405953
2015-02-25,174.37619018554688,49.271995544433594,46.4210090637207,31.748106002807617,93.8486099243164,115.69999694824219,15.829999923706055,15.319329261779785,52.5284538269043,32.821231842041016,82.64661407470703,68.07150268554688,0.1363816861212551
2015-02-26,174.17013549804688,49.26129150390625,46.29295349121094,31.755889892578125,92.56587982177734,116.06999969482422,15.84000015258789,15.192514419555664,51.95689010620117,32.66947555541992,82.1563949584961,68.0072250366211,0.13578210156201503
2015-02-27,173.57687377929688,49.271995544433594,46.314300537109375,31.732528686523438,93.34417724609375,116.16000366210938,15.869999885559082,15.361600875854492,52.36517333984375,32.72728729248047,82.44750213623047,68.03131103515625,0.14577627003997184
2015-03-02,174.6727294921875,49.262847900390625,46.38543701171875,31.685802459716797,91.60549926757812,115.68000030517578,15.65999984741211,15.1417875289917,52.66664123535156,32.77787780761719,81.83373260498047,67.975830078125,0.15832038173698262
2015-03-03,173.95591735839844,49.12277603149414,46.100868225097656,31.4443302154541,91.27337646484375,115.47000122070312,15.579999923706055,15.234784126281738,52.56614303588867,32.49605941772461,81.65735626220703,67.95977783203125,0.16178461692088072
2015-03-04,173.22264099121094,49.03123092651367,45.915897369384766,31.10161018371582,91.30225372314453,115.11000061035156,15.489999771118164,15.099514961242676,52.06367111206055,32.373207092285156,81.71866607666016,67.975830078125,0.15683980572919648
2015-03-05,173.41213989257812,49.12277603149414,46.022613525390625,31.054882049560547,91.18670654296875,115.0,15.529999732971191,15.040334701538086,52.214412689208984,32.48160171508789,81.76477813720703,67.99996185302734,0.15861212931292853
2015-03-06,170.97311401367188,48.810420989990234,45.39654541015625,30.57974624633789,89.17223358154297,111.86000061035156,15.1899995803833,14.854338645935059,50.48085021972656,31.896272659301758,80.92848205566406,67.9276123046875,0.15662787423284072
2015-03-09,171.6817626953125,48.70807647705078,45.467689514160156,30.46291732788086,89.99535369873047,111.97000122070312,15.100000381469727,14.812068939208984,50.88282012939453,32.01912307739258,81.30441284179688,67.95977783203125,0.1663245464141433
2015-03-10,168.89675903320312,48.51954650878906,44.478797912597656,29.78527069091797,91.17949676513672,111.41999816894531,15.020000457763672,14.6176176071167,50.84514236450195,31.23870277404785,81.64961242675781,67.975830078125,0.1675610471640523
2015-03-11,168.50119018554688,48.65422058105469,44.59262466430664,30.01114845275879,91.84378814697266,110.75,14.84000015258789,14.693703651428223,50.88911437988281,31.260377883911133,81.79539489746094,67.975830078125,0.1702137838189421
2015-03-12,170.64356994628906,48.75114822387695,45.14753723144531,30.198083877563477,91.77880096435547,110.72000122070312,14.920000076293945,14.626070976257324,51.77476119995117,31.513294219970703,81.87211608886719,67.99191284179688,0.16905080710370168
2015-03-13,169.59713745117188,48.58414840698242,44.88431167602539,29.832002639770508,91.49718475341797,110.87999725341797,14.899999618530273,14.330168724060059,51.74333953857422,31.28927993774414,81.74933624267578,67.99996185302734,0.1638722438141927
2015-03-16,171.86300659179688,48.53565216064453,45.38943099975586,30.190305709838867,92.37808990478516,110.80999755859375,14.989999771118164,14.313258171081543,52.2772216796875,31.744529724121094,82.0332260131836,68.00796508789062,0.1668908129304978
2015-03-17,171.35218811035156,48.29331588745117,45.275604248046875,30.54081153869629,93.14341735839844,110.20999908447266,14.899999618530273,14.211806297302246,52.258365631103516,31.614463806152344,82.2020034790039,67.99191284179688,0.1639687276785194
2015-03-18,173.41213989257812,48.724220275878906,46.24315643310547,31.288555145263672,94.94133758544922,112.37000274658203,15.359999656677246,14.600707054138184,53.35129165649414,32.365970611572266,83.1456069946289,68.1526107788086,0.1471953978318943
2015-03-19,172.62106323242188,48.33643341064453,45.702457427978516,30.75889778137207,94.45755767822266,112.29000091552734,15.4399995803833,14.355530738830566,53.326175689697266,31.925182342529297,82.75433349609375,68.06417846679688,0.1498538832074924
2015-03-20,174.14480590820312,48.71342086791992,46.71269989013672,31.21845054626465,94.95573425292969,113.56999969482422,16.0,14.549982070922852,54.66401672363281,32.72728729248047,83.09194946289062,68.11247253417969,0.15032538346509766
2015-03-23,173.805419921875,48.75114822387695,46.94747543334961,31.311925888061523,94.84026336669922,114.29000091552734,16.299999237060547,14.719067573547363,54.59494400024414,32.893489837646484,83.19933319091797,68.13654327392578,0.1531917692219207
2015-03-24,172.8287811279297,48.826515197753906,46.847869873046875,31.436548233032227,95.75726318359375,114.56999969482422,16.280000686645508,14.600707054138184,54.1301383972168,32.83567810058594,83.45248413085938,68.16064453125,0.14104796478398748
2015-03-25,170.29617309570312,48.697261810302734,46.62733459472656,30.93804359436035,94.94857025146484,114.7300033569336,16.239999771118164,14.64297866821289,53.19624710083008,32.662254333496094,83.09194946289062,68.14458465576172,0.14139370301280504
2015-03-26,169.8906707763672,48.69189453125,46.221797943115234,30.64985466003418,93.46833038330078,115.4800033569336,16.299999237060547,14.820521354675293,52.918212890625,32.34431076049805,82.62396240234375,68.11247253417969,0.1427347148041273
2015-03-27,170.27967834472656,48.729618072509766,46.34274673461914,30.73552894592285,94.63086700439453,115.05999755859375,16.219999313354492,14.524618148803711,52.98771667480469,32.402103424072266,82.94617462158203,68.1526107788086,0.14187153036850694
2015-03-30,172.35699462890625,48.864253997802734,46.37120819091797,31.327495574951172,94.16154479980469,113.75,15.979999542236328,14.600707054138184,53.74595642089844,32.51772689819336,82.93846893310547,68.14458465576172,0.14215695960965
2015-03-31,170.85073852539062,48.80500793457031,45.65265655517578,31.25739288330078,94.36369323730469,113.66000366210938,15.930000305175781,14.431618690490723,53.27206039428711,31.990219116210938,83.15331268310547,68.20082092285156,0.14026058283941395
2015-04-01,170.24656677246094,48.90563201904297,45.979915618896484,31.646852493286133,95.6031723022461,115.5999984741211,16.229999542236328,14.693703651428223,53.19624710083008,32.27204513549805,83.54904174804688,68.23057556152344,0.14201108582167704
2015-04-02,170.85897827148438,48.94352722167969,46.37832260131836,32.121986389160156,94.5901870727539,115.27999877929688,16.020000457763672,14.6176176071167,53.60063171386719,32.53218078613281,83.310791015625,68.2225112915039,0.1453036130275899
2015-04-06,172.0094451904297,49.0679817199707,46.847869873046875,32.5348014831543,94.06195068359375,116.69000244140625,16.270000457763672,14.80361270904541,54.15669250488281,32.83567810058594,83.41838836669922,68.27881622314453,0.14673192475137561
2015-04-07,171.55422973632812,49.32767105102539,46.78384017944336,32.37123489379883,94.85061645507812,116.11000061035156,16.149999618530273,14.8797025680542,53.20256805419922,32.78509521484375,83.48749542236328,68.23057556152344,0.1454041104804599
2015-04-08,172.13356018066406,49.316829681396484,46.98303985595703,33.04887390136719,94.87957000732422,115.47000122070312,15.8100004196167,14.592253684997559,53.28471755981445,32.821231842041016,83.41070556640625,68.23057556152344,0.1407188855766127
2015-04-09,172.89500427246094,49.268150329589844,47.04706954956055,33.37601852416992,93.6495590209961,114.66999816894531,15.510000228881836,14.592253684997559,52.17893981933594,32.821231842041016,83.07259368896484,68.20645141601562,0.1399458579072224
2015-04-10,173.83851623535156,49.38176345825195,47.139556884765625,33.39937973022461,93.78704833984375,115.97000122070312,15.770000457763672,14.744433403015137,52.141021728515625,32.929603576660156,83.04953002929688,68.19036865234375,0.13557880191001548
2015-04-13,173.05230712890625,49.28978729248047,46.84075927734375,33.20465087890625,93.91728210449219,115.13999938964844,15.600000381469727,14.676795959472656,52.00202178955078,32.74896240234375,83.21859741210938,68.23057556152344,0.12898283719745526
2015-04-14,173.3833465576172,49.31144332885742,47.18935775756836,33.3526496887207,94.58290100097656,114.44000244140625,15.510000228881836,14.744433403015137,52.185279846191406,33.03801727294922,83.4644775390625,68.26272583007812,0.1258654707072701
2015-04-15,174.16134643554688,49.50623321533203,47.40279769897461,33.58631896972656,94.50336456298828,115.43000030517578,15.630000114440918,15.040334701538086,51.79351806640625,33.20420837402344,83.51058959960938,68.26272583007812,0.12854979903617422
2015-04-16,174.11166381835938,49.40340805053711,47.53084945678711,33.85115051269531,94.03300476074219,115.02999877929688,15.569999694824219,15.200965881347656,51.926212310791016,33.262027740478516,83.57205200195312,68.2948989868164,0.13127203737389553
2015-04-17,172.10873413085938,49.25190353393555,46.93324279785156,33.259178161621094,95.11109161376953,115.5999984741211,15.5600004196167,15.167150497436523,51.686119079589844,32.814002990722656,83.74108123779297,68.26272583007812,0.12800363551571123
2015-04-20,173.68130493164062,49.360130310058594,46.98303985595703,33.22801208496094,94.27182006835938,114.72000122070312,15.289999961853027,15.099514961242676,51.761932373046875,32.850135803222656,83.58741760253906,68.25468444824219,0.12900523617631257
2015-04-21,173.474365234375,49.39257049560547,47.40279769897461,33.42274856567383,93.84490966796875,115.37999725341797,15.319999694824219,14.989608764648438,51.85038375854492,33.10306167602539,83.41070556640625,68.26272583007812,0.1351176248124626
2015-04-22,174.32691955566406,49.34387969970703,47.495262145996094,33.781044006347656,92.41228485107422,113.83000183105469,15.109999656677246,15.040334701538086,51.95779037475586,33.10306167602539,82.92655944824219,68.20645141601562,0.13448990131695068
2015-04-23,174.76547241210938,49.32767105102539,47.67313003540039,34.03029251098633,92.81024169921875,114.66000366210938,15.210000038146973,15.22633171081543,52.096805572509766,33.2837028503418,83.1801986694336,68.23858642578125,0.13580278293529488
2015-04-24,175.17103576660156,49.40884017944336,47.95058822631836,34.15491485595703,93.38909149169922,113.05000305175781,15.0600004196167,15.217875480651855,52.204219818115234,33.42822265625,83.47217559814453,68.26272583007812,0.13281981031825363
2015-04-27,174.44273376464844,49.42504119873047,48.18536376953125,34.28732681274414,93.38909149169922,115.33000183105469,15.65999984741211,15.217875480651855,52.13471221923828,33.66669464111328,83.34156036376953,68.25468444824219,0.13168151980154258
2015-04-28,174.9972381591797,49.34931945800781,48.24227523803711,34.341854095458984,92.1011734008789,116.33000183105469,15.869999885559082,15.243239402770996,52.03362274169922,33.68115234375,82.95732879638672,68.2225112915039,0.12971105814583717
2015-04-29,174.2771759033203,49.25733184814453,47.822532653808594,33.913455963134766,90.97241973876953,115.51000213623047,15.8100004196167,15.344691276550293,50.98474884033203,33.399330139160156,82.64996337890625,68.23057556152344,0.12968406720104822
2015-04-30,172.53089904785156,49.23027420043945,47.31742477416992,33.39937973022461,91.13162994384766,113.47000122070312,15.430000305175781,15.463054656982422,50.15700149536133,33.298160552978516,82.62689208984375,68.2225112915039,0.13562072550737594
2015-05-01,174.40135192871094,49.340057373046875,47.843868255615234,33.601898193359375,89.90479278564453,113.08000183105469,15.470000267028809,15.446146965026855,50.53612518310547,33.56552505493164,82.17521667480469,68.19440460205078,0.13328557061844437
2015-05-04,174.8980255126953,49.32918930053711,47.79407501220703,33.79661560058594,89.0565185546875,114.0999984741211,15.699999809265137,15.437690734863281,50.5866813659668,33.507713317871094,82.00584411621094,68.19440460205078,0.13727072227347528
2015-05-05,172.89500427246094,49.263980865478516,47.08263397216797,33.43053436279297,88.93326568603516,114.41999816894531,15.8100004196167,15.564506530761719,49.487220764160156,33.00910568237305,81.86737823486328,68.17829132080078,0.13560694084628733
2015-05-06,172.18325805664062,49.11724853515625,47.20358657836914,33.01771926879883,87.41062927246094,114.36000061035156,15.770000457763672,15.564506530761719,49.392452239990234,33.23311996459961,81.4671859741211,68.15420532226562,0.13196637942859107
2015-05-07,172.87017822265625,49.11180114746094,47.04706954956055,32.970985412597656,88.58525085449219,113.41999816894531,15.600000381469727,15.319329261779785,50.15068435668945,33.0958137512207,81.81346130371094,68.1300277709961,0.13630357888394865
2015-05-08,175.1461944580078,49.497650146484375,48.135562896728516,33.3916015625,88.82452392578125,113.97000122070312,15.760000228881836,15.4038724899292,50.8520393371582,33.91960525512695,82.12902069091797,68.2265625,0.14005326083557734
2015-05-11,174.31028747558594,49.18788146972656,47.715816497802734,33.07224655151367,86.66387939453125,113.52999877929688,15.569999694824219,15.336236953735352,50.08749008178711,33.76786422729492,81.32098388671875,68.16223907470703,0.13907405915383333
2015-05-12,173.78892517089844,49.18244171142578,47.68737030029297,32.963199615478516,86.8886947631836,114.5,15.8100004196167,15.496870994567871,50.239139556884766,33.637786865234375,81.38255310058594,68.17028045654297,0.13847332660311035
2015-05-13,173.822021484375,49.11180114746094,48.0430793762207,33.02550506591797,86.19263458251953,116.55000305175781,16.350000381469727,15.51378059387207,49.758934020996094,33.85456848144531,81.2747573852539,68.20243072509766,0.13575396262574319
2015-05-14,175.634521484375,49.35091781616211,48.61933135986328,33.3526496887207,86.42462921142578,117.18000030517578,16.649999618530273,15.606778144836426,50.71935272216797,34.41096878051758,81.55184936523438,68.26673889160156,0.13607098354090058
2015-05-15,175.82489013671875,49.459598541259766,48.67625427246094,33.60968780517578,88.15745544433594,117.52999877929688,16.75,15.598323822021484,51.23747634887695,34.36039733886719,82.13667297363281,68.26673889160156,0.1364592149811732
2015-05-18,176.37112426757812,49.37812423706055,48.51262283325195,33.2669677734375,86.67837524414062,117.5199966430664,16.889999389648438,15.556050300598145,51.104801177978516,34.17253112792969,81.58259582519531,68.2265625,0.13388802953803858
2015-05-19,176.31321716308594,49.3020133972168,48.32764434814453,33.32149124145508,85.90988159179688,115.88999938964844,16.3799991607666,15.22633171081543,50.927860260009766,34.05690383911133,81.2209243774414,68.18631744384766,0.1332097681273975
2015-05-20,176.18902587890625,49.242252349853516,48.42013168334961,33.29811477661133,86.05485534667969,116.08000183105469,16.3700008392334,15.192514419555664,50.88364791870117,34.1580696105957,81.39791107177734,68.21049499511719,0.13439916617333228
2015-05-21,176.70220947265625,49.31289291381836,48.67625427246094,33.18128967285156,87.2584228515625,115.69000244140625,16.389999389648438,15.378510475158691,50.643550872802734,34.35318374633789,81.88276672363281,68.23458862304688,0.13516069640130599
2015-05-22,176.2801055908203,49.35091781616211,48.36322784423828,33.29033660888672,87.29469299316406,115.5999984741211,16.34000015258789,15.20942211151123,50.58034133911133,34.02800369262695,81.69807434082031,68.18631744384766,0.13803455724770858
2015-05-26,174.384765625,49.24766540527344,47.495262145996094,32.76068115234375,88.78825378417969,113.91000366210938,16.020000457763672,14.913519859313965,50.19491195678711,33.32706069946289,82.2059555053711,68.19440460205078,0.13617837770596178
2015-05-27,176.04005432128906,49.35639190673828,47.95770263671875,32.768470764160156,88.99130249023438,113.88999938964844,15.960000038146973,14.710613250732422,50.68777084350586,33.746185302734375,82.15977478027344,68.20243072509766,0.1362742919561939
2015-05-28,175.8414306640625,49.334617614746094,47.872337341308594,32.34007263183594,88.77374267578125,114.0199966430664,15.970000267028809,14.786703109741211,50.5866813659668,33.76786422729492,82.23675537109375,68.23458862304688,0.13634608085869748
2015-05-29,174.7489776611328,49.405269622802734,47.40989303588867,32.02850341796875,88.96951293945312,114.0999984741211,15.989999771118164,14.972700119018555,50.00535202026367,33.38486862182617,82.28294372558594,68.25067901611328,0.13616688902783894
2015-06-01,175.1049041748047,49.48825454711914,47.281837463378906,31.903881072998047,88.01335144042969,114.0,16.0,14.938881874084473,50.61824417114258,33.15363693237305,81.91987609863281,68.20802307128906,0.12802890009162893
2015-06-02,174.9309844970703,49.395484924316406,47.502384185791016,32.02850341796875,86.78534698486328,114.45999908447266,16.06999969482422,15.116423606872559,50.15068435668945,33.40654754638672,81.3495101928711,68.20001220703125,0.12968119284069407
2015-06-03,175.39453125,49.12798309326172,47.7656135559082,31.86494255065918,85.39028930664062,113.63999938964844,15.829999923706055,14.921974182128906,49.43035888671875,33.69559097290039,80.65577697753906,68.17586517333984,0.12972196844657166
2015-06-04,173.9130096435547,48.96964645385742,47.253379821777344,31.382028579711914,86.50199890136719,112.83999633789062,15.479999542236328,14.786703109741211,49.33557891845703,33.31260681152344,81.04891967773438,68.18392944335938,0.12883179306616233
2015-06-05,173.61512756347656,48.82229995727539,46.691349029541016,31.241825103759766,85.44844818115234,112.23999786376953,15.390000343322754,14.854338645935059,48.7858772277832,32.84291076660156,80.46308135986328,68.11953735351562,0.12919245518425768
2015-06-08,172.5474090576172,48.82229995727539,46.62733459472656,31.234027862548828,85.35395050048828,112.56999969482422,15.319999694824219,14.86279296875,48.69740295410156,32.82844924926758,80.57870483398438,68.15974426269531,0.13122379544173218
2015-06-09,172.52261352539062,48.74040603637695,46.37120819091797,31.047094345092773,84.67817687988281,112.81999969482422,15.289999961853027,15.099514961242676,48.34355926513672,32.662254333496094,80.31663513183594,68.12759399414062,0.13154483870872663
2015-06-10,174.59169006347656,48.80593490600586,47.34587097167969,31.498859405517578,83.93711853027344,113.77999877929688,15.319999694824219,15.15869426727295,48.68476867675781,33.47881317138672,80.00831604003906,68.11150360107422,0.13140412650077987
2015-06-11,175.1544952392578,48.9041862487793,47.473934173583984,31.343074798583984,85.70272064208984,113.26000213623047,15.329999923706055,15.023426055908203,48.98174285888672,33.55106735229492,80.64036560058594,68.12759399414062,0.13192215984826478
2015-06-12,173.81370544433594,48.724002838134766,47.09687423706055,31.343074798583984,85.70272064208984,113.2300033569336,15.25,14.871248245239258,48.9375,33.225887298583984,80.59408569335938,68.11150360107422,0.13208123991993803
2015-06-15,173.06887817382812,48.4947509765625,46.81230163574219,30.99257469177246,85.84076690673828,113.7300033569336,15.399999618530273,14.80361270904541,48.67213821411133,32.864585876464844,80.78677368164062,68.14370727539062,0.1360101049391315
2015-06-16,174.01229858398438,48.76771545410156,46.79807662963867,31.000362396240234,86.51648712158203,113.31999969482422,15.319999694824219,14.845885276794434,49.06388473510742,32.88625717163086,81.09510803222656,68.16783142089844,0.1440918160027978
2015-06-17,174.2937774658203,48.724002838134766,46.691349029541016,31.18729591369629,85.8480224609375,113.8499984741211,15.449999809265137,14.888157844543457,49.480918884277344,32.84291076660156,81.14134979248047,68.21605682373047,0.14316659621063169
2015-06-18,176.1062774658203,48.9041862487793,47.11109924316406,31.475482940673828,85.42662048339844,115.31999969482422,15.460000038146973,14.888157844543457,50.163326263427734,33.262027740478516,81.07974243164062,68.232177734375,0.1430075161389584
2015-06-19,175.32452392578125,48.931495666503906,46.99726867675781,31.2028751373291,86.52378845214844,115.12000274658203,15.420000076293945,14.752885818481445,49.777854919433594,33.13195037841797,81.51136779785156,68.24823760986328,0.14047997189876174
2015-06-22,176.22268676757812,49.029693603515625,47.886558532714844,31.654638290405273,84.75813293457031,113.63999938964844,15.489999771118164,14.80361270904541,49.26608657836914,33.905155181884766,80.8253402709961,68.20001220703125,0.14184913138964964
2015-06-23,176.3474578857422,48.99695587158203,48.01461410522461,31.966209411621094,84.24950408935547,112.88999938964844,15.140000343322754,14.98115348815918,48.855377197265625,33.85456848144531,80.57870483398438,68.18392944335938,0.14030193682267988
2015-06-24,175.06668090820312,48.86594772338867,47.60199737548828,31.740314483642578,84.97615051269531,112.58999633789062,15.1899995803833,14.8797025680542,48.59000015258789,33.58787155151367,80.81765747070312,68.21605682373047,0.13813046273464694
2015-06-25,174.5344696044922,48.71855926513672,47.58100891113281,31.631244659423828,84.67817687988281,112.44000244140625,15.170000076293945,14.896610260009766,48.097145080566406,33.58787155151367,80.61724853515625,68.20001220703125,0.13944218759821445
2015-06-26,174.50115966796875,48.57664489746094,47.559303283691406,31.33306312561035,83.72634887695312,112.55999755859375,15.109999656677246,14.96424674987793,48.44306182861328,33.58787155151367,80.23181915283203,68.15974426269531,0.13989876396654194
2015-06-29,170.84181213378906,48.2436637878418,46.09794616699219,30.634674072265625,85.94246673583984,113.06999969482422,15.029999732971191,14.896610260009766,47.6899299621582,32.46065902709961,81.16451263427734,68.27237701416016,0.1476347368013907
2015-06-30,171.19947814941406,48.47292709350586,45.931556701660156,31.089797973632812,85.3467025756836,112.37000274658203,15.029999732971191,15.217875480651855,47.67079544067383,32.21753692626953,80.94099426269531,68.27237701416016,0.1510851960874939
2015-07-01,172.5716552734375,48.48115921020508,46.228172302246094,31.066265106201172,84.19465637207031,111.9800033569336,14.899999618530273,15.031881332397461,48.455841064453125,32.39435577392578,80.5179214477539,68.21446990966797,0.1485289432969308
2015-07-02,172.41368103027344,48.66209030151367,46.28602981567383,31.215356826782227,84.47142028808594,111.76000213623047,14.949999809265137,15.006518363952637,48.57710266113281,32.386985778808594,80.80352783203125,68.31904602050781,0.1466859788021781
2015-07-06,171.92295837402344,48.503082275390625,45.35279846191406,30.344341278076172,86.03699493408203,112.05999755859375,14.989999771118164,14.51616382598877,48.88344955444336,31.591310501098633,81.37483215332031,68.33516693115234,0.1545069468232307
2015-07-07,173.00418090820312,48.54142379760742,45.36725997924805,29.88920783996582,86.8453369140625,110.76000213623047,14.430000305175781,14.431618690490723,49.649356842041016,31.561843872070312,81.59098052978516,68.32714080810547,0.15288566737079157
2015-07-08,170.10157775878906,48.30018615722656,44.31102752685547,28.861249923706055,87.59536743164062,111.08999633789062,14.460000038146973,14.363985061645508,49.4578857421875,31.09769630432129,81.91519927978516,68.39958190917969,0.1555148658186349
2015-07-09,170.4093017578125,48.40987777709961,45.04171371459961,29.418397903442383,85.86949920654297,111.36000061035156,14.760000228881836,14.533071517944336,49.221744537353516,31.642881393432617,81.34397888183594,68.35125732421875,0.15462065932309477
2015-07-10,172.55506896972656,48.68949508666992,46.51753616333008,30.163854598999023,84.50784301757812,111.48999786376953,14.880000114440918,14.600707054138184,49.630191802978516,32.96900939941406,80.78038024902344,68.286865234375,0.16361782786967563
2015-07-13,174.45960998535156,48.7333869934082,46.69116973876953,30.367876052856445,84.24565887451172,110.98999786376953,14.8100004196167,14.609163284301758,49.70042037963867,32.991111755371094,80.56422424316406,68.25466918945312,0.16772988078168338
2015-07-14,175.2163848876953,48.68403625488281,47.081825256347656,30.422801971435547,84.52238464355469,110.73999786376953,14.6899995803833,14.558433532714844,49.80254364013672,33.27107238769531,80.81898498535156,68.286865234375,0.16509379438494262
2015-07-15,175.15818786621094,48.68403625488281,46.90819549560547,30.07753562927246,85.41804504394531,110.16000366210938,14.430000305175781,14.389348983764648,49.88551330566406,33.116363525390625,81.12779235839844,68.31103515625,0.16415480745827538
2015-07-16,176.563720703125,48.76080322265625,47.313331604003906,30.45419692993164,86.00794219970703,109.76000213623047,14.350000381469727,14.3217134475708,50.28760528564453,33.418426513671875,81.09691619873047,68.2787857055664,0.15970962669717448
2015-07-17,176.71336364746094,48.62921905517578,47.23375701904297,30.414960861206055,86.4520492553711,108.6500015258789,14.229999542236328,14.245624542236328,50.10891342163086,33.3005485534668,81.10464477539062,68.26275634765625,0.16050389659064543
2015-07-20,176.8048858642578,48.404380798339844,47.35673141479492,30.218782424926758,86.08797454833984,105.69999694824219,14.050000190734863,14.017355918884277,50.16633224487305,33.403690338134766,80.94247436523438,68.22252655029297,0.16022191132395108
2015-07-21,176.1062469482422,48.31669235229492,47.21928787231445,30.22662353515625,86.55406188964844,105.37000274658203,14.140000343322754,14.07653522491455,50.025909423828125,33.278438568115234,81.1663818359375,68.23057556152344,0.15841399124095518
2015-07-22,175.79026794433594,48.004150390625,46.8575553894043,29.795045852661133,87.09294891357422,104.80000305175781,14.140000343322754,13.873631477355957,50.24292755126953,33.03531265258789,81.2667465209961,68.22252655029297,0.15921169634558108
2015-07-23,174.800537109375,47.976715087890625,46.73457717895508,29.50470733642578,88.17792510986328,104.33000183105469,14.0,13.755270004272461,49.61743927001953,32.939537048339844,81.5987319946289,68.23057556152344,0.15853804442745917
2015-07-24,172.9875030517578,47.83963394165039,46.22093200683594,29.080968856811523,88.39640045166016,105.3499984741211,14.020000457763672,13.645362854003906,49.82806396484375,32.549068450927734,81.67591857910156,68.2467041015625,0.1655612985805921
2015-07-27,171.98118591308594,47.63676834106445,45.88090896606445,28.53168296813965,88.86972045898438,104.86000061035156,13.920000076293945,13.383277893066406,49.917423248291016,32.29121398925781,81.94607543945312,68.29496002197266,0.1686315536035093
2015-07-28,174.09364318847656,47.894447326660156,46.45966720581055,28.822023391723633,88.22166442871094,105.0199966430664,14.020000457763672,13.493184089660645,49.949337005615234,32.72588348388672,81.71451568603516,68.2787857055664,0.16909273070106215
2015-07-29,175.29122924804688,48.174110412597656,46.62605667114258,29.104503631591797,87.89396667480469,105.16999816894531,14.149999618530273,13.535455703735352,50.27483367919922,32.799560546875,81.5987319946289,68.26275634765625,0.16631478410489173
2015-07-30,175.33279418945312,48.31669235229492,46.58988952636719,28.814172744750977,88.5711441040039,104.2699966430664,14.09000015258789,13.484728813171387,50.025909423828125,32.79219055175781,81.69131469726562,68.23057556152344,0.16524196415588138
2015-07-31,175.06668090820312,48.234405517578125,46.86478805541992,29.1280460357666,89.22652435302734,104.93000030517578,14.079999923706055,13.298733711242676,50.42164611816406,32.998470306396484,82.16996002197266,68.30294799804688,0.16347768527582343
2015-08-03,174.47618103027344,48.144100189208984,46.74180221557617,28.641544342041016,90.16577911376953,104.0999984741211,13.869999885559082,13.078920364379883,50.7343635559082,33.00584411621094,82.42047882080078,68.32555389404297,0.16151181558604963
2015-08-04,174.13522338867188,48.1716194152832,46.777984619140625,28.743547439575195,89.45059204101562,104.30999755859375,13.920000076293945,13.155009269714355,50.36420440673828,32.917442321777344,81.99519348144531,68.22084045410156,0.16380389012284408
2015-08-05,174.70907592773438,48.10551071166992,47.02395248413086,28.75139808654785,88.77918243408203,103.93000030517578,13.949999809265137,13.104283332824707,50.03230285644531,33.138458251953125,81.6781997680664,68.22892761230469,0.16188798873410487
2015-08-06,173.27859497070312,47.907257080078125,46.82862854003906,28.50029182434082,89.56731414794922,104.38999938964844,13.989999771118164,13.095829010009766,50.10250473022461,33.10162353515625,81.96430969238281,68.24503326416016,0.15998989435829133
2015-08-07,172.94590759277344,47.75852966308594,46.74180221557617,28.484600067138672,90.74235534667969,104.6500015258789,14.109999656677246,13.045103073120117,50.28760528564453,32.96900939941406,82.28900909423828,68.21279907226562,0.16056879754425157
2015-08-10,175.12490844726562,47.896236419677734,47.313331604003906,28.963266372680664,89.61843872070312,105.72000122070312,14.539999961853027,13.3240966796875,50.12803268432617,33.359474182128906,81.94884490966797,68.21279907226562,0.1518880890620273
2015-08-11,173.5447540283203,47.675933837890625,46.58988952636719,28.327661514282227,91.04151153564453,106.26000213623047,14.640000343322754,13.146553993225098,50.459922790527344,32.902706146240234,82.49010467529297,68.3014144897461,0.15528570568674177
2015-08-12,173.75267028808594,47.609859466552734,46.25709915161133,27.88822364807129,90.5452651977539,107.75,14.819999694824219,13.104283332824707,50.61948776245117,32.71115493774414,82.45912170410156,68.3014144897461,0.1529827296125066
2015-08-13,173.53640747070312,47.54924011230469,46.228172302246094,27.841144561767578,90.25337219238281,106.86000061035156,14.710000038146973,13.045103073120117,50.67693328857422,32.61537170410156,82.24264526367188,68.24503326416016,0.15166409927345412
2015-08-14,174.16842651367188,47.57679748535156,46.30051040649414,27.88037872314453,90.46499633789062,106.8499984741211,14.550000190734863,12.960556983947754,50.951377868652344,32.66694641113281,82.15760040283203,68.21279907226562,0.1525830007308174
2015-08-17,175.14157104492188,47.57679748535156,46.213706970214844,27.574350357055664,90.87374877929688,107.12999725341797,14.630000114440918,12.909832000732422,51.38539505004883,32.549068450927734,82.30447387695312,68.25308990478516,0.14815851886958387
2015-08-18,174.6342315673828,47.51619338989258,45.866432189941406,27.276161193847656,90.15850830078125,107.11000061035156,14.220000267028809,12.842196464538574,51.52580261230469,32.36488342285156,82.17306518554688,68.24503326416016,0.12122503499784376
2015-08-19,173.25363159179688,47.472171783447266,45.461307525634766,26.938737869262695,91.04884338378906,108.55000305175781,14.569999694824219,12.698473930358887,51.219444274902344,32.055450439453125,82.67561340332031,68.30937194824219,0.13018716789596158
2015-08-20,169.63583374023438,47.24079895019531,44.361663818359375,26.515003204345703,91.96836853027344,110.44000244140625,14.779999732971191,12.732290267944336,50.842891693115234,31.362926483154297,82.89979553222656,68.28524780273438,0.13516414913904848
2015-08-21,164.5294189453125,47.07006072998047,43.348846435546875,25.698915481567383,92.24567413330078,111.12999725341797,14.609999656677246,12.5209321975708,49.898284912109375,30.685121536254883,83.2323226928711,68.35774993896484,0.13356698627104413
2015-08-24,157.60162353515625,46.684505462646484,41.8513298034668,24.576791763305664,92.21650695800781,110.52999877929688,14.130000114440918,12.208117485046387,47.56229782104492,29.859968185424805,83.37150573730469,68.3899917602539,0.12088963745566611
2015-08-25,155.74697875976562,46.77813720703125,42.24922180175781,24.89067268371582,90.73502349853516,109.16000366210938,13.989999771118164,12.258845329284668,46.253883361816406,30.04416275024414,82.91529083251953,68.35774993896484,0.12727253144368142
2015-08-26,161.7266845703125,47.16917419433594,43.24756622314453,25.7146053314209,88.9835205078125,107.66999816894531,13.5600004196167,12.182755470275879,47.504844665527344,30.545148849487305,82.40502166748047,68.31745910644531,0.12969727348474852
2015-08-27,165.72708129882812,47.52171325683594,43.77568817138672,26.85242462158203,89.03461456298828,107.7300033569336,13.800000190734863,12.622383117675781,48.4239387512207,30.876678466796875,82.35858154296875,68.32555389404297,0.1290873570021623
2015-08-28,165.73532104492188,47.565738677978516,43.710575103759766,26.507160186767578,89.29736328125,108.69999694824219,13.920000076293945,12.952102661132812,48.35371017456055,30.803010940551758,82.37410736083984,68.2933349609375,0.13289331682633468
2015-08-31,164.3962860107422,47.49964141845703,43.3850212097168,26.554237365722656,88.61132049560547,108.81999969482422,13.989999771118164,13.264915466308594,47.24953842163086,30.66301918029785,82.23493194580078,68.26914978027344,0.13212374189468687
2015-09-01,159.489501953125,47.34641647338867,41.93089294433594,25.52627944946289,89.24981689453125,109.19999694824219,13.9399995803833,12.825287818908691,46.349609375,29.786306381225586,82.60427856445312,68.29337310791016,0.13101245108605852
2015-09-02,162.5167999267578,47.54003143310547,42.55307388305664,25.895092010498047,88.48188018798828,108.62000274658203,14.020000457763672,12.935194969177246,46.82829284667969,30.20624351501465,82.3797378540039,68.30941009521484,0.13168037181005968
2015-09-03,162.63320922851562,47.60643005371094,42.65435028076172,25.99710464477539,88.91341400146484,107.83999633789062,14.020000457763672,13.019739151000977,46.95595932006836,30.25046157836914,82.5810546875,68.30941009521484,0.13047374512858753
2015-09-04,160.1715087890625,47.55665969848633,41.67769241333008,25.220251083374023,89.72523498535156,107.48999786376953,13.920000076293945,12.859106063842773,46.081546783447266,29.609487533569336,82.83653259277344,68.31747436523438,0.13226272773376238
2015-09-08,164.19676208496094,47.81669616699219,42.90031051635742,26.020639419555664,88.40140533447266,107.5199966430664,14.119999885559082,12.952102661132812,46.77723693847656,30.47146987915039,82.47269439697266,68.29337310791016,0.1399062302928277
2015-09-09,162.0011749267578,47.75583267211914,42.72669219970703,25.887252807617188,88.82559204101562,106.12999725341797,13.930000305175781,12.783016204833984,46.2411003112793,30.309383392333984,82.50366973876953,68.27729797363281,0.13678255423113347
2015-09-10,162.88270568847656,47.87201690673828,43.00883483886719,26.1540470123291,88.2258529663086,106.37999725341797,13.989999771118164,12.892923355102539,46.34323501586914,30.59671401977539,82.31775665283203,68.30143737792969,0.13696001969312074
2015-09-11,163.62289428710938,47.85542678833008,43.00159454345703,26.256052017211914,88.78174591064453,106.16000366210938,13.949999809265137,12.876014709472656,47.23039627075195,30.567251205444336,82.53461456298828,68.32556915283203,0.13789614102272763
2015-09-14,163.0157928466797,47.77242660522461,42.676048278808594,26.216819763183594,88.92069244384766,106.22000122070312,13.789999961853027,12.715381622314453,47.255924224853516,30.243080139160156,82.61202239990234,68.30941009521484,0.13246143541983033
2015-09-15,165.05337524414062,47.7613525390625,42.96542739868164,26.467924118041992,87.21661376953125,105.9000015258789,13.770000457763672,12.75765323638916,47.721832275390625,30.44936180114746,81.96155548095703,68.21277618408203,0.13226617170821112
2015-09-16,166.48385620117188,47.589839935302734,43.62376403808594,27.111379623413086,86.88746643066406,107.30999755859375,14.220000267028809,12.969012260437012,48.232452392578125,30.95034408569336,81.93830871582031,68.20472717285156,0.13156953367054977
2015-09-17,166.109619140625,47.62858963012695,43.645469665527344,27.04859733581543,87.94792938232422,108.41000366210938,14.420000076293945,12.884468078613281,48.781333923339844,31.038755416870117,82.61984252929688,68.35780334472656,0.13198246007264552
2015-09-18,163.39515686035156,47.49577331542969,42.55307388305664,26.54639434814453,89.301025390625,109.20999908447266,14.470000267028809,12.690018653869629,48.69837188720703,30.243080139160156,83.00698852539062,68.39004516601562,0.13380015999148054
2015-09-21,164.239501953125,47.40727996826172,42.53135299682617,26.49930763244629,87.84558868408203,108.52999877929688,14.489999771118164,12.83374309539795,49.11323165893555,30.176774978637695,82.53461456298828,68.3497085571289,0.13041746725604383
2015-09-22,162.10769653320312,47.06428527832031,41.51852798461914,26.00494956970215,89.0669937133789,107.79000091552734,14.140000343322754,12.75765323638916,48.4941291809082,29.26322364807129,82.94502258300781,68.39004516601562,0.13244650276725878
2015-09-23,161.84854125976562,46.98126220703125,41.32320022583008,25.58905601501465,89.05962371826172,108.22000122070312,14.119999885559082,12.656201362609863,48.79838180541992,29.152711868286133,82.85212707519531,68.36583709716797,0.13225411341599372
2015-09-24,161.2633514404297,46.74892044067383,41.20744705200195,25.479198455810547,89.66670989990234,110.48999786376953,14.430000305175781,12.732290267944336,48.3406982421875,29.034835815429688,82.97599029541016,68.4061050415039,0.13469264011814944
2015-09-25,161.2215118408203,46.51104736328125,41.569183349609375,25.424272537231445,88.89146423339844,109.80999755859375,14.399999618530273,12.808379173278809,48.53409957885742,29.226383209228516,82.75916290283203,68.37390899658203,0.13504583590995903
2015-09-28,157.17526245117188,45.79734802246094,40.751678466796875,24.88282585144043,90.41270446777344,108.41999816894531,13.9399995803833,12.630837440490723,47.779884338378906,28.681201934814453,83.2315444946289,68.42227935791016,0.13734193279859053
2015-09-29,157.26724243164062,45.79180908203125,40.69380569458008,25.000530242919922,90.66868591308594,107.9800033569336,13.970000267028809,12.715381622314453,48.28914260864258,28.80644416809082,83.51806640625,68.45448303222656,0.13593199770182504
2015-09-30,160.20164489746094,46.0794792175293,41.4678840637207,25.722455978393555,90.3542251586914,106.86000061035156,13.869999885559082,12.808379173278809,48.69524383544922,29.32216453552246,83.5335922241211,68.47058868408203,0.13557190519782428
2015-10-01,160.61964416503906,45.78377151489258,41.59811782836914,25.86370277404785,90.73970031738281,106.7300033569336,13.899999618530273,12.723836898803711,48.93379211425781,29.329526901245117,83.59872436523438,68.47057342529297,0.1364270536930643
2015-10-02,163.01889038085938,45.828224182128906,42.30708694458008,26.554237365722656,91.28934478759766,108.98999786376953,14.550000190734863,12.808379173278809,49.28831481933594,29.911550521850586,84.00202178955078,68.56732940673828,0.13628003191360843
2015-10-05,165.9198455810547,46.37856674194336,43.14628601074219,27.1270751953125,90.0507583618164,108.7699966430664,14.890000343322754,12.977466583251953,50.119876861572266,30.478843688964844,83.53668212890625,68.5189208984375,0.1380546514803063
2015-10-06,165.3513946533203,46.634300231933594,43.19693374633789,27.079992294311523,90.43923950195312,109.86000061035156,15.069999694824219,13.231099128723145,50.00384521484375,30.61881446838379,83.70731353759766,68.51085662841797,0.1413167437669815
2015-10-07,166.70570373535156,47.11234664916992,43.7395133972168,27.80190658569336,90.13873291015625,109.69999694824219,15.289999961853027,13.205735206604004,50.577571868896484,30.913522720336914,83.4979019165039,68.4947509765625,0.13953981945402405
2015-10-08,168.21047973632812,47.30692672729492,44.086753845214844,28.100095748901367,89.38386535644531,109.13999938964844,14.989999771118164,13.264915466308594,51.003021240234375,31.186107635498047,83.28072357177734,68.4786148071289,0.1391579063485543
2015-10-09,168.310791015625,47.3124885559082,44.16634750366211,28.202104568481445,89.61835479736328,110.87000274658203,15.119999885559082,13.3240966796875,50.91923522949219,31.215566635131836,83.3272705078125,68.4786148071289,0.1400923100725837
2015-10-12,168.46961975097656,47.22351837158203,44.07952880859375,27.990236282348633,90.29995727539062,111.30999755859375,15.130000114440918,13.112737655639648,51.28022003173828,31.10506820678711,83.60649871826172,68.4625015258789,0.1408831359916059
2015-10-13,167.40789794921875,47.11234664916992,43.522483825683594,27.535110473632812,90.45387268066406,111.86000061035156,15.15999984741211,13.028194427490234,50.880550384521484,30.77353286743164,83.68407440185547,68.4867172241211,0.1432952413630673
2015-10-14,166.60537719726562,47.079002380371094,43.60929489135742,27.746978759765625,91.24536895751953,113.80999755859375,15.420000076293945,13.062010765075684,50.500205993652344,30.93561553955078,84.14163208007812,68.58344268798828,0.1447201091124043
2015-10-15,169.1634979248047,47.19017028808594,44.35443878173828,28.421825408935547,90.79833984375,113.29000091552734,15.390000343322754,13.028194427490234,51.18996810913086,31.326082229614258,83.8546371459961,68.54310607910156,0.1460588336840545
2015-10-16,169.9326171875,47.4069938659668,44.318267822265625,28.445363998413086,90.82763671875,112.48999786376953,15.279999732971191,13.03664779663086,51.57675552368164,31.26715087890625,83.78488159179688,68.51085662841797,0.1509686092272757
2015-10-19,170.0161590576172,47.53484344482422,44.16634750366211,28.155019760131836,90.57845306396484,112.0199966430664,15.109999656677246,12.799924850463867,52.29871368408203,31.149272918701172,83.74606323242188,68.53508758544922,0.15129483160088386
2015-10-20,169.79885864257812,47.57931137084961,43.98548126220703,28.147178649902344,90.0214614868164,112.7300033569336,15.1899995803833,12.825287818908691,52.279396057128906,31.053489685058594,83.4591293334961,68.4947509765625,0.154755631573627
2015-10-21,168.74551391601562,47.529296875,43.963783264160156,27.739133834838867,90.9156265258789,111.7300033569336,14.989999771118164,12.715381622314453,52.08598709106445,30.913522720336914,83.74606323242188,68.5189208984375,0.15292299900222042
2015-10-22,171.5962371826172,47.54594802856445,44.455718994140625,28.311965942382812,91.06946563720703,111.69000244140625,15.109999656677246,12.75765323638916,52.543697357177734,31.230308532714844,83.83136749267578,68.54310607910156,0.15737448933483042
2015-10-23,173.4772491455078,47.71273422241211,44.89701843261719,28.47675323486328,90.29264831542969,111.5,15.119999885559082,12.681563377380371,52.034423828125,31.4881649017334,83.35829162597656,68.4867172241211,0.15879475635494203
2015-10-26,173.0509033203125,47.662689208984375,44.73063278198242,28.217803955078125,90.89359283447266,111.43000030517578,15.109999656677246,12.647747039794922,52.021541595458984,31.333446502685547,83.57543182373047,68.4867172241211,0.16385098406352452
2015-10-27,172.7164764404297,47.507057189941406,44.33997344970703,27.89607048034668,91.12078857421875,111.68000030517578,15.130000114440918,12.588565826416016,52.002197265625,31.038755416870117,83.78488159179688,68.51085662841797,0.16872574148487018
2015-10-28,174.68101501464844,47.63490295410156,44.62935256958008,27.574350357055664,90.75438690185547,110.77999877929688,15.260000228881836,12.799924850463867,52.04731750488281,31.26715087890625,83.35052490234375,68.4222412109375,0.17494554181266894
2015-10-29,174.58074951171875,47.51259231567383,44.30380630493164,27.31540298461914,89.31058502197266,109.72000122070312,14.880000114440918,12.723836898803711,51.976402282714844,31.134532928466797,82.83866882324219,68.3738784790039,0.1802504542716477
2015-10-30,173.82833862304688,47.56819534301758,44.209754943847656,27.362478256225586,89.98481750488281,109.30000305175781,14.800000190734863,12.850650787353516,51.4993782043457,31.1124267578125,83.00153350830078,68.3738784790039,0.18838270325044318
2015-11-02,175.8848876953125,47.715599060058594,44.62935256958008,27.90392303466797,89.57129669189453,108.58999633789062,14.720000267028809,12.783016204833984,52.595252990722656,31.466062545776367,82.7630844116211,68.33435821533203,0.20743489258686865
2015-11-03,176.39480590820312,47.765892028808594,44.6148796081543,28.272729873657227,88.8367919921875,106.9800033569336,14.579999923706055,13.011285781860352,52.066673278808594,31.39975929260254,82.54557037353516,68.3262710571289,0.23168690496347125
2015-11-04,175.85977172851562,47.62627410888672,44.3689079284668,28.045167922973633,88.93962097167969,105.97000122070312,14.380000114440918,12.791470527648926,51.8345947265625,31.186107635498047,82.46014404296875,68.25370025634766,0.236365241918421
2015-11-05,175.68423461914062,47.44197463989258,44.289329528808594,28.09225082397461,88.70462799072266,105.63999938964844,14.300000190734863,12.690018653869629,52.04086685180664,31.090322494506836,82.40575408935547,68.25370025634766,0.22188743934633284
2015-11-06,175.59225463867188,47.213016510009766,44.086753845214844,27.699901580810547,87.40455627441406,104.0999984741211,14.079999923706055,12.613929748535156,50.422847747802734,30.920886993408203,81.84651947021484,68.18916320800781,0.21506232326517327
2015-11-09,173.95367431640625,47.01755142211914,43.63100051879883,27.009361267089844,86.91242218017578,104.4000015258789,13.890000343322754,12.504023551940918,49.55905532836914,30.59671401977539,81.70667266845703,68.1730728149414,0.21838585500441837
2015-11-10,174.3550567626953,46.911434173583984,43.602054595947266,26.891658782958984,87.16951751708984,104.18000030517578,13.760000228881836,12.478659629821777,50.12630844116211,30.4641056060791,81.86201477050781,68.20531463623047,0.19343893095902567
2015-11-11,173.6694793701172,46.79977035522461,43.826324462890625,26.94658660888672,86.98590850830078,103.83000183105469,13.640000343322754,12.351842880249023,50.1843376159668,30.61881446838379,81.82317352294922,68.18916320800781,0.17865904012435166
2015-11-12,171.24508666992188,46.486995697021484,43.254798889160156,26.687631607055664,87.40455627441406,103.8499984741211,13.640000343322754,12.174301147460938,49.84270095825195,30.147308349609375,81.86981201171875,68.21337890625,0.1942044923021302
2015-11-13,169.32229614257812,46.352943420410156,42.89308547973633,26.31882667541504,87.90401458740234,103.55999755859375,13.59000015258789,12.081303596496582,49.275413513183594,29.889453887939453,82.18050384521484,68.26984405517578,0.19340102095020847
2015-11-16,171.89718627929688,46.57078552246094,43.43566131591797,26.828882217407227,87.82322692871094,103.70999908447266,13.600000381469727,12.140483856201172,49.84270095825195,30.26519012451172,82.28924560546875,68.26984405517578,0.18995401440184773
2015-11-17,171.77178955078125,46.60426712036133,43.551414489746094,26.750410079956055,87.97010040283203,102.33999633789062,13.550000190734863,11.954487800598145,49.84270095825195,30.360963821411133,82.26595306396484,68.24565124511719,0.19244824059915883
2015-11-18,174.49713134765625,46.693580627441406,43.949310302734375,27.04075050354004,88.15373229980469,102.43000030517578,13.520000457763672,12.005212783813477,50.281044006347656,30.67038917541504,82.22710418701172,68.2214126586914,0.19215878900617872
2015-11-19,174.34664916992188,46.27477264404297,44.17357635498047,27.28400993347168,88.74132537841797,103.55999755859375,13.619999885559082,12.005212783813477,50.435752868652344,30.84720802307129,82.40575408935547,68.20531463623047,0.18731102252962198
2015-11-20,174.9819793701172,46.26359939575195,44.07229995727539,27.55864906311035,88.4695816040039,103.08999633789062,13.5,11.988304138183594,51.067481994628906,30.61881446838379,82.29700469970703,68.20531463623047,0.18494084951881487
2015-11-23,174.7813720703125,46.22452163696289,43.79738235473633,27.29969596862793,88.74132537841797,102.26000213623047,13.449999809265137,12.081303596496582,51.177085876464844,30.40515899658203,82.40575408935547,68.19727325439453,0.18552893663663836
2015-11-24,175.01544189453125,46.28596115112305,43.80461502075195,27.44095230102539,88.73401641845703,102.94000244140625,13.510000228881836,12.275754928588867,50.90633010864258,30.353599548339844,82.4834213256836,68.19727325439453,0.18380600297655256
2015-11-25,174.9904022216797,46.33619689941406,43.90590286254883,27.229076385498047,88.93962097167969,102.45999908447266,13.520000457763672,12.258845329284668,51.112613677978516,30.530410766601562,82.5300521850586,68.20531463623047,0.18849238463517642
2015-11-27,175.19097900390625,46.4088020324707,43.913143157958984,26.63270378112793,88.85149383544922,101.25,13.460000038146973,12.07284927368164,51.557411193847656,30.67776107788086,82.61544036865234,68.2214126586914,0.20562753335467354
2015-11-30,174.46365356445312,46.38090515136719,43.87697219848633,26.67194175720215,89.20403289794922,101.91999816894531,13.4399995803833,11.996758460998535,51.177085876464844,30.67776107788086,82.64657592773438,68.19727325439453,0.21669969212496062
2015-12-01,176.1273193359375,46.71088409423828,44.33997344970703,26.875965118408203,90.40895080566406,102.27999877929688,13.510000228881836,12.13202953338623,51.886165618896484,30.89141273498535,83.08612823486328,68.2384033203125,0.20818092931147
2015-12-02,174.32992553710938,46.61543273925781,43.86973571777344,26.554237365722656,90.43843841552734,100.69000244140625,13.369999885559082,11.878398895263672,50.82897186279297,30.537778854370117,82.85272216796875,68.18194580078125,0.2062851309186223
2015-12-03,171.88882446289062,46.49201202392578,43.65993118286133,26.4051456451416,87.98001861572266,101.76000213623047,13.460000038146973,12.013668060302734,50.02962112426758,30.383068084716797,81.98139190673828,68.18194580078125,0.20735276299772515
2015-12-04,175.2412109375,46.38538360595703,44.0144157409668,26.585630416870117,88.75287628173828,104.0199966430664,13.869999885559082,11.996758460998535,50.98369598388672,30.685121536254883,82.28478240966797,68.19808197021484,0.20858007981577087
2015-12-07,174.17942810058594,46.059906005859375,43.732276916503906,26.14619255065918,89.61402130126953,102.66999816894531,13.619999885559082,11.650129318237305,50.84187316894531,30.478843688964844,82.54937744140625,68.1899642944336,0.22716076889459105
2015-12-08,173.009033203125,45.48751449584961,43.08840560913086,25.855852127075195,89.65817260742188,102.83999633789062,13.510000228881836,11.590950012207031,50.79676055908203,29.999961853027344,82.59599304199219,68.18194580078125,0.2386624867985354
2015-12-09,171.66311645507812,45.723201751708984,42.89308547973633,25.643985748291016,89.56250762939453,102.63999938964844,13.489999771118164,11.599404335021973,50.51310348510742,29.93366241455078,82.72045135498047,68.20613861083984,0.2398111092385926
2015-12-10,172.10617065429688,45.53242111206055,42.90031051635742,25.47134780883789,89.6802749633789,102.55000305175781,13.449999809265137,11.557132720947266,50.15210723876953,29.837871551513672,82.54151916503906,68.16575622558594,0.23861425362966582
2015-12-11,168.77056884765625,44.62333297729492,42.08281707763672,24.757274627685547,91.09349822998047,103.11000061035156,13.300000190734863,11.438769340515137,50.061866760253906,29.329526901245117,83.20283508300781,68.2464599609375,0.25955305742707574
2015-12-14,169.62330627441406,44.23613739013672,42.14793014526367,25.157472610473633,89.91580963134766,101.79000091552734,13.0600004196167,11.36268138885498,50.29393005371094,29.28532600402832,82.58818817138672,68.16575622558594,0.25509871026069914
2015-12-15,171.40391540527344,44.96002960205078,42.35772705078125,25.541975021362305,89.38585662841797,101.5199966430664,13.109999656677246,11.337318420410156,50.84187316894531,29.550546646118164,82.3781509399414,68.1577377319336,0.2672390794874774
2015-12-16,173.9119415283203,45.302337646484375,43.21139144897461,26.0441837310791,89.19449615478516,102.75,13.489999771118164,11.286592483520508,51.8345947265625,30.095735549926758,82.16032409667969,68.10123443603516,0.26127369510419574
2015-12-17,171.26185607910156,44.79728698730469,42.661582946777344,25.706764221191406,90.20288848876953,100.5,13.079999923706055,11.168231010437012,51.57675552368164,29.66843032836914,82.50261688232422,68.10123443603516,0.26193071429075615
2015-12-18,168.21080017089844,44.62894821166992,42.213043212890625,25.620447158813477,90.70341491699219,102.04000091552734,13.430000305175781,11.21895694732666,50.97724151611328,29.300064086914062,82.79823303222656,68.1899642944336,0.26625986904243965
2015-12-21,169.5983428955078,44.4886589050293,42.40863800048828,25.820478439331055,90.6812973022461,103.1500015258789,13.59000015258789,11.168231010437012,51.177085876464844,29.439363479614258,82.83712005615234,68.18194580078125,0.2519153035887187
2015-12-22,171.1373748779297,45.02735900878906,42.729740142822266,26.02767562866211,90.02619171142578,102.61000061035156,13.59000015258789,11.117504119873047,51.38335418701172,29.654247283935547,82.6037368774414,68.16575622558594,0.25072819276245595
2015-12-23,173.2566375732422,45.31355667114258,43.444942474365234,26.394258499145508,89.34904479980469,102.30999755859375,13.619999885559082,11.320409774780273,51.91147994995117,30.232221603393555,82.41705322265625,68.14159393310547,0.2540758586127234
2015-12-24,172.97068786621094,45.406063079833984,43.37196731567383,26.298629760742188,89.86094665527344,103.05000305175781,13.6899995803833,11.320409774780273,51.91147994995117,30.27667808532715,82.56820678710938,68.16825103759766,0.26130298203195046
2015-12-28,172.57540893554688,45.13531494140625,43.2697868347168,26.115337371826172,90.12652587890625,102.2699966430664,13.289999961853027,11.15977668762207,52.19908905029297,30.15070915222168,82.5837631225586,68.12789916992188,0.2425195629152253
2015-12-29,174.4170684814453,45.394779205322266,43.700374603271484,26.139244079589844,88.6291732788086,102.19999694824219,13.270000457763672,11.345771789550781,52.754661560058594,30.417465209960938,82.14749145507812,68.1117935180664,0.24866699596313213
2015-12-30,173.18093872070312,45.42863845825195,43.43764114379883,25.73281478881836,88.54065704345703,101.41999816894531,13.210000038146973,11.235864639282227,52.5716667175293,30.17293930053711,82.17861938476562,68.12789916992188,0.24501264988434726
2015-12-31,171.44850158691406,45.45685958862305,42.85380554199219,25.653118133544922,88.93894958496094,101.45999908447266,13.1899995803833,11.295044898986816,52.11411666870117,29.72093963623047,82.27208709716797,68.09558868408203,0.24727945108193022
2016-01-04,169.05177307128906,45.18607711791992,42.196990966796875,24.951820373535156,89.58064270019531,102.88999938964844,13.1899995803833,11.210502624511719,51.48662185668945,29.276350021362305,82.62273406982422,68.18437194824219,0.24872902255638413
2016-01-05,169.33770751953125,45.27070617675781,42.13129806518555,25.00760841369629,89.2192611694336,103.18000030517578,13.3100004196167,11.10059642791748,52.48016357421875,29.091096878051758,82.5993423461914,68.1440200805664,0.24807946969610947
2016-01-06,167.20162963867188,45.27070617675781,41.437992095947266,24.529451370239258,90.42147064208984,104.66999816894531,13.359999656677246,10.923053741455078,52.33635330200195,28.60205078125,83.0980224609375,68.18437194824219,0.24643982237994383
2016-01-07,163.19024658203125,44.977352142333984,40.57683181762695,23.772367477416992,90.58382415771484,106.1500015258789,13.619999885559082,10.87232780456543,51.31669616699219,28.083356857299805,83.27723693847656,68.20860290527344,0.26306210809527597
2016-01-08,161.39894104003906,44.85889434814453,40.08787155151367,23.517351150512695,90.98947143554688,105.68000030517578,13.300000190734863,10.821600914001465,50.630374908447266,27.801786422729492,83.48759460449219,68.25699615478516,0.26029508056313383
2016-01-11,161.5587158203125,44.79116439819336,40.25571823120117,23.509380340576172,89.99372100830078,104.73999786376953,13.220000267028809,10.525696754455566,50.917972564697266,27.898113250732422,83.22267150878906,68.2812271118164,0.25753723696285485
2016-01-12,162.86224365234375,44.836326599121094,40.445465087890625,23.557201385498047,91.29187774658203,104.20999908447266,13.170000076293945,10.458062171936035,50.57807922363281,28.120407104492188,83.59672546386719,68.28927612304688,0.25022165685638764
2016-01-13,158.80032348632812,44.339881896972656,39.81784439086914,23.310152053833008,92.19174194335938,104.72000122070312,13.489999771118164,10.398882865905762,49.85254669189453,27.638769149780273,83.9239730834961,68.32967376708984,0.24831551777690003
2016-01-14,161.40733337402344,44.53734588623047,40.32869338989258,23.61298370361328,91.32875061035156,103.0199966430664,13.1899995803833,10.424245834350586,49.7348747253418,27.99444007873535,83.7525634765625,68.3458023071289,0.24712956370541397
2016-01-15,157.94256591796875,43.95065689086914,38.86910629272461,22.680574417114258,92.7523193359375,104.08000183105469,13.239999771118164,10.204431533813477,49.395015716552734,26.96446990966797,84.14212799072266,68.40234375,0.2092393774587096
2016-01-19,158.15280151367188,43.798336029052734,39.226707458496094,23.01528549194336,92.46466827392578,103.9800033569336,13.359999656677246,10.119888305664062,49.65644836425781,27.208993911743164,84.03304290771484,68.39424896240234,0.21832382841116638
2016-01-20,156.1260528564453,43.5049934387207,38.33634948730469,22.513221740722656,93.43827819824219,105.37000274658203,13.479999542236328,10.04379940032959,48.323055267333984,26.645849227905273,84.44598388671875,68.4426498413086,0.24134281030219001
2016-01-21,157.00067138671875,43.798336029052734,38.6209716796875,22.600881576538086,92.803955078125,105.48999786376953,13.460000038146973,10.179068565368652,48.59103775024414,26.93482780456543,84.2356185913086,68.43461608886719,0.2356180659656305
2016-01-22,160.22158813476562,44.46963119506836,39.759464263916016,23.3739013671875,92.44987487792969,105.0,13.380000114440918,10.483424186706543,49.94406509399414,27.646181106567383,84.04863739013672,68.41038513183594,0.21966944969500782
2016-01-25,157.79957580566406,44.02962112426758,39.226707458496094,22.97544288635254,92.95147705078125,106.08000183105469,13.579999923706055,10.255159378051758,49.63031005859375,27.275686264038086,84.32916259765625,68.41038513183594,0.2249726445484091
2016-01-26,159.9524688720703,44.42450714111328,39.92731475830078,23.310152053833008,92.9957046508789,107.29000091552734,13.819999694824219,10.458062171936035,50.66960144042969,27.861061096191406,84.39148712158203,68.4426498413086,0.22521787656106293
2016-01-27,158.21163940429688,44.35684585571289,39.67188262939453,23.230457305908203,92.97360229492188,107.69000244140625,13.8100004196167,10.584879875183105,49.68913269042969,27.623950958251953,84.45378875732422,68.45881652832031,0.22683684250394873
2016-01-28,159.03578186035156,44.582462310791016,39.78864669799805,23.597043991088867,93.1063461303711,106.54000091552734,13.569999694824219,10.703239440917969,49.31003189086914,27.683229446411133,84.56287384033203,68.45881652832031,0.21840424039473239
2016-01-29,162.9126739501953,44.729156494140625,40.489253997802734,24.362096786499023,93.89558410644531,106.94999694824219,13.59000015258789,10.804692268371582,50.323158264160156,28.12781524658203,85.01478576660156,68.53954315185547,0.21793617534828208
2016-02-01,162.8538055419922,44.46326446533203,40.445465087890625,24.130983352661133,93.60810852050781,108.05000305175781,13.670000076293945,10.601787567138672,50.40814971923828,28.083356857299805,84.81890869140625,68.50315856933594,0.21425024635877662
2016-02-02,159.91883850097656,44.1457633972168,39.5040283203125,23.349994659423828,95.3447494506836,108.08999633789062,13.619999885559082,10.415790557861328,49.95060348510742,27.31273078918457,85.41979217529297,68.592041015625,0.21504968659556753
2016-02-03,160.8775177001953,44.361209869384766,39.83244323730469,24.01144790649414,94.55396270751953,109.25,13.949999809265137,10.677876472473145,50.28395080566406,27.727685928344727,85.3261489868164,68.60816192626953,0.21246586448282717
2016-02-04,161.12979125976562,44.219478607177734,39.8835334777832,24.19474220275879,95.01222229003906,110.56999969482422,14.170000076293945,10.660966873168945,50.31010055541992,27.764734268188477,85.5290298461914,68.62439727783203,0.22374820209071752
2016-02-05,158.060302734375,43.87930679321289,39.27049255371094,23.915813446044922,95.1230697631836,112.31999969482422,14.34000015258789,10.59333324432373,49.355796813964844,27.342370986938477,85.63823699951172,68.60816192626953,0.22199943424061944
2016-02-08,155.93264770507812,43.369083404541016,38.54069519042969,23.589073181152344,97.17005157470703,113.83000183105469,14.59000015258789,10.542607307434082,47.943939208984375,26.697710037231445,86.27808380126953,68.68896484375,0.2144747969981506
2016-02-09,155.94100952148438,43.20469284057617,38.095516204833984,23.26233673095703,97.27348327636719,113.58000183105469,14.510000228881836,10.272067070007324,47.0615348815918,26.460599899291992,86.29368591308594,68.66472625732422,0.21595766898890256
2016-02-10,155.80648803710938,43.142333984375,38.051727294921875,23.35796546936035,98.13078308105469,114.45999908447266,14.550000190734863,10.288975715637207,47.38835144042969,26.571744918823242,86.55120086669922,68.66472625732422,0.21918529524120928
2016-02-11,153.77976989746094,42.85319900512695,37.4970817565918,22.96746826171875,98.81797790527344,119.05999755859375,14.949999809265137,10.415790557861328,46.71512222290039,26.193843841552734,86.94915771484375,68.72935485839844,0.21803954716150623
2016-02-12,156.9501953125,43.49382781982422,38.15389633178711,23.36593246459961,97.17745208740234,118.36000061035156,14.989999771118164,10.567970275878906,47.25109100341797,26.705127716064453,86.28592681884766,68.64852142333984,0.22068655262227524
2016-02-16,159.59927368164062,43.53350067138672,38.9274787902832,23.88393211364746,96.15022277832031,114.7699966430664,14.510000228881836,10.449607849121094,48.12042236328125,27.134897232055664,86.02838134765625,68.60816192626953,0.234024934212757
2016-02-17,162.2062530517578,43.89067459106445,39.59889221191406,24.354124069213867,95.5590591430664,115.4800033569336,14.539999961853027,10.66942310333252,48.53221893310547,27.69804573059082,85.8177261352539,68.62439727783203,0.23909839055687682
2016-02-18,161.54190063476562,43.93035125732422,39.39455795288086,24.21067237854004,96.73402404785156,118.29000091552734,14.760000228881836,10.610241889953613,49.02242660522461,27.535032272338867,86.2156982421875,68.68083953857422,0.24257354480480317
2016-02-19,161.4662322998047,44.01539611816406,39.35076904296875,24.099105834960938,96.81535339355469,117.58000183105469,14.640000343322754,10.517243385314941,49.30350112915039,27.4831600189209,86.2156982421875,68.61625671386719,0.24166154882292487
2016-02-22,163.8040771484375,44.39521789550781,39.79594802856445,24.696800231933594,96.76358032226562,115.48999786376953,14.430000305175781,10.677876472473145,49.77412796020508,27.683229446411133,86.12987518310547,68.62439727783203,0.2514035798127429
2016-02-23,161.73538208007812,44.30451965332031,39.146427154541016,24.17083168029785,97.1552734375,117.22000122070312,14.539999961853027,10.534152030944824,49.643394470214844,27.201583862304688,86.30149841308594,68.63240814208984,0.24163340112335926
2016-02-24,162.47535705566406,44.378196716308594,39.00775146484375,24.115047454833984,96.96316528320312,117.61000061035156,14.520000457763672,10.66942310333252,49.58456039428711,27.083030700683594,86.30149841308594,68.64852142333984,0.24405641679555512
2016-02-25,164.44329833984375,44.61629867553711,39.47483444213867,24.19474220275879,97.31043243408203,117.91999816894531,14.40999984741211,10.660966873168945,50.597686767578125,27.46092987060547,86.55901336669922,68.66472625732422,0.24382038624135208
2016-02-26,164.06480407714844,44.916770935058594,39.37266540527344,23.95566177368164,96.37194061279297,117.11000061035156,14.020000457763672,10.644059181213379,50.336238861083984,27.379425048828125,86.13764190673828,68.57591247558594,0.24818974698481858
2016-02-29,162.77813720703125,45.398658752441406,39.139122009277344,24.162860870361328,96.79316711425781,118.63999938964844,14.199999809265137,10.779330253601074,50.14014434814453,27.25345230102539,86.27808380126953,68.61625671386719,0.25137429288498814
2016-03-01,166.6045684814453,46.11616897583008,40.16084289550781,25.02354621887207,95.08879089355469,117.7699966430664,14.170000076293945,10.7877836227417,51.55199432373047,28.001846313476562,85.60377502441406,68.52494812011719,0.24989601286016783
2016-03-02,167.35302734375,45.80269241333008,40.43817138671875,25.35825538635254,95.48118591308594,118.68000030517578,14.25,10.846964836120605,51.92456817626953,28.068544387817383,85.45528411865234,68.51689910888672,0.24350164772061722
2016-03-03,168.00900268554688,45.95657730102539,40.83226013183594,25.645151138305664,95.82916259765625,120.7300033569336,14.5,10.906145095825195,52.19908905029297,28.30565643310547,85.55685424804688,68.54109954833984,0.24215890079712996
2016-03-04,168.5555877685547,46.08767318725586,41.1314811706543,26.155187606811523,95.21466064453125,120.54000091552734,14.760000228881836,11.117504119873047,52.205631256103516,28.453853607177734,85.26775360107422,68.49261474609375,0.23600687578329146
2016-03-07,168.6901092529297,46.14463424682617,41.08039474487305,26.115337371826172,95.18501281738281,121.13999938964844,14.899999618530273,11.320409774780273,52.3428840637207,28.453853607177734,85.09584045410156,68.44422149658203,0.23794920726601881
2016-03-08,166.84841918945312,45.819828033447266,40.67900848388672,25.669057846069336,96.23637390136719,120.58000183105469,14.619999885559082,11.168231010437012,51.806907653808594,28.150041580200195,85.58809661865234,68.49261474609375,0.2377487556844921
2016-03-09,167.67254638671875,45.93379592895508,40.83226013183594,25.828441619873047,95.65149688720703,119.58000183105469,14.529999732971191,11.337318420410156,52.09449768066406,28.30565643310547,85.25212097167969,68.46842956542969,0.2382587443283029
2016-03-10,167.8070831298828,46.252925872802734,40.76658248901367,25.868289947509766,95.25907135009766,121.5,14.819999694824219,11.320409774780273,51.90495300292969,28.29083251953125,84.9473648071289,68.46028137207031,0.23956302039217217
2016-03-11,170.51499938964844,46.81143569946289,41.83207702636719,26.410205841064453,94.29652404785156,119.41000366210938,14.720000267028809,11.36268138885498,53.068424224853516,29.04663848876953,84.7051010131836,68.39563751220703,0.24218129977598726
2016-03-14,170.29637145996094,46.68038558959961,41.744510650634766,26.250816345214844,94.59270477294922,117.87000274658203,14.579999923706055,11.261228561401367,53.074951171875,28.96513557434082,84.76766204833984,68.39563751220703,0.23916500911606045
2016-03-15,170.01889038085938,46.247249603271484,41.35042190551758,25.876258850097656,94.68155670166016,117.95999908447266,14.539999961853027,11.168231010437012,53.10109329223633,28.69096565246582,84.75199127197266,68.419921875,0.23939013813282276
2016-03-16,171.0028076171875,46.55497741699219,41.71532440185547,26.394258499145508,94.96294403076172,120.58999633789062,14.869999885559082,11.36268138885498,53.741661071777344,28.98736000061035,85.19738006591797,68.5572509765625,0.23949408832343522
2016-03-17,172.0876922607422,46.85134506225586,42.03643035888672,26.97601890563965,95.35533142089844,120.12999725341797,15.15999984741211,11.489498138427734,54.499881744384766,29.20224952697754,85.29116821289062,68.54915618896484,0.24156736094156397
2016-03-18,172.76385498046875,46.959632873535156,41.96343994140625,27.119464874267578,95.55522155761719,119.80000305175781,15.029999732971191,11.481042861938477,54.26457214355469,29.194841384887695,85.43963623046875,68.56537628173828,0.2352080139238889
2016-03-21,173.0089874267578,46.9083137512207,41.89777374267578,27.175247192382812,94.82219696044922,118.95999908447266,15.0600004196167,11.514859199523926,53.77480697631836,29.054046630859375,85.19738006591797,68.5572509765625,0.2373668513423161
2016-03-22,172.9160919189453,46.78295135498047,41.82478713989258,27.111501693725586,94.8000259399414,119.30999755859375,15.119999885559082,11.599404335021973,53.77480697631836,28.8984432220459,85.01771545410156,68.51689910888672,0.24011319750117846
2016-03-23,171.77488708496094,46.56637954711914,41.401512145996094,26.649280548095703,95.87359619140625,116.61000061035156,14.510000228881836,11.354227066040039,53.483970642089844,28.661331176757812,85.40840148925781,68.5572509765625,0.24008562817900117
2016-03-24,171.6987762451172,46.3612060546875,41.12417221069336,26.585525512695312,95.91063690185547,116.33000183105469,14.430000305175781,11.286592483520508,53.503807067871094,28.453853607177734,85.32244110107422,68.52494812011719,0.2391397533034365
2016-03-28,171.80023193359375,46.15036392211914,41.3723030090332,26.673187255859375,96.0364990234375,116.5999984741211,14.460000038146973,11.320409774780273,53.986305236816406,28.572412490844727,85.44743347167969,68.54109954833984,0.24364061603310522
2016-03-29,173.3894500732422,46.327030181884766,41.817481994628906,27.039777755737305,97.04340362548828,118.76000213623047,14.600000381469727,11.295044898986816,55.15618896484375,28.92068099975586,86.02571868896484,68.67041778564453,0.23920980707377507
2016-03-30,174.1502227783203,46.492279052734375,42.13129806518555,27.318693161010742,96.02167510986328,117.0999984741211,14.489999771118164,11.25277328491211,55.05043029785156,29.23189353942871,85.90850830078125,68.67850494384766,0.23823348851567897
2016-03-31,173.72750854492188,46.55497741699219,41.71532440185547,27.29479217529297,96.70282745361328,117.63999938964844,14.680000305175781,11.235864639282227,55.38751983642578,28.979957580566406,86.22107696533203,68.7108383178711,0.23933214265470157
2016-04-01,174.91102600097656,46.58877182006836,41.270137786865234,27.215097427368164,96.95510864257812,116.93000030517578,14.34000015258789,11.04141616821289,55.31480026245117,28.728017807006836,86.19597625732422,68.67118072509766,0.24003911261570907
2016-04-04,174.3446807861328,46.47425079345703,41.18256378173828,26.88835906982422,97.01446533203125,116.1500015258789,14.199999809265137,10.889237403869629,55.235511779785156,28.76506996154785,86.29777526855469,68.71971130371094,0.24204001795394592
2016-04-05,172.60333251953125,46.302486419677734,40.37248611450195,26.36238670349121,98.07543182373047,117.66000366210938,14.420000076293945,10.863873481750488,54.871978759765625,28.21673583984375,86.64215850830078,68.74398040771484,0.24352518592766367
2016-04-06,174.48831176757812,46.691795349121094,41.0293083190918,26.68115997314453,97.36317443847656,116.94000244140625,14.34000015258789,10.982234954833984,55.00418472290039,28.646503448486328,86.45429229736328,68.71971130371094,0.24317083338107742
2016-04-07,172.400390625,46.462806701660156,40.430870056152344,26.147214889526367,98.56507110595703,118.61000061035156,14.479999542236328,10.948417663574219,54.66048049926758,28.164865493774414,86.90036010742188,68.76008605957031,0.24278719390673642
2016-04-08,172.86538696289062,46.67461395263672,41.2044563293457,26.601463317871094,97.9418716430664,118.43000030517578,14.619999885559082,11.210502624511719,54.964515686035156,28.661331176757812,86.7673110961914,68.76008605957031,0.2414111464669511
2016-04-11,172.45962524414062,46.73761749267578,41.226356506347656,26.944143295288086,97.81565856933594,120.02999877929688,15.140000343322754,11.295044898986816,54.85215377807617,28.71319580078125,86.75167846679688,68.75205993652344,0.24263672815283183
2016-04-12,174.0657196044922,47.01247024536133,41.83938217163086,27.358545303344727,97.14057159423828,120.05000305175781,15.40999984741211,11.540223121643066,55.24869918823242,29.039230346679688,86.40731811523438,68.73583984375,0.24419138904608736
2016-04-13,175.82391357421875,47.32160949707031,42.50349807739258,27.84466552734375,97.48186492919922,118.7699966430664,15.4399995803833,11.599404335021973,55.00418472290039,29.439363479614258,86.46990203857422,68.70357513427734,0.24335519555525592
2016-04-14,175.83236694335938,47.304481506347656,42.64216232299805,27.709192276000977,97.01446533203125,117.11000061035156,15.34000015258789,11.5064058303833,54.70013427734375,29.476409912109375,86.26644897460938,68.70357513427734,0.2436699204874475
2016-04-15,175.637939453125,47.23003387451172,42.547279357910156,27.549814224243164,97.84542083740234,117.91999816894531,15.460000038146973,11.464134216308594,55.109920501708984,29.424537658691406,86.52474975585938,68.75205993652344,0.24678900458321013
2016-04-18,176.8721160888672,47.499122619628906,42.91218948364258,27.677316665649414,97.4225082397461,117.73999786376953,15.420000076293945,11.514859199523926,55.37428665161133,29.691299438476562,86.4386215209961,68.74398040771484,0.24614462206625543
2016-04-19,177.4300079345703,47.69948959350586,43.65657424926758,28.099687576293945,97.11831665039062,119.58000183105469,16.1200008392334,11.760037422180176,55.400718688964844,30.27667808532715,86.29777526855469,68.71971130371094,0.25011770666577515
2016-04-20,177.59909057617188,47.79113006591797,43.69306945800781,27.972177505493164,96.04995727539062,118.97000122070312,16.139999389648438,11.988304138183594,54.462188720703125,30.202577590942383,85.85951232910156,68.67118072509766,0.25349465944379734
2016-04-21,176.6438751220703,47.64225769042969,43.43033981323242,27.693246841430664,95.47865295410156,119.41999816894531,16.209999084472656,11.937578201293945,53.49057388305664,29.98769187927246,85.71859741210938,68.65505981445312,0.25810981305071845
2016-04-22,176.6438751220703,47.75103759765625,43.452247619628906,27.525897979736328,95.23381042480469,117.88999938964844,16.139999389648438,11.88685417175293,54.072227478027344,29.921003341674805,85.62469482421875,68.65505981445312,0.2559917600014626
2016-04-25,176.3395233154297,47.567832946777344,43.233299255371094,27.350576400756836,94.84061431884766,118.2300033569336,16.170000076293945,11.878398895263672,54.52166748046875,29.79503631591797,85.53079986572266,68.63886260986328,0.26500212606845
2016-04-26,176.60162353515625,47.7281494140625,43.38656234741211,27.64543914794922,94.41027069091797,118.69999694824219,16.290000915527344,12.0305757522583,54.73317337036133,29.95805549621582,85.35079193115234,68.62264251708984,0.26768013606255125
2016-04-27,176.9651336669922,48.008731842041016,43.41575241088867,27.812789916992188,95.35250854492188,119.04000091552734,16.3799991607666,12.140483856201172,54.70013427734375,30.09883689880371,85.82035064697266,68.67118072509766,0.25538874023106756
2016-04-28,175.35899353027344,47.928558349609375,42.82461166381836,27.525897979736328,95.74578857421875,121.29000091552734,16.770000457763672,12.208117485046387,54.58777618408203,29.943235397338867,86.1177749633789,68.71165466308594,0.25787204736435043
2016-04-29,174.4122772216797,48.008731842041016,42.64216232299805,27.406360626220703,95.99057006835938,123.6500015258789,16.979999542236328,12.326480865478516,54.08543014526367,29.869140625,86.08644104003906,68.73583984375,0.26136730460816826
2016-05-02,175.79856872558594,48.0271110534668,43.04354476928711,27.33463478088379,95.02415466308594,123.23999786376953,16.639999389648438,12.157392501831055,54.924835205078125,30.091426849365234,85.83644104003906,68.7108154296875,0.25537839954442765
2016-05-03,174.26858520507812,47.71650695800781,42.33564758300781,26.561620712280273,96.22102355957031,122.95999908447266,16.56999969482422,11.971396446228027,55.010772705078125,29.483821868896484,86.34587097167969,68.78361511230469,0.2586146313512093
2016-05-04,173.29644775390625,47.53819274902344,41.846683502197266,26.131275177001953,96.74889373779297,122.20999908447266,16.489999771118164,11.979849815368652,55.79730224609375,29.0985107421875,86.50263214111328,68.77552795410156,0.25655744814042875
2016-05-05,173.26266479492188,47.497947692871094,41.75910186767578,26.123306274414062,97.3956527709961,122.06999969482422,16.510000228881836,11.861490249633789,55.955936431884766,28.95772361755371,86.73774719238281,68.79976654052734,0.25727765067501784
2016-05-06,173.89657592773438,47.469173431396484,41.87586975097656,26.163156509399414,96.97930908203125,123.18000030517578,16.6299991607666,11.937578201293945,56.570621490478516,29.04663848876953,86.53397369384766,68.78361511230469,0.26395515783603946
2016-05-09,174.040283203125,47.38289260864258,41.788299560546875,25.828441619873047,97.28411865234375,120.6500015258789,16.1200008392334,11.675493240356445,57.191925048828125,29.00958824157715,86.69853210449219,68.8159408569336,0.26446055451391864
2016-05-10,176.2042694091797,47.78554153442383,42.38673400878906,26.322540283203125,97.29158020019531,120.9800033569336,16.280000686645508,11.96294116973877,57.18528747558594,29.305984497070312,86.6828842163086,68.8321304321289,0.258954051245224
2016-05-11,174.55593872070312,47.751014709472656,42.02184295654297,26.258785247802734,97.84171295166016,122.12000274658203,16.559999465942383,12.241935729980469,55.962528228759766,29.13555908203125,86.81611633300781,68.80789184570312,0.26000676819834284
2016-05-12,174.60670471191406,47.82577896118164,42.00723648071289,26.187063217163086,97.3956527709961,121.16000366210938,16.219999313354492,12.258845329284668,56.28641128540039,29.054046630859375,86.58100128173828,68.76741790771484,0.26117721123986903
2016-05-13,173.08517456054688,47.612972259521484,41.576663970947266,25.716875076293945,98.33978271484375,121.70999908447266,16.280000686645508,12.241935729980469,55.784088134765625,28.75765609741211,86.91014099121094,68.77552795410156,0.26169640134213057
2016-05-16,174.79261779785156,47.87755584716797,42.07292175292969,26.02767562866211,97.49229431152344,121.80000305175781,16.31999969482422,12.377206802368164,56.31283187866211,29.11333465576172,86.5966567993164,68.74317932128906,0.26083090339695686
2016-05-17,173.1612091064453,47.77980041503906,41.76641082763672,25.908132553100586,97.65583038330078,122.22000122070312,16.40999984741211,12.47020435333252,55.2685432434082,28.861392974853516,86.47908020019531,68.71887969970703,0.260612662329092
2016-05-18,173.21185302734375,47.78554153442383,41.78099822998047,25.653118133544922,96.26567077636719,120.0999984741211,16.0,12.377206802368164,54.402679443359375,28.95772361755371,85.7815170288086,68.59750366210938,0.26109278566775973
2016-05-19,172.6117401123047,47.65324401855469,41.48177719116211,25.414043426513672,96.68196105957031,119.87000274658203,15.670000076293945,12.343389511108398,53.79462432861328,28.77988624572754,85.86776733398438,68.61368560791016,0.25195894479165665
2016-05-20,173.7021942138672,47.82004928588867,41.82478713989258,25.669057846069336,96.75629425048828,119.70999908447266,15.6899995803833,12.394115447998047,54.22425079345703,29.017004013061523,85.92265319824219,68.6379623413086,0.25423379069291374
2016-05-23,173.46548461914062,47.831573486328125,41.68613052368164,25.621244430541992,96.97191619873047,119.37000274658203,15.59000015258789,12.326480865478516,54.230865478515625,28.928085327148438,85.9775161743164,68.6299057006836,0.25508319923073924
2016-05-24,175.7140655517578,48.119117736816406,42.29185485839844,25.88422966003418,96.5407485961914,117.30000305175781,15.420000076293945,12.326480865478516,54.90500259399414,29.498640060424805,85.83644104003906,68.58138275146484,0.25613188506872725
2016-05-25,176.9058837890625,48.19389724731445,42.73704147338867,26.19502830505371,96.17645263671875,116.9800033569336,15.5,12.47020435333252,54.90500259399414,29.832080841064453,85.7972412109375,68.62178039550781,0.25820974965278765
2016-05-26,176.95660400390625,48.05588150024414,42.85380554199219,26.3703556060791,96.67453002929688,116.58000183105469,15.529999732971191,12.461750030517578,55.010772705078125,29.943235397338867,86.06375122070312,68.6622314453125,0.2603835197237864
2016-05-27,177.71742248535156,48.13638687133789,42.81001281738281,26.36238670349121,96.53324890136719,115.62000274658203,15.390000343322754,12.512476921081543,55.308204650878906,29.869140625,85.8991470336914,68.62178039550781,0.27191568131026217
2016-05-31,177.37928771972656,48.09037780761719,42.60567092895508,26.394258499145508,96.76374053955078,116.05999755859375,15.1899995803833,12.43638801574707,55.30158996582031,29.61720848083496,86.00103759765625,68.65418243408203,0.3051809341142063
2016-06-01,177.74276733398438,48.166690826416016,42.56918716430664,26.378324508666992,97.15632629394531,115.94000244140625,15.170000076293945,12.563201904296875,55.34786605834961,29.58014678955078,85.9719467163086,68.6064224243164,0.3083591704428668
2016-06-02,178.2837371826172,48.178226470947266,42.56918716430664,26.593490600585938,97.85658264160156,115.66999816894531,15.220000267028809,12.588565826416016,55.632057189941406,29.669071197509766,86.23885345458984,68.66301727294922,0.3089633469680385
2016-06-03,177.75120544433594,48.26492691040039,42.84650421142578,26.99993324279785,99.24964904785156,118.87999725341797,15.609999656677246,12.673110008239746,55.85678482055664,29.832080841064453,87.03944396972656,68.77635955810547,0.32689448318658404
2016-06-06,178.65570068359375,48.478763580322266,43.08734130859375,27.286823272705078,98.51214599609375,118.91999816894531,15.680000305175781,12.825287818908691,55.427154541015625,29.928407669067383,86.81184387207031,68.76022338867188,0.33628046155082586
2016-06-07,178.93466186523438,48.692596435546875,43.401153564453125,27.53386878967285,98.75054168701172,118.81999969482422,15.600000381469727,12.952102661132812,55.764251708984375,30.135887145996094,86.93742370605469,68.77635955810547,0.33114611784164316
2016-06-08,179.51795959472656,48.877559661865234,43.48872756958008,27.73309326171875,99.27944946289062,120.58000183105469,16.209999084472656,13.171916961669922,56.121177673339844,30.202577590942383,87.03944396972656,68.79256439208984,0.33404526079055097
2016-06-09,179.27279663085938,48.68682098388672,42.95598220825195,27.414329528808594,99.92011260986328,121.25,16.469999313354492,13.146553993225098,56.246742248535156,29.765390396118164,87.17288970947266,68.80879211425781,0.3300164591692883
2016-06-10,177.57373046875,48.44989013671875,41.7080192565918,26.720998764038086,100.40432739257812,121.73999786376953,16.489999771118164,12.985921859741211,55.98237228393555,28.74283790588379,87.47898864746094,68.8492660522461,0.3316474834043915
2016-06-13,176.2042694091797,48.126216888427734,41.1022834777832,26.346450805664062,100.85130310058594,122.63999938964844,16.579999923706055,12.985921859741211,55.995582580566406,28.30565643310547,87.65174102783203,68.865478515625,0.4045310264584458
2016-06-14,175.85775756835938,47.964359283447266,40.445465087890625,26.258785247802734,100.77679443359375,122.7699966430664,16.540000915527344,12.90137767791748,55.85017395019531,27.77955436706543,87.62818145751953,68.87353515625,0.3937242377498791
2016-06-15,175.61260986328125,47.987491607666016,40.71550369262695,26.53770637512207,101.16410064697266,123.68000030517578,16.690000534057617,12.83374309539795,56.378936767578125,27.927751541137695,87.89505767822266,68.95449829101562,0.3988413352969369
2016-06-16,176.1366424560547,48.01639938354492,40.803077697753906,26.442075729370117,101.65583801269531,122.37999725341797,16.309999465942383,12.613929748535156,56.69620132446289,28.12781524658203,87.98921966552734,68.9139633178711,0.44009927286321265
2016-06-17,175.48072814941406,48.04530334472656,41.2044563293457,26.51380157470703,101.0226058959961,123.94999694824219,16.600000381469727,12.909832000732422,56.60366439819336,28.550180435180664,87.6909408569336,68.92208862304688,0.43010683951742085
2016-06-20,176.61082458496094,48.3284797668457,42.22617721557617,26.983985900878906,99.94245147705078,123.20999908447266,16.649999618530273,13.028194427490234,56.68296432495117,29.276350021362305,87.31416320800781,68.88162994384766,0.42339717106829033
2016-06-21,177.1121826171875,48.5134391784668,42.56918716430664,27.19118881225586,99.4806137084961,120.83999633789062,16.3799991607666,12.926740646362305,56.8990364074707,29.57512855529785,87.11798858642578,68.83307647705078,0.38286571055493773
2016-06-22,176.82321166992188,48.55964660644531,42.54311752319336,27.26026153564453,99.6445083618164,120.9000015258789,16.420000076293945,12.850650787353516,56.81235885620117,29.63579559326172,87.29063415527344,68.85733032226562,0.3423561232228166
2016-06-23,179.12596130371094,48.917999267578125,43.719905853271484,27.918880462646484,98.50468444824219,120.11000061035156,16.489999771118164,12.952102661132812,57.09910583496094,30.545801162719727,86.87464141845703,68.83307647705078,0.3583569862508522
2016-06-24,172.69369506835938,48.11463165283203,39.966102600097656,26.224145889282227,101.14925384521484,126.0,16.889999389648438,12.690018653869629,56.59225845336914,27.201539993286133,88.07555389404297,68.99494934082031,0.38208868682359165
2016-06-27,169.60081481933594,47.421085357666016,39.198951721191406,25.886804580688477,103.6745834350586,126.68000030517578,16.8700008392334,12.664654731750488,56.632286071777344,26.572113037109375,88.8369140625,69.03545379638672,0.37633179872551076
2016-06-28,172.6597137451172,48.01639938354492,40.226783752441406,26.649837493896484,103.89070129394531,125.31999969482422,16.90999984741211,12.867560386657715,57.82603073120117,27.429031372070312,88.82125854492188,69.05970001220703,0.3715799202093049
2016-06-29,175.5996551513672,48.62321853637695,40.96413040161133,27.32452392578125,103.0936050415039,125.83999633789062,17.3700008392334,13.053556442260742,58.52627182006836,28.035707473754883,88.46018981933594,69.03545379638672,0.36749601499686274
2016-06-30,177.99581909179688,48.952659606933594,41.57487487792969,27.597604751586914,103.47346496582031,126.47000122070312,17.860000610351562,12.977466583251953,59.13313293457031,28.657543182373047,88.65640258789062,69.06776428222656,0.3867049796587019
2016-07-01,178.36972045898438,49.049652099609375,41.57487487792969,27.862655639648438,104.91020202636719,128.41000366210938,18.739999771118164,13.138100624084473,59.153133392333984,28.657543182373047,88.89064025878906,69.0921401977539,0.38840439263832877
2016-07-05,177.08668518066406,48.770896911621094,40.770484924316406,27.26829719543457,106.22370910644531,129.47000122070312,18.979999542236328,12.766108512878418,59.80668258666992,27.846120834350586,89.37796020507812,69.12450408935547,0.38514861868645645
2016-07-06,178.14878845214844,48.98577880859375,40.696006774902344,27.196006774902344,106.39533996582031,130.22999572753906,19.100000381469727,12.81683349609375,59.54658508300781,27.732372283935547,89.39366912841797,69.0921401977539,0.38899878932766135
2016-07-07,178.038330078125,49.049652099609375,40.53215026855469,27.123722076416016,106.38786315917969,129.74000549316406,18.709999084472656,12.453295707702637,58.93305969238281,27.588287353515625,89.2757568359375,69.05970764160156,0.36788195045416955
2016-07-08,180.68939208984375,49.69999694824219,41.150333404541016,27.71004867553711,107.17150115966797,130.52000427246094,19.219999313354492,12.580111503601074,59.88671875,28.02054214477539,89.44868469238281,69.05970764160156,0.38279164319605585
2016-07-11,181.32667541503906,49.729061126708984,41.75362014770508,27.975107192993164,106.23115539550781,129.2899932861328,19.299999237060547,12.52938461303711,60.286861419677734,28.39970588684082,88.97711181640625,68.9868392944336,0.37195782848952513
2016-07-12,182.64373779296875,49.868408203125,42.31968307495117,28.368663787841797,104.48477935791016,127.1500015258789,19.09000015258789,12.766108512878418,60.28015899658203,28.82437515258789,88.45047760009766,68.96251678466797,0.38165911016334686
2016-07-13,182.61825561523438,49.7232551574707,42.27499008178711,28.32047462463379,105.71622467041016,128.32000732421875,19.389999389648438,12.605474472045898,60.61362838745117,28.83196258544922,88.67838287353516,68.97872161865234,0.37586832564499206
2016-07-14,183.63792419433594,49.82196044921875,42.63993835449219,28.730098724365234,104.17881774902344,127.33000183105469,19.25,12.656201362609863,60.07344055175781,29.135292053222656,88.30896759033203,68.938232421875,0.37794158073653333
2016-07-15,183.3914031982422,49.7232551574707,42.42394256591797,28.665849685668945,103.28318786621094,126.83999633789062,19.079999923706055,12.622383117675781,60.093448638916016,28.960872650146484,87.97097778320312,68.90587615966797,0.38091479104432296
2016-07-18,183.88427734375,49.89163589477539,42.52821350097656,28.922868728637695,103.1861801147461,127.04000091552734,19.100000381469727,12.563201904296875,60.25349807739258,29.029123306274414,87.9473876953125,68.9462890625,0.38657233844431055
2016-07-19,183.69732666015625,49.75806427001953,42.19306182861328,28.625688552856445,103.76829528808594,127.20999908447266,18.920000076293945,12.487113952636719,60.54694366455078,28.756122589111328,88.1832504272461,68.95441436767578,0.386433352605235
2016-07-20,184.46209716796875,49.88583755493164,42.57291030883789,28.770254135131836,103.20110321044922,125.38999938964844,18.420000076293945,12.402569770812988,60.55359649658203,29.00637435913086,88.00239562988281,68.9220199584961,0.38231036310261146
2016-07-21,183.76535034179688,49.8161735534668,42.401607513427734,28.681903839111328,103.41011810302734,127.30000305175781,18.8799991607666,12.334935188293457,60.67364501953125,28.938125610351562,88.19893646240234,68.97067260742188,0.38192386679450385
2016-07-22,184.58953857421875,50.03680419921875,42.4835205078125,28.890737533569336,103.58919525146484,126.3499984741211,18.670000076293945,12.309571266174316,61.207176208496094,28.991212844848633,88.12821197509766,68.9462890625,0.3736578023199528
2016-07-25,184.0882110595703,49.79871368408203,42.431400299072266,28.601598739624023,103.51455688476562,125.47000122070312,18.540000915527344,12.174301147460938,61.093780517578125,28.983623504638672,88.05742645263672,68.89769744873047,0.37565523739385964
2016-07-26,184.1731414794922,49.60708236694336,42.61014175415039,28.82648468017578,103.67874908447266,126.0,18.65999984741211,12.123576164245605,60.79367446899414,29.08221435546875,88.11247253417969,68.90587615966797,0.3743268622721431
2016-07-27,183.977783203125,49.75806427001953,42.76655197143555,28.922868728637695,104.96983337402344,128.02999877929688,19.3700008392334,12.005212783813477,60.32017517089844,29.271791458129883,88.4897232055664,68.95441436767578,0.37580168955922094
2016-07-28,184.19021606445312,49.54903793334961,42.72187423706055,28.93089485168457,104.77581024169922,127.66000366210938,19.209999084472656,11.971396446228027,60.880374908447266,29.256629943847656,88.53688049316406,68.9462890625,0.37619393458803685
2016-07-29,184.48757934570312,49.59548568725586,43.22833251953125,29.0835018157959,105.64897918701172,128.97999572753906,19.350000381469727,12.07284927368164,61.653961181640625,29.537206649780273,88.87493133544922,69.0354232788086,0.37731787959285845
2016-08-01,184.3345947265625,49.31724548339844,42.9453010559082,29.027280807495117,104.50358581542969,129.22000122070312,19.43000030517578,11.861490249633789,61.787357330322266,29.218711853027344,88.56636810302734,69.01195526123047,0.34818879628535687
2016-08-02,183.15353393554688,49.24726486206055,42.72931671142578,28.818450927734375,103.42698669433594,130.27000427246094,19.600000381469727,11.844581604003906,60.800376892089844,29.14286994934082,88.35379791259766,68.98760986328125,0.31441530749635443
2016-08-03,183.68881225585938,49.468910217285156,42.58035659790039,28.91482925415039,103.48672485351562,129.64999389648438,19.3799991607666,12.039030075073242,60.4469108581543,29.02154541015625,88.40103912353516,68.9957046508789,0.32526401980228165
2016-08-04,183.88427734375,49.78391647338867,42.82612991333008,29.075469970703125,104.2642593383789,129.8699951171875,19.350000381469727,12.089757919311523,60.200138092041016,29.14286994934082,88.61358642578125,69.0443344116211,0.33211786196039517
2016-08-05,185.3882598876953,49.89472579956055,43.0197868347168,29.412811279296875,103.1801528930664,127.55000305175781,18.709999084472656,12.140483856201172,60.24017333984375,29.241464614868164,88.06265258789062,68.94710540771484,0.33025366400485556
2016-08-08,185.2777862548828,50.098880767822266,43.109161376953125,29.621644973754883,103.37459564208984,127.44000244140625,18.739999771118164,12.208117485046387,60.346866607666016,29.271791458129883,88.015380859375,68.92272186279297,0.33944895309682227
2016-08-09,185.3882598876953,50.273860931396484,43.451778411865234,29.82243537902832,104.3913803100586,127.95999908447266,18.8700008392334,12.174301147460938,60.67364501953125,29.55237579345703,88.33026123046875,68.96330261230469,0.3375807240261518
2016-08-10,184.92941284179688,50.18052673339844,43.600730895996094,29.83047103881836,104.79519653320312,128.55999755859375,19.15999984741211,12.0305757522583,60.60695266723633,29.666128158569336,88.56636810302734,68.9957046508789,0.3400514120164165
2016-08-11,185.78756713867188,50.30303192138672,43.9135627746582,30.216001510620117,103.86048889160156,127.66999816894531,18.959999084472656,12.216573715209961,59.92006301879883,29.901214599609375,88.14126586914062,68.93090057373047,0.3383382231389947
2016-08-12,185.6261749267578,50.343849182128906,43.80183410644531,30.10356330871582,104.7353744506836,127.4000015258789,18.719999313354492,12.309571266174316,60.17348098754883,29.878467559814453,88.45616149902344,68.97950744628906,0.3374417381870763
2016-08-15,186.16148376464844,50.49551773071289,43.97313690185547,30.416799545288086,103.74845886230469,127.83999633789062,18.829999923706055,12.512476921081543,60.11343765258789,29.93913459777832,88.1964340209961,68.96330261230469,0.32577229084051496
2016-08-16,185.20132446289062,50.39052200317383,43.90610122680664,30.280256271362305,103.4717788696289,128.47000122070312,18.81999969482422,12.613929748535156,59.39323043823242,29.954303741455078,88.04681396484375,68.93895721435547,0.3316297114446409
2016-08-17,185.54966735839844,50.46049880981445,43.891212463378906,30.087488174438477,104.09233856201172,128.5,18.68000030517578,12.664654731750488,59.633296966552734,29.90879249572754,88.18850708007812,68.93895721435547,0.32920438226289167
2016-08-18,185.966064453125,50.6588134765625,44.11464309692383,30.368602752685547,104.25679779052734,129.11000061035156,18.770000457763672,12.825287818908691,59.413211822509766,30.13629913330078,88.34595489501953,68.98760986328125,0.3298372673384298
2016-08-19,185.69410705566406,50.50716018676758,43.78693389892578,30.199939727783203,103.7110366821289,127.97000122070312,18.350000381469727,12.783016204833984,59.03309631347656,29.886049270629883,88.04681396484375,68.92272186279297,0.3305907703893169
2016-08-22,185.6856689453125,50.42549133300781,43.83161926269531,29.798343658447266,104.5858154296875,127.77999877929688,17.969999313354492,12.664654731750488,59.35319519042969,29.886049270629883,88.24363708496094,68.93090057373047,0.3369788259573584
2016-08-23,186.05950927734375,50.59468078613281,44.017822265625,29.67786407470703,104.69799041748047,127.76000213623047,17.93000030517578,12.715381622314453,59.38654708862305,30.022544860839844,88.23582458496094,68.93895721435547,0.33506176781384256
2016-08-24,185.10787963867188,50.45466995239258,43.9135627746582,29.7581844329834,104.45125579833984,126.33999633789062,17.6200008392334,12.563201904296875,59.126441955566406,29.931543350219727,88.20429229736328,68.92272186279297,0.3332050361845887
2016-08-25,184.9804229736328,50.548004150390625,43.734798431396484,29.78228187561035,104.0549545288086,126.2300033569336,17.6299991607666,12.613929748535156,59.39323043823242,29.802627563476562,88.06265258789062,68.89849090576172,0.33181461694303266
2016-08-26,184.6320037841797,50.48966979980469,43.474117279052734,29.52525520324707,103.44935607910156,126.05000305175781,17.719999313354492,12.571656227111816,58.806365966796875,29.64337921142578,87.72418212890625,68.83358001708984,0.3329000735616487
2016-08-29,185.5411834716797,50.740478515625,43.60818099975586,29.750158309936523,104.83255767822266,126.30000305175781,17.899999618530273,12.5209321975708,59.38654708862305,29.779878616333008,88.08625030517578,68.87415313720703,0.32971608851227996
2016-08-30,185.23524475097656,50.7696418762207,43.5485954284668,29.669832229614258,104.42876434326172,125.02999877929688,17.670000076293945,12.402569770812988,59.2731819152832,29.734376907348633,88.07832336425781,68.88227081298828,0.33166644717209387
2016-08-31,184.70849609375,50.57131576538086,43.45922088623047,29.340524673461914,104.57833862304688,124.77999877929688,17.719999313354492,12.165847778320312,59.33319854736328,29.68128776550293,87.97599029541016,68.87415313720703,0.330500017719111
2016-09-01,184.71697998046875,50.6715087890625,43.757144927978516,29.565414428710938,104.69371795654297,125.29000091552734,17.940000534057617,12.0305757522583,59.18647766113281,29.848133087158203,88.11397552490234,68.90657806396484,0.32868002181731015
2016-09-02,185.54966735839844,50.905845642089844,44.263614654541016,30.047338485717773,103.83979797363281,126.56999969482422,18.440000534057617,12.165847778320312,59.69998550415039,30.29554557800293,87.88536071777344,68.90657806396484,0.33053734935053986
2016-09-06,186.11050415039062,50.964412689208984,44.56153106689453,30.68988800048828,104.59635925292969,128.7100067138672,19.049999237060547,12.25039005279541,60.16015625,30.46238136291504,88.29524993896484,68.95521545410156,0.3505802290468321
2016-09-07,186.09347534179688,50.82380294799805,44.58386993408203,30.593502044677734,104.52141571044922,128.27000427246094,18.780000686645508,12.360297203063965,60.52027893066406,30.454792022705078,88.34256744384766,68.95521545410156,0.352939518046786
2016-09-08,185.6686248779297,50.73011016845703,44.45725631713867,30.513185501098633,103.21057891845703,127.58999633789062,18.6200008392334,12.580111503601074,59.779998779296875,30.454792022705078,87.9090576171875,68.90657806396484,0.3597002940251403
2016-09-09,181.22470092773438,50.24386978149414,43.59327697753906,29.485103607177734,101.51028442382812,126.75,18.110000610351562,12.385661125183105,57.412567138671875,29.817798614501953,87.49125671386719,68.88227081298828,0.3577160739982275
2016-09-12,183.82476806640625,50.419620513916016,43.95079040527344,29.685895919799805,101.56275939941406,126.58999633789062,18.170000076293945,12.385661125183105,58.09279251098633,30.08321762084961,87.5700912475586,68.90657806396484,0.349320768467265
2016-09-13,181.18222045898438,50.032981872558594,43.06447982788086,28.938926696777344,100.40916442871094,125.75,17.93000030517578,12.225027084350586,56.63427734375,29.484130859375,87.2469253540039,68.88227081298828,0.349893957985692
2016-09-14,181.11424255371094,50.021263122558594,43.00489807128906,29.027280807495117,100.55899047851562,126.18000030517578,18.020000457763672,12.13202953338623,56.815582275390625,29.468963623046875,87.44395446777344,68.9227523803711,0.3507226851502377
2016-09-15,182.9241180419922,50.31416702270508,43.377288818359375,29.52525520324707,100.12454223632812,125.37000274658203,18.040000915527344,12.19120979309082,57.03046798706055,29.70404624938965,87.4676513671875,68.97958374023438,0.3486959456219885
2016-09-16,182.21705627441406,50.325897216796875,42.81869125366211,29.324460983276367,100.9334945678711,125.05999755859375,17.860000610351562,12.208117485046387,57.05732345581055,29.173213958740234,87.56226348876953,68.9471435546875,0.3485914170539877
2016-09-19,182.25119018554688,50.35519790649414,43.04212951660156,29.557390213012695,100.6039047241211,125.31999969482422,18.200000762939453,12.199664115905762,57.574378967285156,29.400712966918945,87.41244506835938,68.93091583251953,0.3498858957554304
2016-09-20,182.2597198486328,50.2966194152832,43.30281448364258,29.573444366455078,100.95600128173828,125.44000244140625,18.270000457763672,12.241935729980469,57.487083435058594,29.461376190185547,87.54646301269531,68.9146957397461,0.3493604136082472
2016-09-21,184.309326171875,50.7125244140625,44.06251907348633,30.400732040405273,101.77241516113281,127.2699966430664,18.850000381469727,12.394115447998047,58.22574234008789,29.84054183959961,87.68829345703125,68.93091583251953,0.34294936315737257
2016-09-22,185.47073364257812,50.88239288330078,44.50938415527344,30.617597579956055,102.58142852783203,127.56999969482422,18.899999618530273,12.461750030517578,59.26654052734375,30.18937873840332,87.94843292236328,68.9146957397461,0.3424606167376424
2016-09-23,184.4544677734375,50.82380294799805,44.136993408203125,30.224035263061523,102.48405456542969,127.6500015258789,18.68000030517578,12.318025588989258,59.447872161865234,29.96187973022461,87.98784637451172,68.95521545410156,0.3462189130070398
2016-09-26,182.9599609375,50.60121154785156,43.72734451293945,29.78228187561035,103.1357192993164,127.55000305175781,18.40999984741211,12.402569770812988,59.5888671875,29.628217697143555,88.24005889892578,68.99575805664062,0.3492059342657993
2016-09-27,184.0957794189453,50.74766540527344,43.93589401245117,30.207969665527344,103.8922348022461,126.62000274658203,18.170000076293945,12.284208297729492,58.95766830444336,29.65096664428711,88.38983917236328,69.00386810302734,0.348127943973469
2016-09-28,185.00955200195312,51.087432861328125,44.24870681762695,30.481054306030273,103.66751861572266,126.22000122070312,18.209999084472656,12.571656227111816,59.441158294677734,29.98463249206543,88.35042572021484,68.99575805664062,0.3473020911692775
2016-09-29,183.3357391357422,50.89409637451172,43.69755554199219,29.950956344604492,103.92965698242188,126.06999969482422,18.110000610351562,12.647747039794922,58.6487922668457,29.55237579345703,88.40557098388672,69.02011108398438,0.3478562818668271
2016-09-30,184.7191925048828,51.1167106628418,44.04016876220703,30.079458236694336,103.00083923339844,125.63999938964844,18.200000762939453,12.690018653869629,58.245880126953125,29.863298416137695,88.18488311767578,68.96336364746094,0.3501776433313763
2016-10-03,184.27513122558594,51.08494186401367,43.92100143432617,30.288291931152344,102.66091918945312,125.31999969482422,17.8700008392334,12.799924850463867,57.15804672241211,29.817798614501953,87.97972869873047,68.9544448852539,0.3515548475259383
2016-10-04,183.3357391357422,50.99668884277344,43.9135627746582,29.950956344604492,101.46028137207031,120.97000122070312,16.940000534057617,12.766108512878418,56.379119873046875,29.863298416137695,87.57717895507812,68.8976058959961,0.3504469919284649
2016-10-05,184.14703369140625,51.13200759887695,44.092308044433594,30.384679794311523,100.98761749267578,120.77999877929688,16.850000381469727,12.842196464538574,55.2375602722168,29.93913459777832,87.37983703613281,68.8570327758789,0.3517719318390265
2016-10-06,184.27513122558594,51.16143035888672,43.85395812988281,30.40877342224121,100.42477416992188,119.66000366210938,16.440000534057617,12.867560386657715,55.257713317871094,29.757131576538086,87.19828796386719,68.8570327758789,0.3520648361697491
2016-10-07,183.64317321777344,51.27908706665039,43.63052749633789,30.272220611572266,100.49230194091797,119.73999786376953,16.600000381469727,12.83374309539795,55.163700103759766,29.52962303161621,87.32459259033203,68.88139343261719,0.3544194981505963
2016-10-10,184.59959411621094,51.42622375488281,43.757144927978516,30.601543426513672,99.89946746826172,120.16000366210938,16.729999542236328,12.977466583251953,55.50615692138672,29.59788703918457,87.09571838378906,68.84890747070312,0.3554952099865483
2016-10-11,182.2682647705078,51.13791275024414,43.13896179199219,29.89472770690918,99.67437744140625,119.55000305175781,16.559999465942383,12.90137767791748,54.96894836425781,29.15804672241211,87.072021484375,68.84080505371094,0.36817485478489215
2016-10-12,182.50735473632812,51.1202278137207,43.04212951660156,29.83850860595703,99.77192687988281,119.73999786376953,16.649999618530273,12.808379173278809,55.60017013549805,29.074623107910156,87.072021484375,68.84080505371094,0.3653722132268986
2016-10-13,181.90956115722656,50.99076461791992,42.87827682495117,29.573444366455078,100.14713287353516,120.02999877929688,16.610000610351562,12.892923355102539,56.03664016723633,28.945714950561523,87.25359344482422,68.86518859863281,0.36571335072649075
2016-10-14,182.00343322753906,51.10847854614258,42.9527587890625,29.621644973754883,98.74388885498047,119.36000061035156,16.559999465942383,12.90137767791748,55.78818893432617,28.976049423217773,86.98521423339844,68.84890747070312,0.3677762651313921
2016-10-17,181.37158203125,51.037841796875,42.82612991333008,29.589513778686523,99.37417602539062,119.68000030517578,16.56999969482422,12.918286323547363,55.90908432006836,28.869871139526367,87.17462158203125,68.90576171875,0.3670957077377852
2016-10-18,182.50735473632812,51.24382019042969,43.250675201416016,30.111589431762695,99.6968765258789,120.41999816894531,16.719999313354492,12.943649291992188,56.264957427978516,29.226295471191406,87.34828186035156,68.93008422851562,0.36638759854858854
2016-10-19,182.994140625,51.39091491699219,43.369850158691406,30.29631805419922,99.77944946289062,121.11000061035156,16.790000915527344,13.028194427490234,56.38582992553711,29.271791458129883,87.38774871826172,68.93008422851562,0.36211472166944875
2016-10-20,182.65255737304688,51.396785736083984,43.43688201904297,30.207969665527344,99.8845443725586,120.73999786376953,16.639999389648438,12.909832000732422,56.25825119018555,29.27937889099121,87.30882263183594,68.8976058959961,0.362308250248903
2016-10-21,182.73794555664062,51.40854263305664,43.340049743652344,30.199939727783203,100.03455352783203,120.83000183105469,16.649999618530273,12.960556983947754,56.050086975097656,29.203542709350586,87.40351867675781,68.91385650634766,0.36344022243081114
2016-10-24,183.51504516601562,51.43797302246094,43.33259582519531,30.328449249267578,99.59935760498047,120.55999755859375,16.700000762939453,12.969012260437012,56.17767333984375,29.165620803833008,87.2851333618164,68.8895034790039,0.37546226966520624
2016-10-25,182.9001922607422,51.40854263305664,43.30281448364258,30.36057472229004,99.86199951171875,121.47000122070312,16.860000610351562,12.909832000732422,56.07693862915039,29.089792251586914,87.26932525634766,68.8895034790039,0.37766017384722733
2016-10-26,182.53298950195312,51.20262145996094,43.109161376953125,30.039289474487305,99.18660736083984,120.79000091552734,16.709999084472656,12.825287818908691,55.345001220703125,28.9305477142334,87.07992553710938,68.86518859863281,0.3895576070443176
2016-10-27,182.0461883544922,51.014305114746094,43.057029724121094,29.78228187561035,98.10607147216797,121.01000213623047,16.729999542236328,12.90137767791748,53.89458084106445,28.983623504638672,86.780029296875,68.88139343261719,0.395305872061336
2016-10-28,181.5081787109375,50.7672004699707,43.04212951660156,29.661802291870117,97.88848876953125,121.58000183105469,16.8700008392334,12.81683349609375,54.02216339111328,28.945714950561523,86.79576873779297,68.88139343261719,0.3960743077647947
2016-10-31,181.51675415039062,50.61421203613281,43.06447982788086,29.83047103881836,98.4887466430664,121.94000244140625,16.969999313354492,12.647747039794922,54.90182876586914,28.915376663208008,86.8668212890625,68.93008422851562,0.4025760758327003
2016-11-01,180.20162963867188,50.41679763793945,42.87827682495117,29.589513778686523,98.49626922607422,122.7300033569336,17.40999984741211,12.706927299499512,53.70653533935547,28.786453247070312,86.86997985839844,68.93090057373047,0.41912832530428135
2016-11-02,179.1170196533203,50.19221496582031,42.58780288696289,29.236112594604492,98.92481231689453,123.63999938964844,17.559999465942383,12.55474853515625,52.92088317871094,28.581708908081055,87.13077545166016,68.97147369384766,0.42546639504470074
2016-11-03,178.29718017578125,50.20403289794922,42.54311752319336,29.155790328979492,98.16547393798828,124.30000305175781,17.420000076293945,12.512476921081543,52.511268615722656,28.521038055419922,87.07545471191406,68.97962951660156,0.3955281442443317
2016-11-04,178.10072326660156,50.2276725769043,42.13347625732422,28.85861587524414,99.04517364501953,124.38999938964844,17.459999084472656,12.427932739257812,52.9276237487793,28.26320457458496,87.34417724609375,69.0039291381836,0.4038757424040504
2016-11-07,182.0291290283203,50.93102264404297,42.714420318603516,29.902755737304688,98.20309448242188,122.1500015258789,17.290000915527344,12.478659629821777,53.854270935058594,28.71820640563965,86.98065185546875,68.97962951660156,0.4038160117937642
2016-11-08,182.8489532470703,50.81871795654297,42.83358383178711,30.095529556274414,97.80461120605469,121.63999938964844,17.399999618530273,12.461750030517578,54.13629913330078,28.809206008911133,86.67237091064453,68.90655517578125,0.4076736838144299
2016-11-09,184.78750610351562,50.464088439941406,42.870826721191406,29.115636825561523,93.654541015625,121.55999755859375,17.450000762939453,12.5209321975708,53.31708526611328,28.953292846679688,85.35245513916016,68.81725311279297,0.4153838049326789
2016-11-10,185.24871826171875,49.80210876464844,42.75166320800781,28.288347244262695,92.27114868164062,119.75,17.559999465942383,12.419477462768555,52.423980712890625,28.847126007080078,84.83873748779297,68.79290008544922,0.4109392025489663
2016-11-11,184.8217010498047,49.33518981933594,42.4909782409668,27.750211715698242,91.7524642944336,117.0999984741211,16.469999313354492,12.182755470275879,52.73958206176758,28.5665340423584,84.66487121582031,68.79290008544922,0.411442881621268
2016-11-14,184.9668731689453,49.70164489746094,42.26008987426758,27.54941177368164,91.20361328125,116.11000061035156,16.0,12.157392501831055,53.98858642578125,28.33146095275879,84.17481994628906,68.68732452392578,0.4049014684123803
2016-11-15,186.41014099121094,50.357696533203125,42.4462890625,28.103612899780273,91.65470886230469,117.12000274658203,16.190000534057617,12.427932739257812,53.538658142089844,28.498292922973633,84.17481994628906,68.7116470336914,0.4086907867416974
2016-11-16,186.05995178222656,50.15673828125,41.99940490722656,27.87068748474121,92.48168182373047,116.7699966430664,16.09000015258789,12.275754928588867,53.38422393798828,28.15703773498535,84.25384521484375,68.70355224609375,0.42740126020114233
2016-11-17,187.01649475097656,50.02078628540039,42.31968307495117,27.91084098815918,91.12086486816406,116.16999816894531,15.84000015258789,12.301116943359375,52.84031295776367,28.285961151123047,83.88236236572266,68.69544982910156,0.4255513989941984
2016-11-18,186.59799194335938,50.02078628540039,41.8578987121582,27.78233528137207,90.85775756835938,115.1500015258789,15.729999542236328,12.402569770812988,52.9947624206543,27.97503662109375,83.51090240478516,68.65482330322266,0.43164371092433823
2016-11-21,188.00709533691406,50.422698974609375,42.21540069580078,28.055423736572266,91.08332824707031,115.58000183105469,15.720000267028809,12.749197959899902,52.83359146118164,28.248037338256836,83.58202362060547,68.6467056274414,0.42455841265136574
2016-11-22,188.37432861328125,50.79508590698242,42.31968307495117,28.481111526489258,91.05323028564453,115.54000091552734,15.800000190734863,12.732290267944336,53.76026916503906,28.27837562561035,83.66106414794922,68.63048553466797,0.43150700354164095
2016-11-23,188.47677612304688,50.605926513671875,42.17071533203125,28.1758975982666,90.69987487792969,113.25,15.520000457763672,12.783016204833984,53.53196716308594,28.07362174987793,83.36070251464844,68.58985137939453,0.42762868520087044
2016-11-25,189.17709350585938,50.67095184326172,42.29732894897461,28.31243896484375,90.83523559570312,112.61000061035156,15.630000114440918,12.690018653869629,53.840850830078125,28.301118850708008,83.28958892822266,68.58174896240234,0.4259373344515052
2016-11-28,188.28884887695312,50.66506576538086,42.07389450073242,28.42488670349121,91.50434112548828,113.80000305175781,15.770000457763672,12.732290267944336,54.08930206298828,27.982622146606445,83.66895294189453,68.62234497070312,0.4225856550126945
2016-11-29,188.65611267089844,50.60002136230469,42.34202194213867,28.465042114257812,91.8877944946289,113.2699966430664,15.779999732971191,12.478659629821777,54.60635757446289,28.217702865600586,83.7558822631836,68.63048553466797,0.42246563294132133
2016-11-30,188.2035369873047,50.623680114746094,42.29732894897461,28.51323890686035,90.39915466308594,111.75,15.65999984741211,12.859106063842773,53.98185348510742,28.19495964050293,83.19476318359375,68.60615539550781,0.4282586959160544
2016-12-01,187.5117645263672,50.386810302734375,42.13347625732422,28.1758975982666,89.44464111328125,111.54000091552734,15.65999984741211,13.095829010009766,53.18949508666992,28.15703773498535,82.8773422241211,68.57365417480469,0.43462379165443776
2016-12-02,187.60568237304688,50.689571380615234,42.23774719238281,28.208023071289062,90.1000747680664,112.13999938964844,15.829999923706055,13.188826560974121,53.719966888427734,28.240463256835938,83.24935913085938,68.646728515625,0.44678195036755425
2016-12-05,188.73297119140625,50.82019805908203,42.65483093261719,28.440950393676758,90.00215148925781,111.54000091552734,15.880000114440918,13.256461143493652,54.11616134643555,28.687875747680664,83.21769714355469,68.646728515625,0.43572992964633367
2016-12-06,189.33079528808594,51.07548904418945,42.9453010559082,28.593563079833984,89.93436431884766,111.43000030517578,15.850000381469727,13.197280883789062,54.46535110473633,28.968463897705078,83.24935913085938,68.6304702758789,0.43890241725428586
2016-12-07,191.80734252929688,51.33076477050781,43.585838317871094,29.075469970703125,90.70277404785156,111.83000183105469,16.229999542236328,13.095829010009766,55.55316925048828,29.37796401977539,83.52639770507812,68.65485382080078,0.44114683699959906
2016-12-08,192.2770233154297,51.32481002807617,43.5485954284668,29.203983306884766,89.63302612304688,111.56999969482422,16.139999389648438,13.121192932128906,55.935943603515625,29.249046325683594,83.20974731445312,68.646728515625,0.44268483010811804
2016-12-09,193.43849182128906,51.34856414794922,43.734798431396484,29.05137062072754,88.51803588867188,110.4000015258789,15.970000267028809,13.188826560974121,55.87549591064453,29.400712966918945,82.78236389160156,68.63864135742188,0.44382426861631197
2016-12-12,193.2164306640625,51.27732467651367,43.54115676879883,28.85861587524414,88.68378448486328,110.81999969482422,16.190000534057617,13.273370742797852,56.24480438232422,29.355209350585938,82.79822540283203,68.6142349243164,0.44801270239675495
2016-12-13,194.50599670410156,51.40202331542969,44.0103759765625,29.179893493652344,89.00017547607422,110.44999694824219,16.040000915527344,13.307188987731934,56.21794128417969,29.696474075317383,82.84567260742188,68.60614013671875,0.4482820860470186
2016-12-14,192.90052795410156,51.01610565185547,43.362396240234375,28.31243896484375,88.00576782226562,108.83000183105469,15.930000305175781,13.18037223815918,54.989112854003906,29.26421546936035,82.15708923339844,68.47615051269531,0.44881331691491005
2016-12-15,193.69473266601562,51.03987503051758,43.26557922363281,28.36063003540039,88.45024871826172,107.33999633789062,15.180000305175781,13.16346263885498,54.666805267333984,29.256629943847656,81.92759704589844,68.44367980957031,0.4468646758606736
2016-12-16,193.31585693359375,51.08735275268555,43.29536056518555,28.232126235961914,88.2468490600586,108.05000305175781,15.270000457763672,13.222643852233887,55.48601531982422,29.347625732421875,82.03045654296875,68.47615051269531,0.4507808866836738
2016-12-19,193.73680114746094,51.217960357666016,43.22833251953125,28.03936195373535,89.19605255126953,108.58999633789062,15.170000076293945,13.146553993225098,56.083648681640625,29.241464614868164,82.410400390625,68.50865936279297,0.4552645383043927
2016-12-20,194.48416137695312,51.289207458496094,43.377288818359375,28.135740280151367,88.7516098022461,107.79000091552734,15.239999771118164,13.205735206604004,56.21123504638672,29.347625732421875,82.23624420166016,68.51673126220703,0.4599520591912057
2016-12-21,193.94297790527344,51.378265380859375,43.38932800292969,28.018754959106445,89.14330291748047,107.8499984741211,15.119999885559082,13.129645347595215,55.35844802856445,29.393129348754883,82.37078857421875,68.54924011230469,0.4791369423217851
2016-12-22,193.60787963867188,51.48904037475586,43.29151153564453,27.685693740844727,88.98397064208984,107.58999633789062,14.979999542236328,13.112737655639648,55.265872955322266,29.340408325195312,82.33512115478516,68.56634521484375,0.49651500954438266
2016-12-23,193.8914337158203,51.584381103515625,43.40438461303711,27.848159790039062,89.16520690917969,107.93000030517578,14.90999984741211,13.138100624084473,55.40986251831055,29.424453735351562,82.4144058227539,68.56634521484375,0.5295057609345057
2016-12-27,194.3724822998047,51.536705017089844,43.35171127319336,27.970012664794922,88.878173828125,108.55999755859375,15.130000114440918,13.3410062789917,55.52640914916992,29.46265983581543,82.29547882080078,68.53376770019531,0.5359460807865477
2016-12-28,192.76608276367188,51.465232849121094,43.1861572265625,28.18123435974121,89.52778625488281,108.86000061035156,15.199999809265137,13.349459648132324,55.190467834472656,29.279285430908203,82.59674072265625,68.55817413330078,0.560482391939398
2016-12-29,192.72320556640625,51.536705017089844,43.29151153564453,28.644285202026367,89.84497833251953,110.29000091552734,15.319999694824219,13.366369247436523,55.876060485839844,29.48558235168457,82.85041809082031,68.63136291503906,0.5590902550922644
2016-12-30,192.01873779296875,51.55458068847656,43.44200897216797,28.441194534301758,89.98096466064453,109.61000061035156,15.109999656677246,13.391732215881348,56.58222198486328,29.653676986694336,83.09613037109375,68.6557388305664,0.5520497547770066
2017-01-03,193.4877166748047,51.76901626586914,43.712913513183594,28.78238868713379,90.3661880493164,110.47000122070312,15.4399995803833,13.231099128723145,56.76734161376953,29.722450256347656,83.05652618408203,68.5988540649414,0.5994890042848756
2017-01-04,194.63877868652344,52.048973083496094,44.209564208984375,29.001733779907227,90.71363067626953,110.86000061035156,15.579999923706055,13.332551002502441,57.59687805175781,29.982227325439453,83.15165710449219,68.61509704589844,0.6631743838866091
2017-01-05,194.48416137695312,51.9715461730957,44.58580780029297,29.318557739257812,92.13361358642578,112.58000183105469,15.760000228881836,13.400187492370605,57.782012939453125,30.242015838623047,83.69071197509766,68.6639175415039,0.5819955069568364
2017-01-06,195.17994689941406,51.95960998535156,44.435302734375,29.19670295715332,91.28768920898438,111.75,15.640000343322754,13.383277893066406,57.78887176513672,30.112117767333984,83.31021118164062,68.60700225830078,0.5181441505712385
2017-01-09,194.5356903076172,51.94768142700195,44.36758804321289,29.172332763671875,92.02031707763672,112.66999816894531,15.699999809265137,13.18037223815918,57.26781463623047,29.997516632080078,83.6272964477539,68.6639175415039,0.5185042518385331
2017-01-10,194.5356903076172,51.95367431640625,44.37511444091797,29.342926025390625,91.95991516113281,113.1500015258789,15.90999984741211,13.121192932128906,56.78104019165039,29.997516632080078,83.58770751953125,68.63948059082031,0.5212902431383777
2017-01-11,195.08547973632812,51.98345947265625,44.6083869934082,29.692251205444336,92.26957702636719,113.5,15.869999885559082,13.264915466308594,56.43138885498047,30.1579647064209,83.68280029296875,68.67201232910156,0.44667458249237435
2017-01-12,194.59584045410156,51.995365142822266,44.67610549926758,29.822233200073242,92.06562805175781,113.91000366210938,15.90999984741211,13.459366798400879,56.71931838989258,30.211450576782227,83.73039245605469,68.69642639160156,0.4622251874868853
2017-01-13,195.04248046875,52.013221740722656,44.8416633605957,29.797863006591797,91.62757110595703,114.20999908447266,15.9399995803833,13.434003829956055,56.6370735168457,30.32605743408203,83.54802703857422,68.6639175415039,0.473223261371703
2017-01-17,194.3553009033203,51.95960998535156,44.67610549926758,29.78160285949707,92.58682250976562,115.8499984741211,16.280000686645508,13.425549507141113,57.07584762573242,30.303138732910156,83.96820831298828,68.71265411376953,0.5214389737601173
2017-01-18,194.78485107421875,52.00728225708008,44.548179626464844,29.61913299560547,91.4009780883789,114.87000274658203,16.190000534057617,13.307188987731934,57.17182159423828,30.188526153564453,83.37361907958984,68.64762115478516,0.5091946543427265
2017-01-19,194.06321716308594,51.840492248535156,44.435302734375,29.529773712158203,90.7740707397461,114.7699966430664,16.1200008392334,13.264915466308594,56.58906173706055,30.112117767333984,83.05652618408203,68.62323760986328,0.5163477104030717
2017-01-20,194.77622985839844,51.941768646240234,44.691158294677734,29.58664321899414,90.59278106689453,115.05000305175781,16.190000534057617,13.417095184326172,57.00043869018555,30.272573471069336,83.09613037109375,68.6639175415039,0.5140234745781683
2017-01-23,194.2694091796875,51.941768646240234,44.80404281616211,30.02532386779785,91.4991683959961,115.79000091552734,16.290000915527344,13.417095184326172,57.48035430908203,30.371906280517578,83.53223419189453,68.72893524169922,0.5289475391218253
2017-01-24,195.51498413085938,51.97752380371094,44.916908264160156,30.21216583251953,90.87223815917969,115.2699966430664,16.219999313354492,13.450912475585938,57.49406433105469,30.43303871154785,83.21508026123047,68.68830108642578,0.5126801668038803
2017-01-25,197.20733642578125,52.162139892578125,45.38346481323242,30.54524040222168,89.73174285888672,114.31999969482422,16.100000381469727,13.366369247436523,57.11699295043945,30.799795150756836,82.8028564453125,68.67201232910156,0.5177656814402175
2017-01-26,197.00108337402344,52.13833236694336,45.2028694152832,30.415264129638672,90.03382110595703,113.26000213623047,15.930000305175781,13.425549507141113,57.00727462768555,30.6087703704834,82.913818359375,68.68013000488281,0.5269799342998865
2017-01-27,196.69187927246094,52.185977935791016,45.127620697021484,30.439640045166016,90.3586196899414,113.48999786376953,16.219999313354492,13.315643310546875,56.45195770263672,30.59349250793457,83.0168685913086,68.71265411376953,0.5282227446213047
2017-01-30,195.47203063964844,52.0787467956543,44.80404281616211,30.27715492248535,90.08670806884766,113.97000122070312,16.229999542236328,13.23955249786377,56.068016052246094,30.32605743408203,82.99314880371094,68.71265411376953,0.5285857202489533
2017-01-31,195.45484924316406,52.025146484375,44.87177276611328,30.334028244018555,90.71363067626953,115.55000305175781,16.6299991607666,13.315643310546875,56.472530364990234,30.440671920776367,83.27851104736328,68.72893524169922,0.5573133395426008
2017-02-01,195.53216552734375,52.21778869628906,45.05236053466797,30.350269317626953,90.15272521972656,115.19999694824219,16.610000610351562,13.459366798400879,55.79378128051758,30.54001235961914,83.11888885498047,68.7053451538086,0.5680070116552793
2017-02-02,195.66104125976562,52.24772644042969,45.074947357177734,30.480247497558594,90.1148910522461,115.83999633789062,16.559999465942383,13.459366798400879,56.45881652832031,30.509437561035156,83.15065002441406,68.7297592163086,0.5810880854143022
2017-02-03,197.0096893310547,52.33746337890625,45.25554656982422,30.667097091674805,90.07706451416016,116.12999725341797,16.56999969482422,13.450912475585938,56.76734161376953,30.631698608398438,83.21420288085938,68.7053451538086,0.5914888882494332
2017-02-06,196.65753173828125,52.30154800415039,44.931968688964844,30.59398078918457,90.62202453613281,117.69999694824219,16.81999969482422,13.366369247436523,56.67134475708008,30.341337203979492,83.61116027832031,68.77854919433594,0.5962212070939609
2017-02-07,196.6660919189453,52.22378158569336,44.88681411743164,30.439640045166016,91.28815460205078,117.45999908447266,16.790000915527344,13.307188987731934,56.472530364990234,30.303138732910156,83.76205444335938,68.76226043701172,0.6095451993560844
2017-02-08,196.92384338378906,52.25969314575195,44.96207809448242,30.62647819519043,92.52955627441406,118.19000244140625,16.84000015258789,13.357914924621582,56.91817092895508,30.379541397094727,84.10340118408203,68.8273696899414,0.6105329978290096
2017-02-09,198.09205627441406,52.33147430419922,45.15019607543945,30.76457977294922,91.46219635009766,117.29000091552734,16.75,13.425549507141113,57.0553092956543,30.501798629760742,83.60322570800781,68.77041625976562,0.5710853113818706
2017-02-10,198.8738250732422,52.36736297607422,45.25554656982422,31.048913955688477,91.40925598144531,117.5999984741211,17.020000457763672,13.5692720413208,57.459800720214844,30.501798629760742,83.54766082763672,68.76226043701172,0.5678065776003401
2017-02-13,199.95619201660156,52.44513702392578,45.4361457824707,31.14639663696289,91.12165832519531,116.80000305175781,16.889999389648438,13.417095184326172,57.48035430908203,30.63933753967285,83.42062377929688,68.74598693847656,0.5689368321766708
2017-02-14,200.7550506591797,52.48103332519531,45.36841583251953,31.178897857666016,90.46314239501953,116.93000030517578,17.010000228881836,13.434003829956055,57.17866897583008,30.662256240844727,83.11888885498047,68.69717407226562,0.576924329069095
2017-02-15,201.80307006835938,52.498985290527344,45.5414924621582,31.43073272705078,90.04672241210938,117.44999694824219,17.040000915527344,13.450912475585938,56.986732482910156,30.74630355834961,82.96012878417969,68.67280578613281,0.5786070567373978
2017-02-16,201.6312713623047,52.45711135864258,45.6468391418457,31.31699562072754,90.53876495361328,118.08000183105469,17.149999618530273,13.366369247436523,57.322662353515625,30.891475677490234,83.29361724853516,68.7053451538086,0.5900702862551366
2017-02-17,201.94912719726562,52.510948181152344,45.52644729614258,31.1870174407959,91.0761947631836,117.68000030517578,17.059999465942383,13.3410062789917,57.43236541748047,30.792144775390625,83.51589965820312,68.75410461425781,0.6008501190720894
2017-02-21,203.15176391601562,52.68445587158203,45.67694854736328,31.528217315673828,90.9172592163086,117.75,17.030000686645508,13.3240966796875,58.16594314575195,30.83034896850586,83.4761962890625,68.76226043701172,0.6405293317404375
2017-02-22,202.97134399414062,52.70841598510742,45.67694854736328,31.62569808959961,91.06866455078125,117.91000366210938,17.110000610351562,13.256461143493652,57.974002838134766,30.83034896850586,83.61116027832031,68.77854919433594,0.6417582960577105
2017-02-23,203.1088104248047,52.756256103515625,45.77476501464844,31.63382339477539,91.34110260009766,118.94000244140625,17.239999771118164,13.298733711242676,58.27564239501953,30.914403915405273,83.83350372314453,68.8110580444336,0.670060369806244
2017-02-24,203.3665313720703,52.79813766479492,45.443668365478516,31.260133743286133,92.35546875,119.69999694824219,17.399999618530273,13.273370742797852,58.54988479614258,30.63933753967285,84.22248077392578,68.84364318847656,0.6740576235699611
2017-02-27,203.68435668945312,52.86395263671875,45.4737663269043,31.162647247314453,91.81044006347656,119.12000274658203,17.270000457763672,13.23955249786377,58.858394622802734,30.692819595336914,83.92081451416016,68.78665924072266,0.6776699934716229
2017-02-28,203.13455200195312,52.822044372558594,45.406044006347656,30.862071990966797,92.15106964111328,119.2300033569336,17.3700008392334,13.29028034210205,58.45389938354492,30.63933753967285,83.88109588623047,68.75410461425781,0.6776699934716229
2017-03-01,205.97793579101562,53.01675796508789,45.880123138427734,31.341367721557617,90.60697937011719,119.05999755859375,17.440000534057617,13.349459648132324,58.27564239501953,30.998451232910156,83.29676055908203,68.70043182373047,0.7020954664849632
2017-03-02,204.68080139160156,52.8484992980957,45.57912063598633,30.788957595825195,90.28083801269531,117.58000183105469,16.799999237060547,13.138100624084473,57.96028518676758,30.883834838867188,83.05821228027344,68.62712860107422,0.7184690849764866
2017-03-03,204.80966186523438,52.87252426147461,45.85002136230469,31.024539947509766,90.51595306396484,117.51000213623047,16.979999542236328,13.205735206604004,57.73402786254883,31.143617630004883,83.13775634765625,68.64342498779297,0.7322410568157565
2017-03-06,204.19979858398438,52.70426559448242,45.7070426940918,31.04079246520996,90.08364868164062,116.72000122070312,16.829999923706055,13.188826560974121,57.47349548339844,30.983163833618164,83.12184143066406,68.65971374511719,0.7310005249507167
2017-03-07,203.58987426757812,52.36177062988281,45.54902267456055,31.073293685913086,89.81060791015625,115.77999877929688,16.549999237060547,13.129645347595215,57.19927215576172,30.80742835998535,83.00262451171875,68.6352767944336,0.702692772587825
2017-03-08,203.21189880371094,52.01328659057617,45.38346481323242,30.780818939208984,89.32524871826172,115.05999755859375,16.31999969482422,12.83374309539795,56.14344787597656,30.677539825439453,82.72433471679688,68.57832336425781,0.6604579030328898
2017-03-09,203.46957397460938,51.87504196166992,45.55654525756836,30.537109375,88.61236572265625,114.47000122070312,16.059999465942383,12.723836898803711,55.300148010253906,30.922040939331055,82.4937744140625,68.57017517089844,0.6825631362832826
2017-03-10,204.18260192871094,51.85704803466797,45.9403190612793,30.878314971923828,88.92333984375,114.72000122070312,16.149999618530273,12.605474472045898,55.12873458862305,31.197113037109375,82.66864776611328,68.61090850830078,0.6413448088048139
2017-03-13,204.2856903076172,51.89908981323242,46.18111801147461,31.308860778808594,88.36206817626953,114.73999786376953,16.06999969482422,12.588565826416016,55.265872955322266,31.319353103637695,82.46196746826172,68.57832336425781,0.7075055034159187
2017-03-14,203.5039520263672,51.742835998535156,45.82743835449219,31.130144119262695,88.7867660522461,114.12000274658203,15.989999771118164,12.537840843200684,55.25216293334961,31.09013557434082,82.54940032958984,68.57017517089844,0.7121459128354638
2017-03-15,205.2649383544922,52.457916259765625,46.48212432861328,31.942522048950195,89.87130737304688,116.25,16.43000030517578,12.647747039794922,56.369686126708984,31.510379791259766,83.27290344238281,68.70043182373047,0.7176650352471766
2017-03-16,204.8612518310547,52.30769729614258,46.7078742980957,32.137489318847656,89.41631317138672,116.7300033569336,16.399999618530273,12.630837440490723,56.260009765625,31.83892250061035,83.0423355102539,68.65157318115234,0.6821726439132192
2017-03-17,204.5013885498047,52.32573318481445,46.828269958496094,32.08062744140625,89.97747802734375,116.98999786376953,16.469999313354492,12.673110008239746,56.5205192565918,31.900053024291992,83.26495361328125,68.68414306640625,0.6318744223950503
2017-03-20,204.27708435058594,52.223575592041016,46.73045349121094,32.45431900024414,90.36427307128906,117.51000213623047,16.5,12.664654731750488,56.472530364990234,31.83892250061035,83.4637222290039,68.72482299804688,0.6054561062737348
2017-03-21,201.65428161621094,51.85102844238281,46.51974105834961,32.09687423706055,91.11504364013672,118.54000091552734,16.610000610351562,12.597020149230957,56.22573471069336,31.724313735961914,83.74197387695312,68.75740051269531,0.6435387169248793
2017-03-22,202.12887573242188,51.977195739746094,46.52727127075195,32.251224517822266,91.47913360595703,118.83000183105469,16.6200008392334,12.588565826416016,56.19462585449219,31.724313735961914,83.90096282958984,68.773681640625,0.6025328817935672
2017-03-23,201.91319274902344,51.9952392578125,46.632625579833984,32.25934600830078,91.35018920898438,118.66999816894531,16.670000076293945,12.563201904296875,56.6090087890625,31.762516021728516,83.81354522705078,68.773681640625,0.5964738703797254
2017-03-24,201.76646423339844,52.17550277709961,46.760555267333984,32.340579986572266,91.67633056640625,118.86000061035156,16.809999465942383,12.605474472045898,56.546844482421875,31.87713050842285,83.8612060546875,68.773681640625,0.5384282662182289
2017-03-27,201.5594024658203,52.12140655517578,46.880950927734375,32.251224517822266,92.09344482421875,119.52999877929688,17.149999618530273,12.588565826416016,56.03578567504883,32.04522705078125,84.06794738769531,68.79811096191406,0.6005974557863248
2017-03-28,203.0260772705078,52.40983200073242,47.10670471191406,32.340579986572266,91.47913360595703,119.04000091552734,17.18000030517578,12.664654731750488,56.27750778198242,32.05287551879883,83.78170776367188,68.76551818847656,0.6013900080742183
2017-03-29,203.2158660888672,52.518001556396484,47.10670471191406,32.397457122802734,92.02515411376953,119.33000183105469,17.25,12.783016204833984,56.595176696777344,32.02230453491211,84.02021789550781,68.80622100830078,0.597266422667619
2017-03-30,203.8629608154297,52.76437759399414,46.9411506652832,32.22685623168945,91.28194427490234,118.47000122070312,17.149999618530273,12.83374309539795,56.69876480102539,31.900053024291992,83.78170776367188,68.7899398803711,0.5894902964207498
2017-03-31,203.38845825195312,52.74634552001953,46.87342834472656,31.999391555786133,91.54737091064453,118.72000122070312,17.25,12.859106063842773,57.037174224853516,31.976465225219727,83.94871520996094,68.79811096191406,0.615541044948485
2017-04-03,203.0347900390625,52.7180061340332,46.80569076538086,32.1781120300293,92.47079467773438,119.3499984741211,17.239999771118164,12.808379173278809,57.20292282104492,31.854209899902344,84.36192321777344,68.86160278320312,0.6569029502319608
2017-04-04,203.1641387939453,52.7360725402832,46.79064178466797,32.194358825683594,91.96919250488281,119.62000274658203,17.329999923706055,12.935194969177246,57.20292282104492,31.900053024291992,84.24250793457031,68.83717346191406,0.6508381900974107
2017-04-05,202.56021118164062,52.693843841552734,46.54231643676758,32.09687423706055,92.2503890991211,119.62000274658203,17.31999969482422,12.960556983947754,57.285797119140625,31.686115264892578,84.40169525146484,68.83717346191406,0.6459737908892925
2017-04-06,203.12966918945312,52.76021957397461,46.54984664916992,32.040008544921875,92.11358642578125,119.18000030517578,17.260000228881836,12.994375228881836,57.58966064453125,31.793081283569336,84.34601593017578,68.85346221923828,0.6792264245502184
2017-04-07,202.922607421875,52.7360725402832,46.51974105834961,31.983135223388672,91.74120330810547,119.45999908447266,17.030000686645508,13.028194427490234,57.67253494262695,31.747241973876953,84.09122467041016,68.76387786865234,0.6759068888729292
2017-04-10,203.04339599609375,52.808528900146484,46.467071533203125,31.853164672851562,92.16680145263672,119.45999908447266,17.0,13.129645347595215,58.03164291381836,31.716670989990234,84.24250793457031,68.79647064208984,0.6817820814368057
2017-04-11,202.80177307128906,52.70591354370117,46.68529510498047,31.780052185058594,93.04080200195312,121.19000244140625,17.309999465942383,13.155009269714355,58.43220520019531,31.90769386291504,84.63270568847656,68.86160278320312,0.692050768855171
2017-04-12,201.91319274902344,52.74212646484375,46.64767837524414,31.93440055847168,93.55000305175781,122.0199966430664,17.459999084472656,13.155009269714355,58.32860565185547,31.869489669799805,84.89542388916016,68.9105224609375,0.6893859563814764
2017-04-13,200.60169982910156,52.63349533081055,46.34667205810547,31.796295166015625,93.8388442993164,122.5999984741211,17.530000686645508,13.197280883789062,58.1973991394043,31.64790916442871,85.15021514892578,68.94307708740234,0.6715306401805652
2017-04-17,202.3790283203125,52.790435791015625,46.632625579833984,32.12937927246094,93.55000305175781,122.23999786376953,17.43000030517578,13.121192932128906,58.901817321777344,31.846572875976562,85.01484680175781,68.93490600585938,0.6856759283341236
2017-04-18,201.77505493164062,52.778343200683594,46.42192459106445,31.723180770874023,94.77362823486328,122.81999969482422,17.34000015258789,13.070466041564941,59.060646057128906,31.67847442626953,85.5005874633789,68.9919662475586,0.6958757012103396
2017-04-19,201.40415954589844,52.730045318603516,46.23379135131836,31.528217315673828,94.25682830810547,121.7300033569336,17.18000030517578,12.842196464538574,58.977787017822266,31.571510314941406,85.27754974365234,68.95933532714844,0.6950831489224462
2017-04-20,203.04339599609375,52.90509033203125,46.6025276184082,31.91815757751465,93.89204406738281,121.95999908447266,17.059999465942383,12.791470527648926,58.98466873168945,31.815998077392578,85.08657836914062,68.95120239257812,0.7058744090744654
2017-04-21,202.3962860107422,52.86283493041992,46.632625579833984,31.91815757751465,93.89204406738281,122.30999755859375,17.020000457763672,12.664654731750488,58.770599365234375,31.823646545410156,85.1263656616211,68.98380279541016,0.7018370544784904
2017-04-24,204.62228393554688,53.11024475097656,47.81406021118164,32.37308120727539,93.42839050292969,121.4800033569336,16.979999542236328,12.622383117675781,58.12144088745117,32.9774055480957,84.95117950439453,68.9105224609375,0.7179751857400241
2017-04-25,205.8128204345703,53.206756591796875,48.152679443359375,32.657413482666016,92.3036117553711,120.25,16.68000030517578,12.681563377380371,58.36314010620117,33.267738342285156,84.51322937011719,68.84536743164062,0.7267851002254848
2017-04-26,205.68341064453125,53.158504486083984,48.0172233581543,32.535552978515625,92.81280517578125,120.83999633789062,16.56999969482422,12.613929748535156,57.92805099487305,33.137847900390625,84.7361831665039,68.86981964111328,0.7357385925159526
2017-04-27,205.8560028076172,53.194725036621094,48.062374114990234,32.49493408203125,92.78240203857422,120.38999938964844,16.3700008392334,12.546295166015625,57.77614212036133,33.1607780456543,84.79193115234375,68.89421844482422,0.7567871127512709
2017-04-28,205.40731811523438,53.1766242980957,48.009700775146484,32.543678283691406,92.98760986328125,120.7699966430664,16.299999237060547,12.512476921081543,57.17530059814453,33.12256622314453,84.87947082519531,68.9267807006836,0.7560692237262351
2017-05-01,205.92498779296875,53.20387268066406,48.205360412597656,32.730525970458984,92.2145767211914,119.66999816894531,15.989999771118164,12.537840843200684,57.513675689697266,33.252464294433594,84.69608306884766,68.87950897216797,0.8164408163713874
2017-05-02,206.0026397705078,53.22206115722656,48.453678131103516,32.96611022949219,92.68675994873047,119.6500015258789,15.930000305175781,12.402569770812988,57.41701126098633,33.48168182373047,84.87152862548828,68.90394592285156,0.8343707958351564
2017-05-03,205.75245666503906,53.27055740356445,48.3558464050293,32.74677658081055,92.74772644042969,117.9800033569336,15.59000015258789,12.351842880249023,56.65043640136719,33.39763259887695,84.69608306884766,68.85506439208984,0.8557753862226383
2017-05-04,205.99403381347656,52.985687255859375,48.814884185791016,32.381202697753906,92.2907485961914,116.79000091552734,15.430000305175781,12.055939674377441,56.37418746948242,33.8942756652832,84.50469970703125,68.8469009399414,0.8831011589396631
2017-05-05,206.8050079345703,53.076629638671875,49.35668182373047,32.64928436279297,92.37454223632812,117.01000213623047,15.5,12.225027084350586,56.90595245361328,34.28396987915039,84.5206298828125,68.87133026123047,0.8933123591509455
2017-05-08,206.7705535888672,53.13721466064453,48.98796463012695,32.64116668701172,91.87186431884766,116.75,15.40999984741211,12.174301147460938,56.50540542602539,33.924842834472656,84.31334686279297,68.83876037597656,0.9897392270150175
2017-05-09,206.5806884765625,53.10086441040039,48.8675651550293,33.055484771728516,91.8642578125,116.05000305175781,15.300000190734863,12.115120887756348,56.2015266418457,33.917205810546875,84.21760559082031,68.80614471435547,1.008122934776641
2017-05-10,206.95167541503906,53.33116149902344,48.94279861450195,33.27481460571289,91.75765228271484,116.04000091552734,15.350000381469727,12.309571266174316,56.643524169921875,34.008888244628906,84.18571472167969,68.82245635986328,1.0263688134539657
2017-05-11,206.52896118164062,53.33721160888672,48.82240295410156,33.34791946411133,91.75765228271484,116.5,15.449999809265137,12.360297203063965,56.360374450683594,33.90957260131836,84.24951171875,68.83062744140625,1.0616544611614747
2017-05-12,206.18382263183594,53.31903076171875,49.09330749511719,33.48603057861328,92.45071411132812,116.83000183105469,15.569999694824219,12.360297203063965,56.132484436035156,34.17699432373047,84.68018341064453,68.91212463378906,0.9902503724136049
2017-05-15,207.32269287109375,53.44024658203125,49.34162521362305,33.82722854614258,92.19937133789062,117.13999938964844,15.75,12.427932739257812,56.298213958740234,34.37565231323242,84.62431335449219,68.90394592285156,0.9983998850811128
2017-05-16,207.1328887939453,53.5190544128418,49.657691955566406,33.85972595214844,92.5420913696289,117.6500015258789,15.930000305175781,12.444842338562012,55.91840744018555,34.72712707519531,84.73592376708984,68.90394592285156,0.9961140675360649
2017-05-17,203.45748901367188,53.28266143798828,49.09330749511719,33.28294372558594,93.89012908935547,119.79000091552734,16.0,12.52938461303711,56.146278381347656,34.24575424194336,85.41375732421875,68.97734832763672,1.0562100020126195
2017-05-18,204.27708435058594,53.34326934814453,49.176090240478516,32.730525970458984,93.99674224853516,118.80999755859375,15.710000038146973,12.49556827545166,56.45706558227539,34.29160690307617,85.38987731933594,68.94475555419922,1.084672899728285
2017-05-19,205.60577392578125,53.44024658203125,49.747989654541016,33.429168701171875,94.21762084960938,119.4000015258789,15.9399995803833,12.740744590759277,56.76094436645508,34.742408752441406,85.3659439086914,68.96105194091797,1.141564132729016
2017-05-22,206.64974975585938,53.60386276245117,49.80818176269531,33.46166229248047,93.95867156982422,119.9000015258789,16.229999542236328,12.825287818908691,56.981937408447266,34.82645034790039,85.27022552490234,68.9365234375,1.2482079495250789
2017-05-23,207.10699462890625,53.59782409667969,49.815711975097656,33.49415588378906,93.32652282714844,119.13999938964844,16.149999618530273,12.783016204833984,57.0302848815918,34.77296829223633,85.04695129394531,68.91212463378906,1.3326431963106995
2017-05-24,207.59014892578125,53.6887092590332,49.8458137512207,33.62413787841797,93.85201263427734,119.61000061035156,16.280000686645508,12.75765323638916,57.492984771728516,34.82645034790039,85.22237396240234,68.95288848876953,1.4034098080170996
2017-05-25,208.5823211669922,53.64631271362305,49.8458137512207,33.78662109375,93.8824691772461,119.4800033569336,16.229999542236328,12.478659629821777,57.499874114990234,34.79589080810547,85.27022552490234,68.95288848876953,1.323775864724506
2017-05-26,208.53919982910156,53.676597595214844,49.70283126831055,33.90846633911133,94.0424575805664,120.54000091552734,16.399999618530273,12.571656227111816,57.085514068603516,34.6277961730957,85.32606506347656,68.94475555419922,1.2648744723473246
2017-05-30,208.3580322265625,53.73111343383789,49.65016555786133,33.729740142822266,94.50702667236328,120.13999938964844,16.469999313354492,12.47020435333252,56.72639083862305,34.57430648803711,85.54131317138672,68.9692153930664,1.249396813010094
2017-05-31,208.30624389648438,53.72506332397461,49.71036148071289,33.469791412353516,94.74310302734375,120.62000274658203,16.389999389648438,12.334935188293457,56.76094436645508,34.6812858581543,85.58122253417969,68.97734832763672,1.3131108661090187
2017-06-01,209.96279907226562,53.88149642944336,50.033939361572266,33.754112243652344,94.75302124023438,120.72000122070312,16.3799991607666,12.25039005279541,57.05788040161133,34.902862548828125,85.53646850585938,68.96428680419922,1.3828724331803688
2017-06-02,210.66160583496094,53.91190719604492,50.58326721191406,33.92471694946289,95.87493133544922,121.61000061035156,16.59000015258789,12.19120979309082,57.644920349121094,35.132076263427734,85.91190338134766,69.01323699951172,1.429202214644712
2017-06-05,210.5063018798828,53.86320495605469,50.30482864379883,33.884098052978516,95.2796401977539,121.7300033569336,16.6299991607666,12.123576164245605,57.39629364013672,34.92578887939453,85.76814270019531,68.95612335205078,1.5430651627360903
2017-06-06,209.83334350585938,53.77800369262695,50.161861419677734,33.90034103393555,95.7986068725586,123.0999984741211,16.760000228881836,12.208117485046387,57.12004470825195,34.79589080810547,86.03971862792969,68.9805679321289,1.6443678571433469
2017-06-07,210.2216033935547,53.66847229003906,50.176918029785156,33.85972595214844,95.34071350097656,122.44999694824219,16.649999618530273,12.039030075073242,57.520591735839844,34.78824996948242,85.87995147705078,68.95612335205078,1.5691100924367671
2017-06-08,210.32508850097656,53.71110534667969,50.08660888671875,34.06282424926758,95.08882904052734,121.6500015258789,16.489999771118164,12.039030075073242,57.38248062133789,34.65835952758789,85.74418640136719,68.93980407714844,1.6112991124387364
2017-06-09,210.005859375,53.75367736816406,49.89848327636719,33.802860260009766,94.94380187988281,120.54000091552734,16.280000686645508,12.106666564941406,57.78303909301758,34.559024810791016,85.66427612304688,68.91531372070312,1.6217457998800084
2017-06-12,209.96279907226562,53.844966888427734,49.71036148071289,33.62413787841797,94.91329193115234,120.36000061035156,16.040000915527344,11.996758460998535,58.30098342895508,34.3832893371582,85.6483383178711,68.90718078613281,1.527455282822569
2017-06-13,210.98947143554688,53.94233703613281,50.094146728515625,33.78662109375,94.92855834960938,120.4800033569336,15.949999809265137,12.047484397888184,58.43220520019531,34.58195114135742,85.68028259277344,68.90718078613281,1.5604150822591223
2017-06-14,210.72198486328125,53.948429107666016,50.05650329589844,33.77849197387695,96.39398193359375,119.81999969482422,15.949999809265137,11.836126327514648,58.51507568359375,34.52082061767578,86.12751007080078,68.93980407714844,1.4394364798451778
2017-06-15,210.31646728515625,53.74150466918945,49.53728103637695,33.429168701171875,96.24127197265625,119.31999969482422,15.880000114440918,11.88685417175293,58.812015533447266,34.17699432373047,85.9758071899414,68.91531372070312,1.4154359915261505
2017-06-16,210.36244201660156,53.65024185180664,49.95869064331055,33.48603057861328,96.4321060180664,119.33999633789062,15.789999961853027,11.937578201293945,58.66011428833008,34.559024810791016,86.0237045288086,68.94793701171875,1.4464372999662785
2017-06-19,212.1136932373047,53.81452941894531,50.161861419677734,33.8191032409668,96.29471588134766,118.43000030517578,15.609999656677246,11.861490249633789,58.6670036315918,34.68891906738281,85.78409576416016,68.90718078613281,1.4872363914711422
2017-06-20,210.68324279785156,53.6258544921875,49.75810623168945,33.445316314697266,97.15716552734375,118.18000030517578,15.59000015258789,11.743128776550293,58.52889633178711,34.3262825012207,85.99974060058594,68.91531372070312,1.5631545579956747
2017-06-21,210.63121032714844,53.315486907958984,49.696929931640625,33.51876449584961,97.35559844970703,118.5199966430664,15.539999961853027,11.616312026977539,58.41148376464844,34.33406448364258,85.99173736572266,68.92351531982422,1.5443803578639879
2017-06-22,210.5358123779297,53.46154022216797,49.689292907714844,33.690147399902344,97.56929016113281,118.91999816894531,15.680000305175781,11.633221626281738,58.46672439575195,34.30292892456055,86.07160949707031,68.9316635131836,1.5537472673010022
2017-06-23,210.7873077392578,53.6806526184082,49.81163787841797,33.86970520019531,97.52349853515625,119.43000030517578,15.789999961853027,11.683947563171387,58.66960906982422,34.4196662902832,86.09557342529297,68.97244262695312,1.5764325604921319
2017-06-26,210.9259490966797,53.75367736816406,49.895748138427734,34.1961669921875,97.88984680175781,118.36000061035156,15.680000305175781,11.709311485290527,59.08795166015625,34.53639602661133,86.16746520996094,68.97244262695312,1.4234016152373432
2017-06-27,209.2266845703125,53.583255767822266,49.888099670410156,33.7962532043457,96.84423828125,118.80999755859375,15.789999961853027,11.844581604003906,58.55806350708008,34.62199783325195,85.74418640136719,68.9316635131836,1.4659006455194596
2017-06-28,211.09938049316406,53.802364349365234,50.323978424072266,34.05741500854492,96.52367401123047,118.9000015258789,15.920000076293945,11.920670509338379,58.69750213623047,34.87879943847656,85.66427612304688,68.96428680419922,1.4787308086514706
2017-06-29,209.24404907226562,53.66847229003906,49.82693099975586,33.62487030029297,95.71466827392578,118.31999969482422,15.729999542236328,11.971396446228027,58.0281982421875,34.48970031738281,85.34490203857422,68.92351531982422,1.4583600065025801
2017-06-30,209.63417053222656,53.79627990722656,49.85750961303711,33.779937744140625,95.49336242675781,118.0199966430664,15.710000038146973,12.216573715209961,58.0281982421875,34.48970031738281,85.14520263671875,68.92351531982422,1.4247742975723237
2017-07-03,209.98963928222656,53.770015716552734,49.79634475708008,33.97580337524414,95.18589782714844,116.08999633789062,15.300000190734863,12.343389511108398,58.76723098754883,34.50526428222656,84.83245849609375,68.8720932006836,1.4725684604775797
2017-07-05,210.47515869140625,53.727203369140625,49.79634475708008,33.91051483154297,95.20882415771484,116.5199966430664,15.180000305175781,12.157392501831055,57.93754959106445,34.50526428222656,84.89640808105469,68.89656066894531,1.4943520457937085
2017-07-06,208.55044555664062,53.59275817871094,49.57457733154297,33.502437591552734,94.42108917236328,116.47000122070312,15.149999618530273,12.165847778320312,56.84992599487305,34.38075637817383,84.73646545410156,68.91289520263672,1.4981253097688523
2017-07-07,209.9028778076172,53.543853759765625,49.58222198486328,33.56774139404297,93.85514831542969,115.27999877929688,14.729999542236328,12.047484397888184,57.170631408691406,34.45079803466797,84.6004638671875,68.9046859741211,1.4464946469606612
2017-07-10,210.12835693359375,53.60496139526367,49.7045783996582,33.886024475097656,93.99282836914062,115.47000122070312,14.829999923706055,12.098212242126465,56.64773941040039,34.52861404418945,84.71244812011719,68.9373779296875,1.3625878618421028
2017-07-11,209.97230529785156,53.56829071044922,49.81928634643555,34.16352081298828,94.1534194946289,115.62000274658203,14.989999771118164,12.216573715209961,56.584991455078125,34.5753059387207,84.82444763183594,68.96186065673828,1.3426190495046924
2017-07-12,211.55020141601562,53.91667938232422,50.216922760009766,34.8245849609375,94.80345916748047,116.02999877929688,15.050000190734863,12.157392501831055,57.28218460083008,34.87102127075195,85.0724105834961,68.9945068359375,1.3776807775299784
2017-07-13,211.90565490722656,53.95944595336914,50.362213134765625,34.99597930908203,94.20697784423828,115.81999969482422,14.869999885559082,12.14893913269043,57.372825622558594,35.01887130737305,84.984375,68.96186065673828,1.3541683696203555
2017-07-14,212.89402770996094,54.112300872802734,50.713966369628906,35.43668746948242,94.3216781616211,116.7699966430664,15.079999923706055,12.284208297729492,57.9235954284668,35.23677062988281,85.10440063476562,68.9945068359375,1.282632270615245
2017-07-17,212.86798095703125,54.13063049316406,50.61455535888672,35.273468017578125,94.58172607421875,117.29000091552734,15.220000267028809,12.241935729980469,58.39073181152344,35.18229675292969,85.2083511352539,69.0026626586914,1.2798008153473601
2017-07-18,212.98074340820312,54.155086517333984,50.66043472290039,35.37956237792969,95.40766906738281,118.11000061035156,15.380000114440918,12.292662620544434,58.265235900878906,35.15116882324219,85.5202865600586,69.01902770996094,1.3317587345978235
2017-07-19,214.1337432861328,54.24676513671875,50.882198333740234,35.673362731933594,95.4458999633789,118.08000183105469,15.399999618530273,12.402569770812988,58.70447540283203,35.22120666503906,85.5202865600586,69.01902770996094,1.3056563176900635
2017-07-20,214.2291259765625,54.27732467651367,51.088653564453125,35.632572174072266,95.72122955322266,118.23999786376953,15.420000076293945,12.385661125183105,58.43257522583008,35.4157600402832,85.5443115234375,69.01902770996094,1.6181793496376629
2017-07-21,214.0384063720703,54.23454284667969,50.88983917236328,35.60807800292969,96.12659454345703,119.26000213623047,15.600000381469727,12.216573715209961,58.39073181152344,35.20564270019531,85.69625854492188,69.05167388916016,1.5321245059520054
2017-07-24,213.98641967773438,54.27732467651367,50.752201080322266,35.714168548583984,95.75184631347656,119.30999755859375,15.579999923706055,12.241935729980469,58.279178619384766,35.09669876098633,85.64030456542969,69.02714538574219,1.5821470693015767
2017-07-25,214.50665283203125,54.30177688598633,50.821014404296875,35.6244010925293,94.5052490234375,118.91999816894531,15.59000015258789,12.377206802368164,58.355873107910156,35.17451858520508,85.16034698486328,68.98637390136719,1.479701360962271
2017-07-26,214.5152130126953,54.38124084472656,51.13454818725586,35.918209075927734,94.65819549560547,119.87999725341797,15.75,12.49556827545166,58.76026153564453,35.446876525878906,85.4323501586914,69.03532409667969,1.4526914874588017
2017-07-27,214.3158416748047,54.338436126708984,51.01984786987305,35.72233963012695,94.19168090820312,119.79000091552734,15.680000305175781,12.571656227111816,58.8299674987793,35.28346252441406,85.29632568359375,69.01902770996094,1.5344332482735363
2017-07-28,214.06442260742188,54.34455108642578,51.073368072509766,35.70601272583008,94.74998474121094,120.69000244140625,15.8100004196167,12.639290809631348,58.66960906982422,35.3223762512207,85.44035339355469,69.05985260009766,1.6132459657810452
2017-07-31,213.9430389404297,54.34455108642578,51.180423736572266,35.746826171875,94.86470031738281,120.75,15.899999618530273,12.715381622314453,58.74631118774414,35.4157600402832,85.46437072753906,69.05167388916016,1.6513400738736064
2017-08-01,214.41989135742188,54.398555755615234,51.46335983276367,35.85292053222656,95.53074645996094,120.6500015258789,15.789999961853027,12.571656227111816,59.011253356933594,35.58695983886719,85.6766128540039,69.0770034790039,1.5611272225634498
2017-08-02,214.52394104003906,54.41083908081055,51.486305236816406,35.88556671142578,95.58439636230469,120.4000015258789,15.670000076293945,12.597020149230957,58.474388122558594,35.62586212158203,85.59649658203125,69.0442886352539,1.5567681499268606
2017-08-03,214.10777282714844,54.30650329589844,51.51688766479492,35.738670349121094,96.57308197021484,120.58999633789062,15.720000267028809,12.504023551940918,58.355873107910156,35.68035125732422,85.89289855957031,69.0688247680664,1.6107878969337988
2017-08-04,214.49790954589844,54.318763732910156,51.5857048034668,35.8692512512207,95.75302124023438,119.6500015258789,15.380000114440918,12.52938461303711,58.55107498168945,35.75038146972656,85.66061401367188,69.0442886352539,1.6631420572750337
2017-08-07,214.89669799804688,54.29425048828125,51.608638763427734,36.11408996582031,95.86030578613281,119.51000213623047,15.329999923706055,12.55474853515625,58.48833465576172,35.78929138183594,85.70866394042969,69.0688247680664,1.940563120152389
2017-08-08,214.3678741455078,54.06098937988281,51.33335494995117,36.12225341796875,95.5154037475586,119.86000061035156,15.5600004196167,12.563201904296875,58.20947265625,35.55582809448242,85.63655853271484,69.0688247680664,1.9641098801735617
2017-08-09,214.35922241210938,53.85228729248047,51.24925231933594,35.79579544067383,96.0365982055664,121.30999755859375,15.979999542236328,12.647747039794922,58.01426315307617,35.50914001464844,85.74066925048828,69.0606460571289,1.91961800678347
2017-08-10,211.33343505859375,53.50860595703125,50.522796630859375,34.94701385498047,96.85667419433594,122.20999908447266,16.18000030517578,12.453295707702637,57.59591293334961,34.97996520996094,86.0611343383789,69.08517456054688,1.941907058883828
2017-08-11,211.64561462402344,53.600685119628906,50.43103790283203,35.02861785888672,96.90266418457031,122.79000091552734,16.170000076293945,12.49556827545166,57.24032974243164,34.90993118286133,86.15728759765625,69.17504119873047,2.096592093362903
2017-08-14,213.74363708496094,53.88298797607422,50.79808807373047,35.387733459472656,96.40451049804688,121.91999816894531,16.1299991607666,12.385661125183105,58.19552230834961,35.16673278808594,85.94901275634766,69.11785125732422,2.4839706197802016
2017-08-15,213.71759033203125,53.901405334472656,50.75984191894531,35.42852783203125,95.99828338623047,120.9800033569336,15.739999771118164,12.326480865478516,58.02123260498047,35.12782287597656,85.69264221191406,69.08517456054688,2.401729421327347
2017-08-16,214.0904083251953,53.90757751464844,51.050418853759766,35.79579544067383,96.35084533691406,121.87000274658203,16.149999618530273,12.292662620544434,58.25130844116211,35.31459426879883,85.85285186767578,69.1259994506836,2.513547647611675
2017-08-17,210.7525634765625,53.606807708740234,50.476905822753906,35.338748931884766,97.0713119506836,122.48999786376953,16.1200008392334,12.326480865478516,57.888755798339844,34.87102127075195,86.15728759765625,69.142333984375,2.4877381350346375
2017-08-18,210.42315673828125,53.68659973144531,50.61455535888672,35.64072799682617,97.04830932617188,122.30000305175781,16.100000381469727,12.546295166015625,57.3031120300293,34.89435958862305,86.17327117919922,69.13420867919922,2.389490815577489
2017-08-21,210.587890625,53.74183654785156,50.59926223754883,35.771305084228516,97.28593444824219,122.76000213623047,16.06999969482422,12.394115447998047,57.9166259765625,34.92549514770508,86.22933959960938,69.15050506591797,2.298244176028741
2017-08-22,212.7899627685547,53.9627685546875,50.843955993652344,36.17121505737305,96.91038513183594,122.20999908447266,16.06999969482422,12.427932739257812,57.74930953979492,35.12782287597656,86.0611343383789,69.142333984375,2.3549746551686903
2017-08-23,212.0270233154297,53.96894836425781,50.85161209106445,36.34260559082031,97.56952667236328,122.66999816894531,16.149999618530273,12.537840843200684,58.3419303894043,35.12004852294922,86.35753631591797,69.20774841308594,2.384264527390149
2017-08-24,211.5328826904297,54.048683166503906,50.736915588378906,36.45686721801758,97.20927429199219,122.29000091552734,16.030000686645508,12.52938461303711,58.16065979003906,35.07334899902344,86.22135162353516,69.142333984375,2.4894554601867154
2017-08-25,212.0270233154297,54.14691925048828,51.042781829833984,36.66905212402344,97.5848388671875,122.73999786376953,16.110000610351562,12.504023551940918,58.439537048339844,35.3223762512207,86.36551666259766,69.16682434082031,2.510658985562107
2017-08-28,212.03575134277344,54.15305709838867,51.042781829833984,36.538475036621094,97.52352905273438,124.69000244140625,16.5,12.512476921081543,57.99332809448242,35.33015441894531,86.44567108154297,69.142333984375,2.5170109013066715
2017-08-29,212.27841186523438,54.08551788330078,50.83632278442383,36.47318649291992,97.83775329589844,124.41999816894531,16.420000076293945,12.512476921081543,57.93058395385742,35.190086364746094,86.64592742919922,69.17504119873047,2.629782573952375
2017-08-30,213.2841339111328,54.23283767700195,50.767494201660156,36.530311584472656,97.80706787109375,124.36000061035156,16.459999084472656,12.419477462768555,58.25825881958008,35.12782287597656,86.57383728027344,69.19137573242188,2.6219029006264067
2017-08-31,214.56727600097656,54.38015365600586,51.1574821472168,36.58744812011719,98.0983657836914,125.81999969482422,16.649999618530273,12.766108512878418,58.59292984008789,35.38462829589844,86.71002960205078,69.19137573242188,2.7012097276894282
2017-09-01,214.8706817626953,54.43561935424805,51.226295471191406,36.85677719116211,97.34796142578125,126.05999755859375,16.729999542236328,12.783016204833984,58.795135498046875,35.46244430541992,86.45489501953125,69.1766586303711,2.8095360968879186
2017-09-05,213.32752990722656,54.31237030029297,50.882198333740234,36.3752555847168,98.8917236328125,127.45999908447266,16.90999984741211,12.808379173278809,58.6347541809082,35.23677062988281,87.05663299560547,69.24209594726562,2.513490160404592
2017-09-06,214.05572509765625,54.27537155151367,51.195709228515625,36.61193084716797,98.28500366210938,126.80999755859375,16.8700008392334,12.935194969177246,58.78812789916992,35.48579025268555,86.84803771972656,69.23390197753906,2.6401776631199727
2017-09-07,214.0297393798828,54.28152847290039,51.61629867553711,36.88125991821289,99.29112243652344,128.1300048828125,17.100000381469727,12.926740646362305,59.16462326049805,35.80485153198242,87.22509765625,69.2747573852539,2.6417626274830597
2017-09-08,213.77828979492188,54.10894775390625,51.62394332885742,36.63641357421875,99.07608032226562,127.97000122070312,17.020000457763672,12.783016204833984,59.213443756103516,35.81264114379883,87.16091918945312,69.25845336914062,2.4286185716959414
2017-09-11,216.0584259033203,54.28152847290039,52.02922821044922,37.126102447509766,97.8932876586914,126.19000244140625,16.770000457763672,12.808379173278809,59.75725173950195,36.08500289916992,86.66348266601562,69.1930160522461,2.3898640617854277
2017-09-12,216.78671264648438,54.34934997558594,52.18981170654297,37.08528518676758,97.37871551513672,126.55999755859375,16.889999389648438,12.842196464538574,59.05309295654297,36.24842834472656,86.45489501953125,69.16030883789062,2.3723705644573885
2017-09-13,216.89076232910156,54.36782455444336,51.9068717956543,36.88941955566406,96.99468994140625,125.61000061035156,16.760000228881836,12.90137767791748,58.899688720703125,36.03053283691406,86.27836608886719,69.14395904541016,2.229815050247413
2017-09-14,216.82138061523438,54.44180679321289,51.99863815307617,36.98735427856445,97.39405059814453,126.16000366210938,16.770000457763672,12.909832000732422,59.38773727416992,36.14725875854492,86.29444122314453,69.152099609375,1.811923155586691
2017-09-15,217.11329650878906,54.4911003112793,52.044525146484375,37.207706451416016,97.43247985839844,125.52999877929688,16.6200008392334,12.969012260437012,59.49927520751953,36.1628303527832,86.39873504638672,69.14395904541016,2.0890685602954484
2017-09-18,217.5750274658203,54.46646499633789,52.113346099853516,37.33829116821289,96.871826171875,124.36000061035156,16.270000457763672,12.952102661132812,59.17857360839844,36.23286437988281,86.06175994873047,69.10305786132812,2.334689943617724
2017-09-19,217.79287719726562,54.521915435791016,52.35803985595703,37.41990280151367,96.63371276855469,124.62000274658203,16.360000610351562,12.926740646362305,58.78812789916992,36.4040641784668,85.96549987792969,69.11126708984375,2.254154292450129
2017-09-20,217.87127685546875,54.5157470703125,52.24333572387695,37.2485237121582,96.70281982421875,123.62000274658203,16.190000534057617,13.03664779663086,58.62779235839844,36.29512023925781,85.79704284667969,69.05400085449219,2.243230881828169
2017-09-21,217.2875213623047,54.44792556762695,52.13628387451172,37.2485237121582,96.64907836914062,122.68000030517578,16.030000686645508,12.985921859741211,58.5162467956543,36.32624816894531,85.68470764160156,69.03765869140625,2.085347034806679
2017-09-22,217.3311309814453,54.50341796875,52.2968635559082,37.036319732666016,96.92559814453125,123.23999786376953,16.049999237060547,13.03664779663086,58.10347366333008,36.4040641784668,85.83711242675781,69.05400085449219,2.0851517185152972
2017-09-25,216.88671875,54.53425216674805,51.99863815307617,36.40789794921875,97.53229522705078,124.52999877929688,16.209999084472656,13.256461143493652,58.44157791137695,36.12391662597656,86.09387969970703,69.09487915039062,2.254786090877241
2017-09-26,217.01744079589844,54.60200881958008,51.88393020629883,36.30995178222656,97.35567474365234,123.13999938964844,15.90999984741211,13.138100624084473,58.54018783569336,36.01496887207031,86.02163696289062,69.07855224609375,2.2354203333634004
2017-09-27,217.862548828125,54.62668991088867,51.92216873168945,36.179378509521484,95.88871765136719,121.9800033569336,15.829999923706055,13.087373733520508,58.01190948486328,36.07722473144531,85.58039855957031,69.07038879394531,2.412491867769474
2017-09-28,218.12399291992188,54.62668991088867,52.059814453125,36.15488815307617,95.60453796386719,122.20999908447266,15.920000076293945,13.087373733520508,58.406349182128906,36.20173645019531,85.56431579589844,69.07855224609375,2.3975942683729805
2017-09-29,218.89071655273438,54.706787109375,52.365692138671875,36.57112503051758,95.81958770751953,121.58000183105469,15.739999771118164,13.019739151000977,58.52609634399414,36.474098205566406,85.46004486083984,69.06214141845703,2.390897709811319
2017-10-02,219.84034729003906,54.67898941040039,52.319801330566406,36.579288482666016,95.64414978027344,120.7699966430664,15.670000076293945,12.909832000732422,58.44157791137695,36.4040641784668,85.36283874511719,69.11377716064453,2.5323218477433618
2017-10-03,220.3108367919922,54.77798843383789,52.49567794799805,37.15875244140625,95.73651123046875,120.83000183105469,15.710000038146973,12.918286323547363,58.35704803466797,36.52079772949219,85.48333740234375,69.07280731201172,2.4795771950320633
2017-10-04,220.57225036621094,54.722259521484375,52.396278381347656,37.150577545166016,95.74417877197266,121.16999816894531,15.6899995803833,12.935194969177246,58.65287399291992,36.45854187011719,85.45923614501953,69.20381164550781,2.4289688230210467
2017-10-05,221.879150390625,54.790374755859375,52.365692138671875,37.428070068359375,95.38247680664062,120.5199966430664,15.6899995803833,13.078920364379883,58.864192962646484,36.41184997558594,85.3708724975586,69.05646514892578,2.48585451762012
2017-10-06,221.62646484375,54.709896087646484,52.32746124267578,37.2403678894043,95.1131362915039,121.08999633789062,15.850000381469727,12.876014709472656,58.67400360107422,36.380714416503906,85.26641845703125,69.03187561035156,2.5102052572642526
2017-10-09,221.2605438232422,54.71611022949219,52.34274673461914,37.21586990356445,95.4132308959961,122.08000183105469,16.020000457763672,12.884468078613281,58.81489181518555,36.36515808105469,85.36283874511719,69.03187561035156,2.740624639417895
2017-10-10,221.84429931640625,54.75946044921875,52.839786529541016,37.5831298828125,95.56717681884766,122.4000015258789,16.149999618530273,13.03664779663086,58.990962982177734,36.75425720214844,85.39501190185547,69.04830932617188,2.7463506456687563
2017-10-11,222.19287109375,54.70372772216797,52.96977996826172,37.754520416259766,95.7518539428711,122.79000091552734,16.25,13.062010765075684,59.188194274902344,36.84763717651367,85.49140167236328,69.04010009765625,2.7719016060266206
2017-10-12,221.86172485351562,54.64182662963867,52.92390441894531,37.738197326660156,96.15975952148438,122.88999938964844,16.260000228881836,13.045103073120117,59.56853485107422,36.777591705322266,85.57178497314453,69.03187561035156,3.128221617222109
2017-10-13,222.13180541992188,54.666561126708984,53.199195861816406,38.08097839355469,96.85240173339844,123.81999969482422,16.40999984741211,13.171916961669922,59.723514556884766,36.83986282348633,85.86100006103516,69.07280731201172,3.243256042423677
2017-10-16,222.42807006835938,54.697509765625,53.16096496582031,38.056488037109375,96.78312683105469,122.97000122070312,16.25,13.205735206604004,59.42768096923828,36.74647521972656,85.71633911132812,69.00732421875,3.2882704885474228
2017-10-17,222.58493041992188,54.77798843383789,53.02330780029297,37.860626220703125,96.90629577636719,122.12999725341797,16.09000015258789,13.188826560974121,59.49813461303711,36.60639572143555,85.68423461914062,69.01554870605469,3.2193071523783243
2017-10-18,222.80270385742188,54.833656311035156,53.17626190185547,37.95039367675781,96.26750183105469,121.66999816894531,16.059999465942383,13.18037223815918,59.43471908569336,36.76203536987305,85.46727752685547,68.99098205566406,3.2107959610506445
2017-10-19,222.86370849609375,54.839881896972656,53.092140197753906,37.615779876708984,96.43683624267578,122.38999938964844,16.270000457763672,13.121192932128906,59.258636474609375,36.69977569580078,85.5556640625,69.03187561035156,3.2784670969746785
2017-10-20,224.0137481689453,54.8894157409668,53.02330780029297,37.754520416259766,95.4132308959961,121.61000061035156,16.079999923706055,13.188826560974121,58.9205436706543,36.59083938598633,85.20214080810547,68.99098205566406,3.4524432958110864
2017-10-23,223.14251708984375,54.8275032043457,52.90861511230469,37.452545166015625,95.58260345458984,121.80000305175781,16.139999389648438,13.188826560974121,58.695152282714844,36.474098205566406,85.28247833251953,68.99098205566406,3.405849213406862
2017-10-24,223.53463745117188,54.8275032043457,52.99273681640625,37.452545166015625,94.99000549316406,121.33000183105469,16.020000457763672,13.3240966796875,58.342952728271484,36.45075225830078,85.02532958984375,68.9746322631836,3.174011439577973
2017-10-25,222.42807006835938,54.672733306884766,52.78627014160156,37.37093734741211,94.53594970703125,121.3499984741211,16.010000228881836,13.3410062789917,58.173919677734375,36.41184997558594,84.88877868652344,68.958251953125,3.302748851970312
2017-10-26,222.7156524658203,54.604713439941406,52.77861404418945,37.1179313659668,94.22039794921875,120.33000183105469,15.850000381469727,13.400187492370605,57.6949348449707,36.32624816894531,84.77628326416016,68.958251953125,3.3912101662295413
2017-10-27,224.53651428222656,54.75322341918945,52.900962829589844,37.65658950805664,94.84380340576172,120.9000015258789,15.90999984741211,13.46782112121582,57.9555549621582,36.26399230957031,85.04947662353516,69.00732421875,3.3200356757782528
2017-10-30,223.70008850097656,54.740821838378906,53.02330780029297,37.41990280151367,95.7518539428711,121.12999725341797,15.90999984741211,13.501638412475586,57.90625762939453,36.474098205566406,85.35479736328125,69.04010009765625,3.520832040334756
2017-10-31,224.0486602783203,54.75322341918945,53.24507522583008,37.770843505859375,95.78268432617188,120.66999816894531,15.789999961853027,13.535455703735352,57.899200439453125,36.66086959838867,85.29853820800781,68.99913787841797,3.714874639547915
2017-11-01,224.3448028564453,54.701026916503906,53.29860305786133,37.966712951660156,96.20913696289062,121.11000061035156,16.18000030517578,13.543909072875977,58.18096160888672,36.62974548339844,85.35004425048828,68.98932647705078,3.886542096062792
2017-11-02,224.43202209472656,54.66995620727539,53.459190368652344,38.015689849853516,96.63330841064453,121.19000244140625,16.170000076293945,13.628456115722656,58.67400360107422,36.72312545776367,85.46271514892578,69.00566864013672,4.065261970972444
2017-11-03,225.18133544921875,54.676151275634766,53.37507247924805,37.8198127746582,96.89553833007812,120.62000274658203,15.920000076293945,13.712997436523438,58.52609634399414,36.62974548339844,85.5995101928711,68.96476745605469,4.139497304669148
2017-11-06,225.52980041503906,54.682373046875,53.4515380859375,38.244205474853516,97.25800323486328,121.6500015258789,16.270000457763672,13.97508430480957,58.9205436706543,36.70756530761719,85.70413208007812,69.00566864013672,4.033249728963858
2017-11-07,225.37301635742188,54.527008056640625,53.252716064453125,37.999366760253906,97.66675567626953,121.20999908447266,16.010000228881836,13.89054012298584,59.39952087402344,36.4040641784668,85.736328125,68.97296905517578,4.103097526845832
2017-11-08,225.75633239746094,54.28464126586914,53.42859649658203,38.178916931152344,97.45084381103516,121.62999725341797,16.059999465942383,13.8651762008667,59.69535446166992,36.42741394042969,85.6316909790039,68.96476745605469,4.2841836312840975
2017-11-09,224.93734741210938,54.01741409301758,53.12273025512695,37.942237854003906,97.17320251464844,122.12999725341797,16.06999969482422,13.89054012298584,59.75873947143555,36.17061233520508,85.5995101928711,68.95658874511719,4.102638190039969
2017-11-10,224.8676300048828,54.135494232177734,52.97743606567383,37.77900314331055,95.7078628540039,121.12999725341797,15.949999809265137,13.8651762008667,59.822147369384766,36.116127014160156,85.16494750976562,68.93195343017578,3.8008721362391897
2017-11-13,225.0767364501953,54.09819412231445,52.755672454833984,37.697391510009766,95.90836334228516,121.30999755859375,16.09000015258789,13.822905540466309,60.12501907348633,35.95271301269531,85.12469482421875,68.92378234863281,3.7671888392695925
2017-11-14,224.553955078125,53.86824417114258,52.71745300292969,37.444393157958984,96.55619049072266,121.55999755859375,16.079999923706055,13.636907577514648,59.99821472167969,36.03053283691406,85.2454605102539,68.94019317626953,3.8109856783047813
2017-11-15,223.43002319335938,53.86824417114258,52.4650993347168,37.2485237121582,97.60504150390625,121.41000366210938,16.030000686645508,13.620000839233398,59.392459869384766,35.86711502075195,85.55123138427734,68.91560363769531,4.201396725002055
2017-11-16,225.32943725585938,54.3964958190918,52.88567352294922,38.02384567260742,96.75668334960938,121.4000015258789,16.1200008392334,13.577726364135742,59.88554000854492,36.10056686401367,85.33396911621094,68.92378234863281,4.5207998539358805
2017-11-17,224.66717529296875,54.35923767089844,52.69449996948242,38.2115592956543,97.47393798828125,122.86000061035156,16.309999465942383,13.797541618347168,59.62493133544922,36.05388259887695,85.44659423828125,68.88282012939453,4.427359586692468
2017-11-20,225.0506134033203,54.371646881103516,52.8092041015625,38.40742874145508,97.43537902832031,121.30999755859375,15.979999542236328,13.68763542175293,59.44883346557617,36.05388259887695,85.30979919433594,68.8582534790039,4.709719361509048
2017-11-21,226.52304077148438,54.4835090637207,53.206851959228516,38.921592712402344,97.74385833740234,121.51000213623047,16.010000228881836,13.780632019042969,59.89257049560547,36.24842834472656,85.3259506225586,68.84183502197266,4.635415043163844
2017-11-22,226.32269287109375,54.5705451965332,53.35213088989258,39.019535064697266,98.06007385253906,122.62999725341797,16.170000076293945,13.856720924377441,59.75873947143555,36.380714416503906,85.5995101928711,68.89920043945312,4.7401062578968896
2017-11-24,226.8454132080078,54.607818603515625,53.788002014160156,38.937923431396484,97.79015350341797,122.31999969482422,16.079999923706055,13.898994445800781,59.83620834350586,36.71534729003906,85.52711486816406,68.89920043945312,4.740187020412207
2017-11-27,226.73214721679688,54.440032958984375,53.466827392578125,38.36662673950195,97.65132141113281,122.83000183105469,16.100000381469727,13.873631477355957,59.554473876953125,36.48188781738281,85.58342742919922,68.89920043945312,5.638788342827483
2017-11-28,229.03236389160156,54.607818603515625,53.7727165222168,38.65227508544922,97.78240966796875,122.80999755859375,15.90999984741211,13.814449310302734,59.32907485961914,36.71534729003906,85.5995101928711,68.90740966796875,5.77688158785352
2017-11-29,228.89291381835938,54.53946304321289,53.558597564697266,38.04016876220703,96.81842803955078,122.04000091552734,15.640000343322754,13.721451759338379,59.35022735595703,36.56748580932617,85.3259506225586,68.89100646972656,5.679139875393301
2017-11-30,230.89688110351562,54.551856994628906,53.612125396728516,37.62393569946289,96.49449157714844,121.0999984741211,15.510000228881836,13.662272453308105,59.441776275634766,36.60639572143555,85.0603256225586,68.85005950927734,5.877271076944359
2017-12-01,230.41766357421875,54.53438949584961,53.398014068603516,37.411746978759766,97.79666137695312,121.58999633789062,15.529999732971191,13.780632019042969,59.58265686035156,36.474098205566406,85.37469482421875,68.86563873291016,6.30341000220558
2017-12-04,230.1388397216797,54.515689849853516,53.206851959228516,37.48519515991211,97.84302520751953,121.18000030517578,15.4399995803833,13.61154556274414,59.28681182861328,36.41962814331055,85.3343734741211,68.82463836669922,6.694860866287554
2017-12-05,229.3111114501953,54.48445510864258,53.092140197753906,37.4607048034668,98.32987976074219,120.31999969482422,15.229999542236328,13.61154556274414,58.79376983642578,36.28733444213867,85.39884185791016,68.81639862060547,6.843894627884976
2017-12-06,229.35475158691406,54.434532165527344,52.985084533691406,36.954708099365234,98.6698989868164,120.06999969482422,15.100000381469727,13.383277893066406,58.737396240234375,36.2250862121582,85.57611846923828,68.84920501708984,8.207768801038734
2017-12-07,230.07786560058594,54.45951843261719,53.12273025512695,37.06080627441406,97.89714050292969,118.48999786376953,14.869999885559082,13.425549507141113,58.885318756103516,36.31846237182617,85.42304992675781,68.85749053955078,10.279998096465288
2017-12-08,231.33248901367188,54.515689849853516,53.4056510925293,37.49335479736328,97.90483856201172,118.4800033569336,14.960000038146973,13.493184089660645,59.188194274902344,36.50523376464844,85.35855865478516,68.85749053955078,9.515992553482203
2017-12-11,232.02947998046875,54.52814483642578,53.543296813964844,37.68106460571289,97.70392608642578,118.01000213623047,14.850000381469727,13.527000427246094,59.18115997314453,36.57527160644531,85.3021240234375,68.82463836669922,9.72699472006103
2017-12-12,232.4390106201172,54.50321960449219,53.612125396728516,37.428070068359375,97.66527557373047,118.1500015258789,14.859999656677246,13.40864086151123,59.4699592590332,36.59083938598633,85.22960662841797,68.82463836669922,10.001859845626397
2017-12-13,232.41287231445312,54.53438949584961,53.818580627441406,37.8769416809082,98.39942932128906,119.16999816894531,15.149999618530273,13.349459648132324,59.56853485107422,36.66865539550781,85.57611846923828,68.89839172363281,9.423412911792632
2017-12-14,231.46319580078125,54.42210388183594,53.52035903930664,37.59946060180664,98.81671142578125,118.93000030517578,15.020000457763672,13.391732215881348,59.554473876953125,36.45075225830078,85.54391479492188,68.87380981445312,9.512891048553728
2017-12-15,233.39073181152344,54.42831039428711,53.50506591796875,37.68106460571289,99.18769073486328,119.18000030517578,15.149999618530273,13.391732215881348,59.927791595458984,36.41184997558594,85.52778625488281,68.84101104736328,10.169271566264735
2017-12-18,234.87059020996094,54.48445510864258,54.1397590637207,38.1054573059082,98.28349304199219,119.7300033569336,15.220000267028809,13.450912475585938,60.32223892211914,36.89433670043945,85.3343734741211,68.84101104736328,10.977499073190023
2017-12-19,233.9687042236328,54.37211990356445,53.94114303588867,37.90413284301758,97.0084457397461,119.81999969482422,15.220000267028809,13.552364349365234,59.040283203125,36.85541915893555,84.9474868774414,68.80823516845703,10.20935781640177
2017-12-20,233.8459930419922,54.41584014892578,53.848411560058594,37.95384979248047,95.93426513671875,120.13999938964844,15.25,13.628456115722656,58.35704803466797,36.70756530761719,84.69764709472656,68.81639862060547,9.54769408414714
2017-12-21,234.32772827148438,54.472843170166016,54.04160690307617,38.20240020751953,96.49334716796875,120.30999755859375,15.220000267028809,13.636907577514648,58.131004333496094,36.86187744140625,84.75738525390625,68.81149291992188,9.07578300333028
2017-12-22,234.26644897460938,54.52300262451172,54.180728912353516,38.5255126953125,96.625,120.94000244140625,15.399999618530273,13.696088790893555,58.53157424926758,36.8931999206543,84.78970336914062,68.78687286376953,7.943757821021427
2017-12-26,233.98619079589844,54.6044807434082,54.165252685546875,38.49237060546875,96.9115982055664,121.7699966430664,15.59000015258789,13.898994445800781,58.8248405456543,36.8931999206543,84.82198333740234,68.77867126464844,9.246295668046292
2017-12-27,234.10003662109375,54.62953186035156,54.265724182128906,38.591796875,98.17384338378906,122.2300033569336,15.729999542236328,13.932811737060547,59.01796340942383,36.94803237915039,85.18522644042969,68.81149291992188,9.096228258422979
2017-12-28,234.58163452148438,54.6044807434082,54.29664993286133,38.856910705566406,98.08867645263672,122.8499984741211,15.880000114440918,14.000446319580078,59.33268737792969,37.0341911315918,85.08027648925781,68.81973266601562,8.388676835347743
2017-12-29,233.6971435546875,54.68593978881836,54.33527374267578,39.039180755615234,98.24356079101562,123.6500015258789,15.989999771118164,14.042719841003418,59.35414123535156,37.018524169921875,85.21754455566406,68.83610534667969,8.417220215153325
2018-01-02,235.36984252929688,54.736053466796875,54.73713684082031,39.776554107666016,97.18257904052734,125.1500015258789,16.209999084472656,14.110353469848633,59.13240432739258,37.269187927246094,84.93496704101562,68.81149291992188,8.604387905250166
2018-01-03,236.85861206054688,54.99930953979492,54.9998779296875,40.15766525268555,97.64722442626953,124.81999969482422,16.170000076293945,14.19489860534668,58.96074676513672,37.371009826660156,85.02378845214844,68.81149291992188,8.730104855654746
2018-01-04,237.85690307617188,55.09330749511719,55.6026611328125,40.356502532958984,97.63175201416016,125.45999908447266,16.229999542236328,14.177989959716797,57.945037841796875,37.8253288269043,84.9834213256836,68.77867126464844,8.958795695640294
2018-01-05,239.44200134277344,55.13090133666992,55.91177749633789,40.7044792175293,97.35295104980469,125.33000183105469,16.219999313354492,14.1272611618042,57.97365188598633,38.08380889892578,84.8785400390625,68.77867126464844,10.00995740948848
2018-01-08,239.8798370361328,55.08701705932617,55.89633560180664,40.7044792175293,97.29100036621094,125.30999755859375,16.149999618530273,14.118807792663574,58.27408218383789,37.98197937011719,84.8381118774414,68.77867126464844,8.712358414615542
2018-01-09,240.4228057861328,54.91781997680664,55.95815658569336,40.63820266723633,95.98998260498047,124.7300033569336,16.030000686645508,14.211806297302246,57.52302169799805,38.03681945800781,84.4345474243164,68.7540283203125,8.382302205145747
2018-01-10,240.05494689941406,54.79874038696289,55.849952697753906,40.38136672973633,95.87381744384766,125.02999877929688,16.020000457763672,14.262533187866211,56.87924575805664,37.91149139404297,84.41028594970703,68.77867126464844,8.599334078684073
2018-01-11,241.8065185546875,54.98050308227539,56.236351013183594,40.62991714477539,96.26876068115234,125.44000244140625,16.010000228881836,14.254079818725586,56.68613815307617,38.17781066894531,84.46682739257812,68.7540283203125,7.6991012412892434
2018-01-12,243.38279724121094,54.886505126953125,56.80049133300781,41.019309997558594,96.4314193725586,126.95999908447266,16.270000457763672,14.347074508666992,56.22836685180664,38.686954498291016,84.41028594970703,68.74580383300781,8.029215218391522
2018-01-16,242.55081176757812,54.855125427246094,56.74641036987305,40.86189270019531,96.83412170410156,127.16999816894531,16.25,14.279440879821777,56.335655212402344,38.65562057495117,84.45068359375,68.73762512207031,6.599123073738626
2018-01-17,244.86276245117188,54.86138916015625,57.04005813598633,41.40042495727539,96.70244598388672,126.13999938964844,16.059999465942383,14.296347618103027,56.72903823852539,38.82794189453125,84.2650146484375,68.71299743652344,6.425738292071672
2018-01-18,244.451171875,54.80500793457031,56.97050857543945,41.45014190673828,95.80416107177734,125.86000061035156,15.970000267028809,14.296347618103027,55.99946975708008,38.86711120605469,83.99861907958984,68.69660186767578,6.5901640430465
2018-01-19,245.5633544921875,54.86138916015625,57.287353515625,41.78981399536133,95.30074310302734,126.41999816894531,16.049999237060547,14.27098560333252,56.29990005493164,39.05510711669922,83.78068542480469,68.72120666503906,6.66626027970029
2018-01-22,247.55995178222656,54.911537170410156,57.58100891113281,42.030094146728516,95.39366912841797,126.6500015258789,16.040000915527344,14.304803848266602,56.81489562988281,39.3214225769043,83.7483901977539,68.68833923339844,6.278025894960956
2018-01-23,248.08543395996094,55.074501037597656,57.76648712158203,42.22892761230469,95.80416107177734,127.27999877929688,16.079999923706055,14.406258583068848,57.60170364379883,39.43891143798828,83.99053955078125,68.7293930053711,6.241844288099155
2018-01-24,247.98907470703125,54.99303436279297,57.8669548034668,42.58518981933594,95.28523254394531,128.8300018310547,16.559999465942383,14.558433532714844,57.30128860473633,39.564239501953125,83.82910919189453,68.71299743652344,6.523831097133197
2018-01-25,248.09414672851562,54.95543670654297,57.64284133911133,42.560333251953125,96.06742095947266,127.97000122070312,16.309999465942383,14.473891258239746,57.20115661621094,39.4075813293457,84.01476287841797,68.69660186767578,6.466399975130337
2018-01-26,250.96656799316406,54.99930953979492,58.152896881103516,43.14857482910156,95.71119689941406,128.07000732421875,16.40999984741211,14.583799362182617,57.00087356567383,39.72089385986328,83.76448822021484,68.6554946899414,6.4158605877678205
2018-01-29,249.30271911621094,54.80500793457031,57.61967086791992,42.49405288696289,95.04517364501953,127.3499984741211,16.209999084472656,14.54152774810791,56.235504150390625,39.32925033569336,83.55464935302734,68.63094329833984,6.487649490271395
2018-01-30,246.7455291748047,54.61698913574219,57.140525817871094,41.91410446166992,94.48758697509766,126.80000305175781,16.149999618530273,14.440074920654297,55.82780838012695,39.062931060791016,83.36094665527344,68.63907623291016,5.804161370804878
2018-01-31,246.86819458007812,54.71097946166992,57.0632438659668,42.27864456176758,95.04517364501953,127.6500015258789,16.350000381469727,14.456982612609863,56.8292121887207,39.05510711669922,83.3851547241211,68.63907623291016,5.870092186694001
2018-02-01,246.58790588378906,54.607784271240234,57.22552490234375,41.706974029541016,93.6677017211914,128.07000732421875,16.25,14.600707054138184,55.6060676574707,39.12559127807617,82.95501708984375,68.61121368408203,5.266744038155108
2018-02-02,241.2197265625,54.26165771484375,56.06633758544922,40.63820266723633,92.79855346679688,126.38999938964844,15.65999984741211,14.363985061645508,55.13398742675781,38.1543083190918,82.64775085449219,68.61937713623047,5.071598806267557
2018-02-05,231.13125610351562,53.959571838378906,53.717044830322266,39.213172912597656,93.67548370361328,126.70999908447266,15.739999771118164,14.228713989257812,53.49598693847656,36.57988739013672,83.32695007324219,68.74263763427734,3.9944896105453354
2018-02-06,235.6851348876953,54.28681564331055,54.7757682800293,40.489070892333984,93.09344482421875,125.37999725341797,15.649999618530273,14.144171714782715,53.503143310546875,37.386680603027344,82.96305847167969,68.6933364868164,4.453209200101763
2018-02-07,234.40658569335938,54.085426330566406,54.1961784362793,39.213172912597656,92.20877075195312,124.79000091552734,15.40999984741211,13.983539581298828,53.274261474609375,36.932373046875,82.72053527832031,68.64399719238281,4.376997989033808
2018-02-08,225.6142120361328,53.613433837890625,52.781959533691406,37.854427337646484,92.10787963867188,124.9800033569336,15.460000038146973,13.839815139770508,51.743534088134766,36.00807571411133,82.79332733154297,68.6522445678711,4.747020987420067
2018-02-09,229.00326538085938,53.46239471435547,53.00606155395508,38.4592399597168,91.52586364746094,124.7699966430664,15.390000343322754,13.636907577514648,53.038204193115234,36.13341522216797,82.64775085449219,68.70977020263672,5.017745912373861
2018-02-12,232.36602783203125,53.82740020751953,53.8174934387207,39.06404495239258,91.92938995361328,125.37000274658203,15.569999694824219,13.721451759338379,53.05967330932617,36.57988739013672,82.62352752685547,68.67686462402344,5.126629486842955
2018-02-13,232.9440460205078,53.65746307373047,53.65522384643555,39.3623046875,92.3406753540039,126.08000183105469,15.619999885559082,13.746814727783203,53.43162155151367,36.501556396484375,82.76099395751953,68.67686462402344,4.938105659509758
2018-02-14,236.08795166015625,53.75187683105469,54.60575485229492,40.34822463989258,91.31631469726562,128.22999572753906,15.90999984741211,13.958174705505371,53.045372009277344,37.230018615722656,82.25962829589844,68.57831573486328,5.452872471718049
2018-02-15,239.10044860839844,54.1861457824707,54.94578170776367,41.176727294921875,91.62674713134766,128.3800048828125,15.90999984741211,13.983539581298828,53.560340881347656,37.504173278808594,82.2839126586914,68.55364990234375,5.838677811639077
2018-02-16,239.1704559326172,54.406394958496094,55.193084716796875,41.04417037963867,92.12342071533203,127.95999908447266,15.729999542236328,14.00890064239502,53.8536262512207,37.5433349609375,82.47798919677734,68.57009887695312,5.877443818991008
2018-02-20,237.6729736328125,54.21760177612305,54.67530059814453,40.48079299926758,91.7198715209961,126.23999786376953,15.539999961853027,14.05117416381836,53.21703338623047,37.12819290161133,82.38899993896484,68.5618667602539,6.549272972010304
2018-02-21,236.49075317382812,53.9721565246582,54.41257095336914,40.4476432800293,90.59464263916016,125.66000366210938,15.539999961853027,14.03426456451416,52.165557861328125,36.96369934082031,82.14646911621094,68.57009887695312,6.139616890934064
2018-02-22,236.79725646972656,54.009891510009766,54.6984977722168,40.47249221801758,90.86622619628906,126.30000305175781,15.65999984741211,14.161079406738281,52.759246826171875,37.15169906616211,82.25962829589844,68.57831573486328,5.745983756386141
2018-02-23,240.57162475585938,54.368648529052734,55.131248474121094,41.193302154541016,91.67333221435547,126.13999938964844,15.59000015258789,14.254079818725586,53.60328674316406,37.402339935302734,82.57500457763672,68.59471893310547,5.916037084296289
2018-02-26,243.365234375,54.463016510009766,55.64903259277344,41.57440948486328,91.70433807373047,126.44999694824219,15.680000305175781,14.330168724060059,53.75349044799805,37.645172119140625,82.6720199584961,68.60295867919922,5.953712236840646
2018-02-27,240.32643127441406,54.318260192871094,54.82213592529297,40.36479187011719,91.57242584228516,125.12999725341797,15.479999542236328,14.186442375183105,52.50174331665039,37.049869537353516,82.41332244873047,68.55364990234375,6.15983219719843
2018-02-28,237.89199829101562,54.236454010009766,54.304359436035156,39.78483963012695,92.15443420410156,125.0,15.460000038146973,14.03426456451416,52.46596908569336,36.642547607421875,82.60733032226562,68.57009887695312,5.971630859075699
2018-03-01,234.43280029296875,53.87693786621094,53.39246368408203,39.71028137207031,92.78351593017578,124.72000122070312,15.539999961853027,14.059627532958984,52.516048431396484,36.25090026855469,82.96282196044922,68.66551971435547,6.2892821705331965
2018-03-02,235.6412811279297,54.180240631103516,53.64749526977539,39.875972747802734,92.02924346923828,125.38999938964844,15.5600004196167,14.059627532958984,52.49458694458008,36.29006576538086,82.65512084960938,68.632568359375,6.367044134065389
2018-03-05,238.3648223876953,54.180240631103516,53.93342590332031,39.93397521972656,91.78042602539062,125.18000030517578,15.489999771118164,14.144171714782715,53.08827209472656,36.53288650512695,82.5498275756836,68.632568359375,6.646675930586834
2018-03-06,238.96905517578125,54.25606155395508,54.250282287597656,40.30680847167969,91.86597442626953,126.52999877929688,15.779999732971191,14.19489860534668,53.338623046875,36.744380950927734,82.54176330566406,68.61611938476562,6.191017745126623
2018-03-07,238.8815155029297,54.123374938964844,54.23480987548828,40.34822463989258,91.76485443115234,125.72000122070312,15.529999732971191,14.042719841003418,53.667659759521484,36.83837127685547,82.54176330566406,68.61611938476562,5.72333884445267
2018-03-08,240.0374298095703,54.186553955078125,54.350738525390625,40.356502532958984,92.2936782836914,125.41999816894531,15.550000190734863,13.958174705505371,53.76779556274414,36.90103530883789,82.71179962158203,68.632568359375,5.395659520676704
2018-03-09,244.21470642089844,54.38243103027344,54.6984977722168,41.2181510925293,91.68708801269531,125.54000091552734,15.630000114440918,14.09344482421875,54.061073303222656,37.073360443115234,82.53365325927734,68.59967803955078,5.362659620407892
2018-03-12,243.9081268310547,54.29397964477539,54.760318756103516,41.31757354736328,92.21588897705078,125.54000091552734,15.609999656677246,14.068082809448242,54.2971076965332,37.13603210449219,82.72796630859375,68.632568359375,5.286603765011761
2018-03-13,242.3318328857422,54.123374938964844,54.3970947265625,40.94474792480469,92.68238830566406,125.77999877929688,15.609999656677246,14.025810241699219,54.34717559814453,36.814876556396484,82.86566162109375,68.6490707397461,5.280705297139651
2018-03-14,241.08828735351562,54.06017303466797,54.528480529785156,41.01102828979492,93.4989013671875,125.69999694824219,15.609999656677246,14.025810241699219,54.397247314453125,36.908870697021484,83.0276107788086,68.64081573486328,4.749444423730362
2018-03-15,240.8256072998047,54.09809875488281,54.49755859375,40.86189270019531,93.4989013671875,124.9000015258789,15.449999809265137,14.017355918884277,54.38294219970703,36.908870697021484,82.99520111083984,68.6490707397461,4.767277235792891
2018-03-16,241.08677673339844,54.21184539794922,54.45893096923828,40.7707633972168,93.16453552246094,124.5999984741211,15.390000343322754,14.068082809448242,54.762027740478516,36.9793586730957,82.89807891845703,68.61611938476562,4.788807737185155
2018-03-19,237.8247833251953,53.99067687988281,54.018428802490234,40.3316535949707,92.86910247802734,124.87000274658203,15.390000343322754,13.97508430480957,54.28994369506836,36.744380950927734,82.81707000732422,68.61611938476562,4.956679355480155
2018-03-20,238.229248046875,54.09809875488281,54.01070785522461,40.779056549072266,92.49580383300781,124.30999755859375,15.279999732971191,14.068082809448242,54.10395431518555,36.69738006591797,82.65512084960938,68.59143829345703,5.1191056733500995
2018-03-21,237.77200317382812,54.1170539855957,54.095706939697266,41.019309997558594,92.59691619873047,126.4800033569336,15.649999618530273,14.3217134475708,53.70342254638672,36.69738006591797,82.71179962158203,68.64081573486328,5.1281858478152
2018-03-22,231.828369140625,53.79481887817383,53.0910758972168,39.652278900146484,93.51447296142578,125.9800033569336,15.4399995803833,14.211806297302246,53.38868713378906,35.89841842651367,83.05191802978516,68.67373657226562,5.012858097644808
2018-03-23,226.88705444335938,53.65581130981445,52.503753662109375,38.848636627197266,93.4444808959961,127.61000061035156,15.579999923706055,14.338619232177734,52.43736267089844,35.66342544555664,83.16529846191406,68.69014739990234,5.099665462892451
2018-03-26,233.094482421875,54.00332260131836,53.44656753540039,40.10795974731445,93.08678436279297,128.27999877929688,15.720000267028809,14.347074508666992,53.033939361572266,36.3683967590332,82.93851470947266,68.65725708007812,4.7147507540431075
2018-03-27,229.12916564941406,53.95280075073242,53.052433013916016,39.37887191772461,94.08213806152344,127.48999786376953,15.569999694824219,14.287895202636719,53.236148834228516,35.98457717895508,83.4081802368164,68.70663452148438,4.498602781366856
2018-03-28,228.4521026611328,53.9275016784668,53.36155700683594,39.18002700805664,94.33096313476562,125.7300033569336,15.359999656677246,14.228713989257812,54.572296142578125,36.219566345214844,83.39200592041016,68.71484375,4.56834710227608
2018-03-29,231.3712158203125,54.11073303222656,53.848411560058594,40.000247955322266,94.78974151611328,125.79000091552734,15.40999984741211,14.355530738830566,54.50728988647461,36.525054931640625,83.56211853027344,68.7395248413086,4.115342021529098
2018-04-02,226.37710571289062,53.90074157714844,53.106536865234375,39.27946090698242,94.97673034667969,127.26000213623047,15.649999618530273,14.161079406738281,53.77061462402344,36.015907287597656,83.6472396850586,68.75929260253906,4.0683057082684355
2018-04-03,229.27859497070312,54.0529899597168,53.44656753540039,39.66884994506836,94.24422454833984,126.30000305175781,15.460000038146973,14.23716926574707,54.22563552856445,36.2274055480957,83.37955474853516,68.7263412475586,4.2821275522483315
2018-04-04,231.73167419433594,54.173561096191406,53.63203430175781,39.685420989990234,94.04943084716797,126.44999694824219,15.380000114440918,14.177989959716797,54.796180725097656,36.3762321472168,83.33088684082031,68.6851577758789,3.9362371225446906
2018-04-05,233.56045532226562,54.217960357666016,53.987518310546875,39.78483963012695,93.34808349609375,125.80000305175781,15.449999809265137,14.245624542236328,54.774532318115234,36.72871017456055,83.12001037597656,68.70166015625,3.911903769275383
2018-04-06,228.35536193847656,54.0974235534668,53.63203430175781,39.00605010986328,94.36894989013672,126.38999938964844,15.430000305175781,14.144171714782715,54.362850189208984,36.5642204284668,83.48502349853516,68.75929260253906,3.8113129347470536
2018-04-09,229.48085021972656,54.30042266845703,54.072532653808594,39.047462463378906,94.5248031616211,126.81999969482422,15.5600004196167,14.3217134475708,54.189517974853516,36.90103530883789,83.5012435913086,68.75106811523438,3.8885061955672255
2018-04-10,233.12969970703125,54.49712371826172,54.6521110534668,39.8097038269043,94.35335540771484,127.12000274658203,15.619999885559082,14.566889762878418,54.13174819946289,37.355342864990234,83.3552474975586,68.71813201904297,3.9252792195984805
2018-04-11,231.90753173828125,54.51613998413086,54.443458557128906,39.826263427734375,94.6884536743164,128.11000061035156,15.6899995803833,14.676795959472656,54.24729537963867,37.10469436645508,83.43632507324219,68.71813201904297,4.001984259796549
2018-04-12,233.81549072265625,54.71281051635742,54.6521110534668,39.8097038269043,93.99490356445312,126.62000274658203,15.520000457763672,14.6176176071167,53.64060974121094,37.347511291503906,83.1362075805664,68.67693328857422,4.530884792610631
2018-04-13,233.12969970703125,54.7445182800293,54.70621871948242,39.412017822265625,94.21307373046875,127.44999694824219,15.680000305175781,14.626070976257324,53.92229080200195,37.41018295288086,83.2092056274414,68.66051483154297,4.5347383984629905
2018-04-16,235.04641723632812,54.82701873779297,54.791229248046875,39.46171951293945,94.24422454833984,127.62999725341797,15.720000267028809,14.57534408569336,54.254520416259766,37.43368148803711,83.16865539550781,68.65225982666016,4.628184554639812
2018-04-17,237.56101989746094,54.85239791870117,55.03852462768555,39.54457092285156,94.50141143798828,127.75,15.800000190734863,14.583799362182617,54.89007568359375,37.70782470703125,83.21731567382812,68.65225982666016,4.53825885893967
2018-04-18,237.73687744140625,54.79528045654297,55.32444381713867,39.88425827026367,93.74551391601562,127.8499984741211,16.18000030517578,14.854338645935059,54.774532318115234,37.833160400390625,82.89289855957031,68.59455871582031,4.688343654937809
2018-04-19,236.4180145263672,54.62398147583008,55.115806579589844,39.652278900146484,92.98187255859375,127.5999984741211,16.260000228881836,14.795157432556152,53.98005676269531,37.66866683959961,82.6657485961914,68.59455871582031,4.763515048621064
2018-04-20,234.41334533691406,54.490753173828125,54.907142639160156,39.155174255371094,92.31168365478516,126.62999725341797,16.1299991607666,14.769795417785645,53.48173522949219,37.56683349609375,82.38994598388672,68.56988525390625,5.080259464333653
2018-04-23,234.3782196044922,54.34483337402344,54.83759307861328,38.84035110473633,92.33506774902344,125.62000274658203,15.670000076293945,14.76133918762207,53.438385009765625,37.519840240478516,82.308837890625,68.56166076660156,5.1291045214269255
2018-04-24,231.2216796875,54.23701095581055,54.61347579956055,38.658077239990234,91.91426086425781,126.2300033569336,15.760000228881836,14.68525218963623,53.64060974121094,37.33184814453125,82.21145629882812,68.57810974121094,5.5693830562273465
2018-04-25,231.79322814941406,54.24336242675781,54.520748138427734,38.35980987548828,91.29865264892578,125.41000366210938,15.609999656677246,14.710613250732422,53.53950500488281,37.19868850708008,82.03303527832031,68.56988525390625,5.080207866059979
2018-04-26,234.14959716796875,54.43364715576172,54.791229248046875,38.91490936279297,91.9376220703125,124.97000122070312,15.579999923706055,14.786703109741211,54.24006652832031,37.41018295288086,82.26828002929688,68.58631134033203,5.330475197203457
2018-04-27,234.36936950683594,54.408321380615234,54.8453254699707,39.155174255371094,92.64676666259766,125.5,15.569999694824219,14.77824878692627,55.1717529296875,37.457176208496094,82.40613555908203,68.60282897949219,5.161363537787868
2018-04-30,232.56695556640625,54.37022399902344,54.667579650878906,38.87348175048828,92.81040954589844,124.58999633789062,15.380000114440918,14.845885276794434,54.9550895690918,37.284854888916016,82.49535369873047,68.57810974121094,5.306951432065118
2018-05-01,232.98025512695312,54.41033935546875,54.474388122558594,38.68292236328125,92.47616577148438,123.70999908447266,15.239999771118164,14.76133918762207,55.45342254638672,37.081199645996094,82.36615753173828,68.5476303100586,5.23714962394881
2018-05-02,231.41513061523438,54.3912467956543,54.45119857788086,38.376380920410156,92.37462615966797,123.6500015258789,15.420000076293945,14.76133918762207,55.25120162963867,37.096858978271484,82.38243103027344,68.57233428955078,5.304292438418481
2018-05-03,230.9052276611328,54.384883880615234,54.621219635009766,38.29352951049805,92.78855895996094,124.27999877929688,15.460000038146973,14.854338645935059,55.215087890625,37.230018615722656,82.59368133544922,68.621826171875,5.596008326294161
2018-05-04,233.89456176757812,54.423099517822266,54.81441879272461,38.4675178527832,92.92912292480469,124.54000091552734,15.539999961853027,14.955791473388672,55.821773529052734,37.30051040649414,82.60186004638672,68.59709930419922,5.571255176200448
2018-05-07,234.6859588623047,54.47408676147461,54.82213592529297,38.24382400512695,92.78075408935547,124.56999969482422,15.520000457763672,14.947338104248047,56.197330474853516,37.33184814453125,82.56119537353516,68.59709930419922,5.383024673836074
2018-05-08,234.6859588623047,54.3912467956543,54.82986831665039,38.4592399597168,92.6948013305664,124.58999633789062,15.510000228881836,14.989608764648438,55.9156608581543,37.284854888916016,82.4230728149414,68.60531616210938,5.30366092041677
2018-05-09,236.95428466796875,54.48045349121094,54.96124267578125,38.53379440307617,92.14035034179688,124.33000183105469,15.529999732971191,15.1248779296875,56.29123306274414,37.5433349609375,82.23613739013672,68.57233428955078,5.355555323314042
2018-05-10,239.16998291015625,54.63972473144531,55.31672286987305,39.33745193481445,92.88227844238281,125.18000030517578,15.739999771118164,15.200965881347656,56.73177719116211,37.7234992980957,82.4067611694336,68.57233428955078,5.194036462039807
2018-05-11,239.89971923828125,54.62061309814453,55.46355056762695,39.27116394042969,93.1165542602539,125.0,15.699999809265137,15.107970237731934,56.536781311035156,37.7783203125,82.4149398803711,68.57233428955078,4.848042555363417
2018-05-14,240.0139923095703,54.63335037231445,55.56401443481445,39.32087326049805,92.62456512451172,124.48999786376953,15.5600004196167,15.217875480651855,56.05289077758789,37.79399871826172,82.23613739013672,68.57233428955078,5.006150322067131
2018-05-15,238.36117553710938,54.365753173828125,55.16215896606445,38.508941650390625,91.57019805908203,122.4800033569336,15.329999923706055,15.234784126281738,55.14287185668945,37.59816360473633,81.78099822998047,68.5311050415039,4.887606653404899
2018-05-16,239.3634490966797,54.43582534790039,55.23944091796875,39.08890151977539,91.21876525878906,122.29000091552734,15.40999984741211,15.319329261779785,54.97675323486328,37.56683349609375,81.61040496826172,68.5311050415039,4.806313012380011
2018-05-17,239.1612548828125,54.46769714355469,55.32444381713867,38.49237060546875,90.75796508789062,122.36000061035156,15.470000267028809,15.336236953735352,54.70230484008789,37.67649459838867,81.5616226196289,68.5476303100586,4.648658693548752
2018-05-18,238.5633087158203,54.41033935546875,55.123531341552734,38.16926193237305,91.53897857666016,122.41000366210938,15.479999542236328,15.344691276550293,54.774532318115234,37.53550720214844,81.87854766845703,68.58056640625,4.738624490081152
2018-05-21,240.3569793701172,54.48682403564453,55.471275329589844,38.40123748779297,91.58586883544922,122.4800033569336,15.539999961853027,15.463054656982422,55.4245491027832,37.76266098022461,81.93546295166016,68.58056640625,4.835120552912774
2018-05-22,239.68875122070312,54.52503204345703,55.40174102783203,38.53379440307617,91.44523620605469,122.41000366210938,15.579999923706055,15.479963302612305,55.50400161743164,37.7783203125,81.9029312133789,68.58056640625,4.618484359614417
2018-05-23,240.34820556640625,54.569637298583984,54.791229248046875,38.51722717285156,92.109130859375,122.54000091552734,15.5,15.564506530761719,56.06012725830078,37.237857818603516,82.27677154541016,68.63832092285156,4.340540724003408
2018-05-24,239.8557891845703,54.601497650146484,54.621219635009766,38.31010818481445,92.8432388305664,123.58999633789062,15.6899995803833,15.463054656982422,55.94455337524414,37.12819290161133,82.48808288574219,68.67952728271484,4.357494402435669
2018-05-25,239.28439331054688,54.51229476928711,54.265724182128906,38.4675178527832,93.42111206054688,123.20999908447266,15.529999732971191,15.234784126281738,56.13957214355469,36.7992057800293,82.81312561035156,68.73725891113281,4.295928407903843
2018-05-29,236.5323028564453,54.28291320800781,53.16063690185547,37.57273864746094,95.46728515625,123.19000244140625,15.4399995803833,15.091060638427734,56.406776428222656,35.82008743286133,83.70709991455078,68.9351806640625,4.291592189937386
2018-05-30,239.68875122070312,54.44858932495117,53.97206115722656,37.870994567871094,94.82689666748047,123.37000274658203,15.550000190734863,15.285511016845703,57.17236328125,36.454559326171875,83.34956359863281,68.85272979736328,4.253647548583241
2018-05-31,238.22052001953125,54.39759826660156,53.63203430175781,37.854427337646484,94.67070770263672,123.0999984741211,15.460000038146973,15.243239402770996,56.97735595703125,36.29790115356445,83.30889129638672,68.81970977783203,4.303985870933668
2018-06-01,240.55929565429688,54.52177429199219,54.095706939697266,38.384666442871094,94.17047119140625,122.48999786376953,15.4399995803833,15.1417875289917,57.23011779785156,36.59554672241211,83.00109100341797,68.76689147949219,4.3311394624548445
2018-06-04,241.70220947265625,54.637001037597656,54.257999420166016,38.7740592956543,93.48947143554688,122.37000274658203,15.449999809265137,14.96424674987793,57.72848129272461,36.689544677734375,82.7079086303711,68.70904541015625,4.315644556955489
2018-06-05,241.878173828125,54.70097351074219,54.17299270629883,38.47580337524414,93.70863342285156,122.8499984741211,15.520000457763672,14.989608764648438,57.57681655883789,36.62688064575195,82.91966247558594,68.7503662109375,4.384153884401332
2018-06-06,243.90032958984375,54.835365295410156,54.65985107421875,39.05575942993164,92.9493408203125,122.91999816894531,15.699999809265137,15.040334701538086,57.714046478271484,36.995033264160156,82.5857925415039,68.72557067871094,4.395766580657487
2018-06-07,243.87399291992188,54.854583740234375,54.350738525390625,38.4592399597168,93.84954833984375,122.86000061035156,15.720000267028809,15.099514961242676,57.714046478271484,36.69738006591797,82.93592071533203,68.79161834716797,4.409699516676588
2018-06-08,244.59498596191406,54.82257080078125,54.41257095336914,38.384666442871094,93.5677719116211,123.01000213623047,15.779999732971191,15.091060638427734,57.923492431640625,36.744380950927734,82.82196807861328,68.77511596679688,4.379077062952407
2018-06-11,244.9203338623047,54.924964904785156,54.760318756103516,38.384666442871094,93.39554595947266,123.2300033569336,15.9399995803833,15.082605361938477,57.83681106567383,37.11252975463867,82.740478515625,68.7503662109375,3.9667216069718725
2018-06-12,245.23680114746094,54.969783782958984,54.41257095336914,38.28523635864258,93.41900634765625,122.81999969482422,15.869999885559082,15.074151039123535,58.18350601196289,36.86970138549805,82.69166564941406,68.71732330322266,3.7803231237483423
2018-06-13,244.45420837402344,54.98896789550781,54.489837646484375,38.02841567993164,93.3720932006836,123.19000244140625,16.079999923706055,15.133333206176758,57.049583435058594,36.94803237915039,82.59393310546875,68.68425750732422,3.646818759974526
2018-06-14,245.0697479248047,55.148990631103516,54.37392044067383,37.77157211303711,94.14701843261719,123.37999725341797,16.170000076293945,14.96424674987793,57.59124755859375,36.92453384399414,82.85450744628906,68.70904541015625,3.833728458702994
2018-06-15,244.75709533691406,55.11698532104492,54.095706939697266,37.47331237792969,94.2331314086914,121.33999633789062,15.600000381469727,14.600707054138184,57.55514907836914,36.69738006591797,82.91966247558594,68.74211120605469,3.708086381880321
2018-06-18,244.25363159179688,55.11056137084961,53.709312438964844,37.01762771606445,94.14701843261719,121.11000061035156,15.510000228881836,14.727523803710938,57.5711669921875,36.360565185546875,82.96038055419922,68.7585678100586,3.8678825899198706
2018-06-19,243.3175048828125,55.033756256103516,53.21593475341797,36.609012603759766,94.69493103027344,120.80000305175781,15.359999656677246,14.57534408569336,57.51286315917969,36.05356979370117,83.18024444580078,68.78336334228516,3.888052467269371
2018-06-20,243.73257446289062,55.09134292602539,53.255340576171875,36.767452239990234,93.86522674560547,120.26000213623047,15.34000015258789,14.558433532714844,58.154327392578125,36.045562744140625,82.91151428222656,68.7503662109375,3.891848585914648
2018-06-21,242.2046356201172,54.97617721557617,52.87702178955078,36.250431060791016,94.3583984375,120.05000305175781,15.359999656677246,14.448528289794922,58.431339263916016,35.765018463134766,83.13134765625,68.79161834716797,3.8649653244794617
2018-06-22,242.646240234375,54.98258590698242,53.436614990234375,36.62568664550781,94.3505859375,120.33999633789062,15.5,14.735977172851562,58.890541076660156,36.25395965576172,83.14767456054688,68.79988861083984,3.493931392524744
2018-06-25,239.34307861328125,54.854583740234375,52.69575119018555,36.13368225097656,94.56188201904297,119.88999938964844,15.369999885559082,14.566889762878418,58.73746871948242,35.71692657470703,83.26166534423828,68.82466888427734,3.5889742909314695
2018-06-26,239.8730926513672,54.848182678222656,52.79032516479492,35.99190902709961,94.69493103027344,119.26000213623047,15.329999923706055,14.710613250732422,58.92700958251953,35.70890808105469,83.30237579345703,68.82466888427734,3.4996630072836137
2018-06-27,237.88592529296875,54.73297882080078,52.29378890991211,35.29975509643555,95.58737182617188,118.58000183105469,15.119999885559082,14.786703109741211,58.70102310180664,35.364234924316406,83.61994171142578,68.86600494384766,3.536108774872597
2018-06-28,239.24598693847656,54.57938003540039,52.49082946777344,35.599971771240234,95.6108627319336,118.22000122070312,15.069999694824219,14.77824878692627,59.22586441040039,35.452415466308594,83.53855895996094,68.86600494384766,3.390411795114589
2018-06-29,239.5904541015625,54.45137405395508,52.78244400024414,36.13368225097656,95.2821044921875,118.6500015258789,15.149999618530273,14.947338104248047,59.37163543701172,35.837154388427734,83.47339630126953,68.84945678710938,3.571239347333682
2018-07-02,240.1026611328125,54.503440856933594,52.30167770385742,35.77509307861328,95.20751953125,117.45999908447266,14.90999984741211,14.634523391723633,59.043609619140625,35.58066177368164,83.41627502441406,68.84117126464844,3.7985978862419083
2018-07-03,239.25482177734375,54.5098876953125,52.45930480957031,35.80011749267578,95.71752166748047,118.6500015258789,15.029999732971191,14.6176176071167,59.488277435302734,35.7890625,83.62836456298828,68.86597442626953,3.750016709450417
2018-07-05,241.20663452148438,54.71559143066406,52.97947692871094,35.7083854675293,95.9920883178711,119.05000305175781,15.100000381469727,14.702159881591797,60.195350646972656,36.26197052001953,83.63653564453125,68.85771179199219,3.8129326718597905
2018-07-06,243.24679565429688,54.85702896118164,53.263221740722656,36.20038986206055,96.30593872070312,118.86000061035156,15.079999923706055,14.769795417785645,60.51607131958008,36.43830490112305,83.7099609375,68.874267578125,3.832665926860861
2018-07-09,245.43707275390625,54.940616607666016,53.7755126953125,36.85084915161133,95.6861343383789,119.1500015258789,15.170000076293945,14.845885276794434,60.034969329833984,36.6707649230957,83.49787902832031,68.83290100097656,3.8718626676278127
2018-07-10,246.3202667236328,54.947017669677734,53.751869201660156,36.767452239990234,95.67826080322266,118.93000030517578,15.119999885559082,14.812068939208984,60.15888595581055,36.75892639160156,83.43257141113281,68.82466125488281,3.6353614193901955
2018-07-11,244.5186004638672,54.86345291137695,52.85337829589844,36.0502815246582,96.04698944091797,117.63999938964844,14.859999656677246,14.296347618103027,59.96205520629883,36.08563995361328,83.6039047241211,68.84944915771484,3.6725536793950555
2018-07-12,246.73536682128906,55.03703308105469,53.263221740722656,36.54229736328125,96.0391616821289,118.12999725341797,15.0,14.372438430786133,60.14431381225586,36.40624237060547,83.5712890625,68.84117126464844,3.5772755040773907
2018-07-13,246.9296417236328,55.03703308105469,53.42873764038086,36.56731033325195,96.28238677978516,117.61000061035156,14.880000114440918,14.39780330657959,59.96205520629883,36.51045227050781,83.7099609375,68.85771179199219,3.5825819939292467
2018-07-16,246.7089385986328,54.998470306396484,53.405094146728516,36.36717987060547,95.88228607177734,117.55000305175781,14.850000381469727,14.09344482421875,59.64134216308594,36.52648162841797,83.5712890625,68.84117126464844,3.8718626676278127
2018-07-17,247.7069549560547,55.01776885986328,53.49966049194336,36.634033203125,95.70181274414062,116.27999877929688,14.670000076293945,14.110353469848633,59.247745513916016,36.46236038208008,83.5223159790039,68.83290100097656,4.204555436712212
2018-07-18,248.2279815673828,55.04345703125,53.50754928588867,36.59233093261719,95.3173599243164,116.30999755859375,14.630000114440918,14.23716926574707,58.98531723022461,36.55052185058594,83.45707702636719,68.82466125488281,4.233121530975227
2018-07-19,247.29173278808594,55.01776885986328,53.3972053527832,36.14201736450195,95.9215316772461,115.80999755859375,14.420000076293945,14.220261573791504,59.67781448364258,36.422279357910156,83.68547058105469,68.85771179199219,4.288301397863639
2018-07-20,247.00917053222656,55.04345703125,53.64940643310547,36.6590461730957,94.74457550048828,116.55999755859375,14.59000015258789,14.3217134475708,59.10194778442383,36.63068389892578,83.39179229736328,68.85771179199219,4.22355930524683
2018-07-23,247.4684295654297,55.024173736572266,53.64940643310547,36.41720962524414,93.57560729980469,116.0,14.470000267028809,14.372438430786133,58.978031158447266,36.53450012207031,82.98387908935547,68.81635284423828,4.4285769133556245
2018-07-24,248.71365356445312,55.13990020751953,53.96467208862305,36.95092010498047,93.89730834960938,116.04000091552734,14.579999923706055,14.448528289794922,58.67915344238281,36.78297424316406,83.04097747802734,68.82466125488281,4.838152512341948
2018-07-25,250.83334350585938,55.24274826049805,54.366634368896484,37.551334381103516,93.74823760986328,116.68000030517578,14.680000305175781,14.64297866821289,59.14567184448242,37.05550765991211,82.98387908935547,68.79981994628906,4.698664150948899
2018-07-26,250.24163818359375,55.24919891357422,54.1223030090332,37.13438415527344,93.56775665283203,115.7699966430664,14.489999771118164,14.64297866821289,59.34249496459961,36.83106994628906,82.89413452148438,68.79981994628906,4.566681655823078
2018-07-27,248.54600524902344,55.229923248291016,54.22475814819336,37.26780319213867,93.72467041015625,115.83000183105469,14.569999694824219,14.583799362182617,58.708335876464844,36.9032096862793,83.02464294433594,68.80809783935547,4.689256720041525
2018-07-30,247.24761962890625,55.24919891357422,54.21688461303711,37.209434509277344,93.40299224853516,115.6500015258789,14.579999923706055,14.668343544006348,58.744773864746094,36.9994010925293,82.91858673095703,68.80809783935547,4.698141438002544
2018-07-31,248.46646118164062,55.36491394042969,54.28781509399414,37.40958023071289,93.91300201416016,115.98999786376953,14.609999656677246,14.583799362182617,59.72883987426758,37.15169143676758,83.0328369140625,68.80809783935547,4.468393955108271
2018-08-01,248.05133056640625,55.41462707519531,54.011959075927734,37.07600402832031,93.1479263305664,115.13999938964844,14.479999542236328,14.372438430786133,60.15159606933594,36.87113952636719,82.83663940429688,68.81471252441406,4.379071454444399
2018-08-02,249.4026336669922,55.44691467285156,53.657291412353516,36.5839958190918,93.28156280517578,114.5199966430664,14.430000305175781,14.456982612609863,59.911048889160156,36.53450012207031,82.93474578857422,68.85612487792969,4.345899092554339
2018-08-03,250.47129821777344,55.492103576660156,53.68882369995117,36.86752700805664,93.74549865722656,114.91999816894531,14.5,14.507709503173828,60.5598030090332,36.60663604736328,83.14727020263672,68.86444091796875,4.269653669587535
2018-08-06,251.3898468017578,55.59541702270508,53.46025085449219,36.5839958190918,93.8005599975586,114.33000183105469,14.399999618530273,14.533071517944336,60.47963333129883,36.43830490112305,83.1881103515625,68.8810043334961,3.9924966272246603
2018-08-07,252.2200164794922,55.62125778198242,53.87797927856445,36.959259033203125,93.3129653930664,114.58999633789062,14.430000305175781,14.64297866821289,60.37028503417969,36.726871490478516,83.01648712158203,68.85612487792969,3.878392653501634
2018-08-08,252.11395263671875,55.588966369628906,53.8306884765625,36.90922546386719,93.40738677978516,114.91000366210938,14.5,14.465437889099121,60.02040481567383,36.66275405883789,83.09004974365234,68.86444091796875,3.6214915790861846
2018-08-09,251.76956176757812,55.55021667480469,53.67304611206055,36.80081558227539,94.19371032714844,114.73999786376953,14.520000457763672,14.406258583068848,60.04954528808594,36.53450012207031,83.3189468383789,68.90583038330078,3.772208173511434
2018-08-10,250.0827178955078,55.453372955322266,52.601165771484375,36.016929626464844,94.8778305053711,114.69000244140625,14.40999984741211,14.406258583068848,59.590328216552734,35.71692657470703,83.67859649658203,68.9721450805664,3.5519483231890496
2018-08-13,249.1465301513672,55.41462707519531,52.41201400756836,35.42485046386719,94.68124389648438,112.95999908447266,14.100000381469727,14.330168724060059,59.47370910644531,35.62073516845703,83.65408325195312,68.95555114746094,3.616765008962365
2018-08-14,250.73622131347656,55.51145935058594,52.40412902832031,35.64166259765625,94.46891784667969,113.06999969482422,14.170000076293945,14.355530738830566,59.7652587890625,35.55660629272461,83.57234954833984,68.95555114746094,3.5605629914894785
2018-08-15,248.86392211914062,55.41462707519531,51.64750671386719,34.615943908691406,95.01939392089844,111.19000244140625,13.569999694824219,14.042719841003418,60.22447967529297,34.94743728637695,83.77664184570312,68.98870849609375,3.6230538289918384
2018-08-16,250.8776092529297,55.48564147949219,52.01005554199219,34.832767486572266,95.01146697998047,111.0999984741211,13.770000457763672,14.15262508392334,60.71287155151367,35.1959114074707,83.75215911865234,68.9721450805664,3.638106503634756
2018-08-17,251.76075744628906,55.55021667480469,52.31742858886719,35.19969177246094,95.12942504882812,112.12999725341797,13.920000076293945,14.211806297302246,61.2741584777832,35.40431213378906,83.78488159179688,68.99698638916016,3.7793295765547086
2018-08-20,252.29945373535156,55.57600402832031,52.601165771484375,35.35814666748047,95.76637268066406,112.69000244140625,13.880000114440918,14.23716926574707,61.31789016723633,35.652793884277344,84.04645538330078,69.03843688964844,3.6230594374998466
2018-08-21,252.8912353515625,55.65996170043945,52.924320220947266,35.808448791503906,95.44395446777344,113.0199966430664,13.890000343322754,14.262533187866211,60.9461555480957,36.037540435791016,83.93203735351562,69.0218276977539,3.726567537468585
2018-08-22,252.74107360839844,55.679325103759766,53.129234313964844,36.09197998046875,95.82142639160156,113.2699966430664,13.880000114440918,14.465437889099121,60.60354232788086,36.15776824951172,84.0873031616211,69.03843688964844,3.662216077434541
2018-08-23,252.40545654296875,55.67288589477539,52.750919342041016,35.508243560791016,95.97079467773438,112.19999694824219,13.649999618530273,14.440074920654297,60.45048141479492,35.88523864746094,84.07911682128906,69.03011322021484,3.7530548382384
2018-08-24,253.92457580566406,55.76969528198242,53.05829620361328,36.16703414916992,96.15949249267578,114.16000366210938,13.920000076293945,14.549982070922852,60.80764389038086,36.18181228637695,84.10364532470703,69.03843688964844,3.8593484037093577
2018-08-27,255.92933654785156,55.789085388183594,53.76763916015625,36.68406677246094,95.60911560058594,114.58999633789062,13.989999771118164,14.600707054138184,60.588966369628906,36.66275405883789,83.91564178466797,69.0135498046875,3.9539260763768116
2018-08-28,256.0530700683594,55.76326370239258,53.72034454345703,36.55063247680664,95.03509521484375,113.68000030517578,13.84000015258789,14.54152774810791,61.40537643432617,36.5986213684082,83.72762298583984,68.98870849609375,4.075473101077376
2018-08-29,257.4307556152344,55.73101806640625,54.011959075927734,36.77579879760742,95.16090393066406,114.19999694824219,13.869999885559082,14.702159881591797,61.41997146606445,36.766944885253906,83.70315551757812,68.98040008544922,4.047263147072876
2018-08-30,256.3886413574219,55.6858024597168,53.49966049194336,35.81678771972656,95.36528015136719,113.63999938964844,13.699999809265137,14.676795959472656,61.02632141113281,36.40624237060547,83.85844421386719,69.03011322021484,4.00767577372316
2018-08-31,256.3974304199219,55.75682830810547,53.07405090332031,36.00025177001953,95.14517974853516,113.51000213623047,13.649999618530273,14.693703651428223,61.26688766479492,35.997459411621094,83.8747787475586,69.04670715332031,4.0417612007169375
2018-09-04,255.9557647705078,55.64075469970703,52.62480926513672,35.29975509643555,94.59504699707031,112.93000030517578,13.3100004196167,14.609163284301758,60.5379524230957,35.70089340209961,83.68311309814453,69.03095245361328,4.22788402577187
2018-09-05,255.26698303222656,55.5823860168457,52.144046783447266,34.79106903076172,94.34285736083984,113.31999969482422,13.350000381469727,14.549982070922852,60.88783264160156,35.49247741699219,83.67491912841797,69.03095245361328,3.9011985296149376
2018-09-06,254.4985809326172,55.62775802612305,51.986419677734375,34.82442855834961,94.68965148925781,113.54000091552734,13.3100004196167,14.465437889099121,61.062774658203125,35.31615447998047,83.84695434570312,69.05583190917969,3.749775543606069
2018-09-07,254.00399780273438,55.56940841674805,51.56869125366211,34.6493034362793,93.88580322265625,113.2300033569336,13.319999694824219,14.49925422668457,60.39943313598633,35.02759552001953,83.4701919555664,68.98114776611328,3.714110760757213
2018-09-10,254.44558715820312,55.67964553833008,51.883949279785156,34.307395935058594,94.23255920410156,113.1500015258789,13.3100004196167,14.549982070922852,60.66916275024414,35.340187072753906,83.51931762695312,68.98941040039062,3.6352178415851886
2018-09-11,255.28460693359375,55.692630767822266,51.93124008178711,34.38245391845703,93.5154037475586,113.22000122070312,13.279999732971191,14.693703651428223,60.661869049072266,35.356231689453125,83.21630096435547,68.94793701171875,3.6303361962149454
2018-09-12,255.34645080566406,55.822296142578125,52.15192794799805,34.55758285522461,93.73604583740234,114.16999816894531,13.390000343322754,14.795157432556152,60.691017150878906,35.49247741699219,83.31458282470703,68.94793701171875,3.6479098952075
2018-09-13,256.85675048828125,55.926055908203125,52.538124084472656,35.024559020996094,93.87787628173828,113.76000213623047,13.350000381469727,14.634523391723633,60.9898681640625,35.74897384643555,83.30635070800781,68.95626068115234,3.742964291055642
2018-09-14,256.90081787109375,55.9779052734375,52.6169319152832,34.9912109375,93.42869567871094,113.0199966430664,13.229999542236328,14.54152774810791,60.60354232788086,35.668827056884766,83.15071105957031,68.93135070800781,3.74032240335843
2018-09-17,255.54074096679688,55.93902587890625,52.664215087890625,34.67433166503906,93.42869567871094,113.61000061035156,13.3100004196167,14.524618148803711,60.80036544799805,35.765018463134766,83.16712951660156,68.91477966308594,3.6073637474138014
2018-09-18,256.92730712890625,55.93252944946289,53.21593475341797,35.00788879394531,92.4514389038086,113.44000244140625,13.3100004196167,14.65988826751709,60.50877380371094,35.949371337890625,82.8230972290039,68.90646362304688,3.6591089639980576
2018-09-19,257.201171875,55.828800201416016,53.405094146728516,35.49156188964844,91.89978790283203,113.87999725341797,13.399999618530273,14.752885818481445,59.80171585083008,36.02952194213867,82.68388366699219,68.88984680175781,3.674753336235829
2018-09-20,259.28546142578125,55.906585693359375,54.06713104248047,35.88350296020508,92.32534790039062,114.2699966430664,13.449999809265137,14.752885818481445,60.36299133300781,36.678768157958984,82.69204711914062,68.91477966308594,3.7443195870157973
2018-09-21,259.0484924316406,55.91954803466797,54.090782165527344,36.0502815246582,92.28597259521484,113.48999786376953,13.4399995803833,14.786703109741211,60.34112548828125,36.69480514526367,82.72481536865234,68.89816284179688,3.8679574635017784
2018-09-24,258.1879577636719,55.89363479614258,53.84644317626953,35.64166259765625,92.04950714111328,113.47000122070312,13.40999984741211,15.006518363952637,59.25752639770508,36.518470764160156,82.63471221923828,68.89816284179688,3.7878180534249557
2018-09-25,257.9484558105469,55.84822082519531,54.11442565917969,35.78342819213867,91.9549331665039,113.6500015258789,13.59000015258789,15.040334701538086,59.26492691040039,36.726871490478516,82.55279541015625,68.90646362304688,3.7022801739649442
2018-09-26,257.1766357421875,55.906585693359375,54.1380729675293,35.858489990234375,92.60120391845703,113.05000305175781,13.489999771118164,14.972700119018555,58.55533218383789,36.6707649230957,82.8230972290039,68.91477966308594,3.730151374085756
2018-09-27,257.8952331542969,56.01031494140625,54.02772903442383,36.03360366821289,92.66423797607422,112.05000305175781,13.40999984741211,15.040334701538086,58.836219787597656,36.56656265258789,82.8230972290039,68.91477966308594,3.834532438325954
2018-09-28,257.9218444824219,56.04924392700195,53.58636474609375,35.79176712036133,92.41997528076172,112.76000213623047,13.729999542236328,15.192514419555664,59.63451385498047,36.12571334838867,82.86406707763672,68.94793701171875,3.8157983390265247
2018-10-01,258.81787109375,56.2114372253418,53.64940643310547,35.80011749267578,91.74146270751953,112.56999969482422,13.619999885559082,15.479963302612305,59.08014678955078,36.109676361083984,82.65396881103516,68.92887115478516,3.784492769026958
2018-10-02,258.6670227050781,56.16584396362305,53.37356185913086,35.34980392456055,92.30223846435547,113.87000274658203,13.789999961853027,15.53069019317627,58.94709014892578,35.91731262207031,82.86735534667969,68.9537582397461,3.7652418457145833
2018-10-03,258.8090515136719,56.016056060791016,53.278995513916016,35.057926177978516,90.69883728027344,113.41999816894531,13.779999732971191,15.674416542053223,58.318824768066406,36.05356979370117,82.25182342529297,68.92052459716797,3.7345103065096446
2018-10-04,256.7862854003906,55.8076171875,52.65634536743164,34.18230438232422,90.05902862548828,113.4800033569336,13.710000038146973,15.505326271057129,57.830970764160156,35.58066177368164,82.03841400146484,68.90388488769531,3.777066823998844
2018-10-05,255.3489990234375,55.56009292602539,52.341087341308594,34.057220458984375,89.2850341796875,113.80000305175781,13.75,15.471508979797363,57.801414489746094,35.33218002319336,81.84148406982422,68.89555358886719,3.8033645571979857
2018-10-08,255.3489990234375,55.436317443847656,52.0888671875,34.10725402832031,88.98487091064453,112.54000091552734,13.529999732971191,15.429237365722656,58.63665771484375,35.00354766845703,81.87430572509766,68.87895965576172,3.8204503159938366
2018-10-09,254.9762725830078,55.5210075378418,51.95488739013672,33.98217010498047,89.88530731201172,112.5999984741211,13.529999732971191,15.539142608642578,58.717952728271484,34.963470458984375,82.03023529052734,68.90388488769531,3.8149427611298905
2018-10-10,246.903076171875,55.12368392944336,50.85147476196289,32.97312927246094,89.64043426513672,112.87999725341797,13.449999809265137,15.234784126281738,57.84576416015625,34.28215026855469,82.0712661743164,68.92052459716797,3.7821436454477686
2018-10-11,241.4646453857422,55.16926193237305,50.14213562011719,32.639564514160156,90.7304458618164,115.77999877929688,13.670000076293945,15.006518363952637,56.190067291259766,33.84931182861328,82.40774536132812,68.94544219970703,3.5930289617959197
2018-10-12,244.8181915283203,55.462371826171875,50.32341766357422,33.598575592041016,90.41450500488281,115.2300033569336,13.739999771118164,15.1248779296875,56.042240142822266,33.91343688964844,82.30926513671875,68.94544219970703,3.603561739835116
2018-10-15,243.44302368164062,55.42331314086914,50.205196380615234,33.23998260498047,90.375,116.0,13.800000190734863,15.15869426727295,56.4192008972168,33.969547271728516,82.35848999023438,68.97039794921875,3.788466957801492
2018-10-16,248.76611328125,55.612178802490234,51.06427764892578,34.07389831542969,90.58037567138672,115.80000305175781,13.779999732971191,15.22633171081543,57.579673767089844,34.51460266113281,82.35029602050781,68.94544219970703,3.7882199030237356
2018-10-17,248.81044006347656,55.5014533996582,50.77265548706055,33.65693283081055,90.0432357788086,115.79000091552734,13.739999771118164,15.091060638427734,57.35791015625,34.18596649169922,82.1123046875,68.94544219970703,3.7585396786449135
2018-10-18,245.2173309326172,55.2669677734375,49.95298385620117,32.77298355102539,90.01165771484375,115.91999816894531,13.699999809265137,14.921974182128906,57.247066497802734,33.6248779296875,82.26000213623047,68.98703002929688,3.7196471994374005
2018-10-19,245.0843048095703,55.299530029296875,50.23672866821289,33.081539154052734,89.8141860961914,116.01000213623047,13.739999771118164,15.006518363952637,57.742279052734375,33.88939666748047,82.16152954101562,68.94544219970703,3.713157594821238
2018-10-22,243.98423767089844,55.32559585571289,50.01602554321289,33.440120697021484,89.69573211669922,115.70999908447266,13.680000305175781,15.023426055908203,56.93660354614258,33.68900680541992,82.17796325683594,68.92887115478516,3.72564886385686
2018-10-23,242.74215698242188,55.27349853515625,49.54315185546875,33.07320022583008,89.98007202148438,116.38999938964844,13.829999923706055,14.693703651428223,57.18792724609375,33.44853973388672,82.39134979248047,68.97039794921875,3.719090274592197
2018-10-24,235.3874053955078,54.99995803833008,48.14023971557617,32.00578308105469,90.65934753417969,116.66000366210938,13.789999961853027,14.592253684997559,57.72748565673828,32.502716064453125,82.83451843261719,69.07844543457031,3.730633705774452
2018-10-25,239.61036682128906,55.110652923583984,48.74711608886719,32.62287902832031,90.28019714355469,116.4000015258789,13.739999771118164,14.651433944702148,58.466636657714844,32.919517517089844,82.63753509521484,69.05351257324219,3.7194060335930526
2018-10-26,235.39622497558594,54.863128662109375,48.41609191894531,32.247615814208984,90.8251953125,116.7699966430664,13.8100004196167,14.76133918762207,57.062255859375,32.78325653076172,83.00688171386719,69.09505462646484,3.7185215718801765
2018-10-29,234.09207153320312,54.81103515625,48.282108306884766,31.688892364501953,90.61988067626953,116.30999755859375,13.59000015258789,14.609163284301758,57.78664016723633,32.7912712097168,82.99864196777344,69.12001037597656,3.636900393987616
2018-10-30,237.5609893798828,54.9412841796875,48.86533737182617,32.305992126464844,90.16962432861328,115.80000305175781,13.609999656677246,14.533071517944336,58.577510833740234,33.07182693481445,82.81813049316406,69.08673095703125,3.637842342907575
2018-10-31,240.09832763671875,54.9412841796875,49.22788619995117,32.65623474121094,89.7115249633789,115.1500015258789,13.40999984741211,14.338619232177734,57.89009475708008,33.336326599121094,82.6129379272461,69.05351257324219,3.6282742282457705
2018-11-01,242.65341186523438,55.193294525146484,49.8584098815918,33.82373046875,89.794677734375,116.62999725341797,13.829999923706055,14.23716926574707,58.163604736328125,33.865352630615234,82.68367004394531,69.09180450439453,3.662830489486827
2018-11-02,241.21617126464844,55.16056442260742,49.92933654785156,34.0405387878418,88.67827606201172,116.6500015258789,13.859999656677246,14.203351974487305,57.68315505981445,33.865352630615234,82.22309112548828,69.008544921875,3.66895273682846
2018-11-05,242.54690551757812,55.20640182495117,49.92933654785156,34.13227462768555,89.02666473388672,116.37000274658203,13.760000228881836,14.19489860534668,58.540557861328125,33.88939666748047,82.27241516113281,69.03353118896484,3.6868828565049294
2018-11-06,244.0817413330078,55.35042190551758,50.13425827026367,34.07389831542969,88.97119903564453,116.04000091552734,13.649999618530273,14.135716438293457,58.836219787597656,33.94550704956055,82.18194580078125,69.0168685913086,3.7106304011127915
2018-11-07,249.30731201171875,55.671142578125,50.80418395996094,34.71601867675781,89.0899887084961,116.02999877929688,13.670000076293945,14.101900100708008,59.53842544555664,34.386356353759766,82.18194580078125,68.99190521240234,3.750332748876673
2018-11-08,248.8548583984375,55.53369903564453,50.307655334472656,33.81538391113281,89.08208465576172,115.77999877929688,13.5600004196167,14.017355918884277,59.582759857177734,33.993595123291016,82.06678009033203,68.98355102539062,3.7064439303101513
2018-11-09,246.42398071289062,55.21950149536133,49.97663116455078,33.18994903564453,89.7471694946289,114.4800033569336,13.319999694824219,13.8651762008667,59.57537841796875,33.865352630615234,82.38756561279297,69.0168685913086,3.667333280141124
2018-11-12,241.81948852539062,54.87911605834961,49.156951904296875,32.722957611083984,90.33306884765625,113.66000366210938,13.170000076293945,13.83135986328125,59.69363021850586,33.18403244018555,82.6343002319336,69.06680297851562,3.659091858048633
2018-11-13,241.3670654296875,54.787445068359375,49.369754791259766,33.09821319580078,90.27758026123047,113.69999694824219,13.149999618530273,13.450912475585938,59.63451385498047,33.4325065612793,82.70014953613281,69.07514190673828,3.6523265952638724
2018-11-14,239.7168426513672,54.68272399902344,49.40916442871094,33.29835510253906,90.33306884765625,114.63999938964844,13.279999732971191,13.5692720413208,59.48667907714844,33.47257995605469,82.87281799316406,69.12508392333984,3.2955988455361958
2018-11-15,242.2186737060547,54.66963195800781,49.56679153442383,34.0405387878418,90.29349517822266,114.7699966430664,13.420000076293945,13.543909072875977,59.08014678955078,33.47257995605469,82.93038940429688,69.15841674804688,3.2437268766709564
2018-11-16,242.84866333007812,54.50601577758789,49.62196350097656,34.10725402832031,90.81603240966797,115.62000274658203,13.529999732971191,13.628456115722656,59.71580505371094,33.48060607910156,83.18536376953125,69.20836639404297,3.2021008106602995
2018-11-19,238.74093627929688,54.3358154296875,49.18848419189453,33.648597717285156,91.06939697265625,115.66999816894531,13.550000190734863,13.628456115722656,59.79710388183594,33.22411346435547,83.30873107910156,69.26667785644531,2.7977514998613158
2018-11-20,234.32278442382812,54.16563034057617,48.337276458740234,32.92308807373047,91.10107421875,115.66999816894531,13.449999809265137,13.214189529418945,59.18364334106445,32.63898468017578,83.29231262207031,69.2500228881836,2.5567589584108186
2018-11-21,235.1212615966797,54.4405632019043,49.01508331298828,33.53185272216797,91.06939697265625,115.86000061035156,13.600000381469727,13.3240966796875,59.23535919189453,33.07982635498047,83.27583312988281,69.2500228881836,2.643077822610957
2018-11-23,233.55088806152344,54.13945388793945,48.69194030761719,33.139915466308594,91.16442108154297,115.7699966430664,13.420000076293945,12.935194969177246,59.117088317871094,32.8153190612793,83.32520294189453,69.23336791992188,2.4965939691794143
2018-11-26,237.32144165039062,54.394752502441406,49.42491912841797,33.54853820800781,90.95857238769531,115.63999938964844,13.390000343322754,12.994375228881836,59.22797393798828,33.336326599121094,83.2593994140625,69.2416763305664,2.1703966936445864
2018-11-27,238.11985778808594,54.3685302734375,49.23577117919922,33.78202438354492,91.0615005493164,114.94999694824219,13.289999961853027,12.943649291992188,59.47929763793945,33.18403244018555,83.34163665771484,69.2500228881836,2.194282347762148
2018-11-28,243.60264587402344,54.82019805908203,49.93722152709961,34.59092712402344,90.61811065673828,115.37999725341797,13.430000305175781,12.90137767791748,60.01146697998047,33.6248779296875,83.33340454101562,69.27501678466797,2.445084029506097
2018-11-29,243.07040405273438,54.83329772949219,49.68501281738281,34.29071807861328,90.97439575195312,115.73999786376953,13.430000305175781,12.985921859741211,60.02623748779297,33.47257995605469,83.54727935791016,69.29165649414062,2.457389656926652
2018-11-30,244.55198669433594,54.72201919555664,49.47221374511719,34.25735855102539,91.31486511230469,115.54000091552734,13.319999694824219,12.926740646362305,60.59539794921875,33.280216217041016,83.71175384521484,69.316650390625,2.307162404825108
2018-12-03,247.79022216796875,55.10077667236328,50.12637710571289,34.94950866699219,91.96324157714844,116.41000366210938,13.489999771118164,13.222643852233887,60.92061233520508,33.640907287597656,83.8947525024414,69.25992584228516,2.2364430447986763
2018-12-04,239.76126098632812,54.75883483886719,48.825923919677734,34.207340240478516,93.50286865234375,117.12000274658203,13.619999885559082,13.231099128723145,60.018856048583984,32.87142562866211,84.28211975097656,69.30995178222656,2.2724885051285817
2018-12-06,239.39743041992188,54.56816864013672,48.36880874633789,33.89043426513672,93.7964859008789,117.13999938964844,13.600000381469727,13.121192932128906,61.50456619262695,32.406532287597656,84.49637603759766,69.37667083740234,2.0222082744166845
2018-12-07,233.8347930908203,54.462955474853516,47.880149841308594,33.25666046142578,93.97106170654297,118.08999633789062,13.729999542236328,13.273370742797852,60.69889831542969,32.093929290771484,84.74363708496094,69.45174407958984,1.9641083378338593
2018-12-10,234.27845764160156,54.50237274169922,47.50971984863281,32.90641403198242,94.35995483398438,117.68000030517578,13.649999618530273,13.062010765075684,60.30713653564453,31.845455169677734,84.79308319091797,69.45174407958984,2.0116146440656
2018-12-11,234.33169555664062,54.60103225708008,47.65947341918945,33.15658950805664,94.3440933227539,117.54000091552734,13.65999984741211,13.138100624084473,60.33669662475586,31.957670211791992,84.57881164550781,69.38504028320312,1.966779389772713
2018-12-12,235.5115509033203,54.778568267822266,48.36091613769531,33.698631286621094,93.92341613769531,117.79000091552734,13.819999694824219,13.095829010009766,59.405357360839844,32.518741607666016,84.34806823730469,69.37667083740234,2.0025946208488863
2018-12-13,235.4317626953125,54.910072326660156,48.27421569824219,33.690303802490234,93.70124816894531,117.52999877929688,13.859999656677246,13.264915466308594,59.748695373535156,32.46263885498047,84.39749145507812,69.44338989257812,1.9030820219851123
2018-12-14,231.08448791503906,54.67995834350586,47.65158462524414,33.214969635009766,94.02659606933594,117.05999755859375,13.699999809265137,13.062010765075684,59.576663970947266,31.997745513916016,84.52936553955078,69.48505401611328,1.8621954377553223
2018-12-17,226.55104064941406,54.32487487792969,47.27326965332031,32.90641403198242,94.57414245605469,117.87000274658203,13.770000457763672,12.909832000732422,57.33271408081055,31.701175689697266,84.77665710449219,69.55184173583984,2.036429908385503
2018-12-18,226.3026123046875,54.226436614990234,47.31150817871094,33.1298713684082,95.14058685302734,118.1500015258789,13.75,12.639290809631348,57.92361831665039,31.714092254638672,84.98556518554688,69.59276580810547,2.122688200699154
2018-12-19,222.9136505126953,53.737548828125,46.85742950439453,32.579689025878906,96.39747619628906,117.43000030517578,13.6899995803833,12.690018653869629,57.28782653808594,31.4960880279541,85.28289031982422,69.60945129394531,2.151341507261694
2018-12-20,219.28504943847656,53.26847457885742,46.6662483215332,32.833621978759766,96.04743957519531,119.23999786376953,13.850000381469727,12.571656227111816,56.42766189575195,31.366912841796875,85.1755599975586,69.60111999511719,2.3744560881601973
2018-12-21,214.79196166992188,53.00422668457031,45.85369110107422,32.60507583618164,96.03157043457031,118.72000122070312,13.739999771118164,12.461750030517578,55.642269134521484,30.979379653930664,85.24986267089844,69.65122985839844,2.2378287669147756
2018-12-24,209.1165771484375,52.60783386230469,45.319950103759766,32.30036163330078,96.5088119506836,120.0199966430664,13.869999885559082,12.323866844177246,53.66012191772461,30.591825485229492,85.464599609375,69.70966339111328,2.3423852372429264
2018-12-26,219.68209838867188,53.493099212646484,46.371482849121094,32.94365692138672,95.4747085571289,119.66000366210938,14.109999656677246,12.597921371459961,55.45529556274414,31.358837127685547,85.05990600585938,69.64288330078125,2.215289294931856
2018-12-27,221.3686981201172,53.460060119628906,46.506919860839844,32.901329040527344,95.4906005859375,120.56999969482422,14.300000190734863,12.478022575378418,55.44780349731445,31.229660034179688,85.27464294433594,69.71804809570312,2.0990118841429943
2018-12-28,221.0831298828125,53.53935623168945,46.75387191772461,33.21453094482422,96.29405212402344,121.05999755859375,14.420000076293945,12.375252723693848,55.627323150634766,31.4960880279541,85.73715209960938,69.81827545166016,2.253550536563058
2018-12-31,223.01954650878906,53.57900619506836,46.82557678222656,33.062164306640625,96.65995788574219,121.25,14.520000457763672,12.40950870513916,55.77690505981445,31.584903717041016,86.05925750732422,69.8433609008789,2.1494748555839007
2019-01-02,223.25157165527344,53.50630187988281,46.72997283935547,33.14680862426758,97.16915893554688,121.33000183105469,14.5600004196167,12.443766593933105,54.565181732177734,31.415361404418945,86.24093627929688,69.8517074584961,2.2647442772710082
2019-01-03,217.9241485595703,53.53273010253906,46.30775451660156,32.54582595825195,98.27483367919922,122.43000030517578,14.75,12.54653549194336,54.94664764404297,31.18929100036621,86.92647552490234,69.99369812011719,2.203483525787523
2019-01-04,225.2237091064453,54.4312629699707,47.72575378417969,33.59541702270508,97.13729858398438,121.44000244140625,14.729999542236328,12.717819213867188,55.58992004394531,32.125858306884766,86.22440338134766,69.8433609008789,2.215530460776204
2019-01-07,226.99951171875,54.959774017333984,47.90897750854492,33.671600341796875,96.85092163085938,121.86000061035156,14.670000076293945,12.81202507019043,56.135948181152344,32.174293518066406,85.98491668701172,69.79322052001953,2.31174525693122
2019-01-08,229.13226318359375,55.31652069091797,48.219661712646484,33.79856872558594,96.59635162353516,121.52999877929688,14.6899995803833,12.940486907958984,57.29530715942383,32.40843963623047,85.7701416015625,69.75144958496094,2.31496117542306
2019-01-09,230.20306396484375,55.382564544677734,48.7613639831543,34.399539947509766,96.44518280029297,122.30999755859375,14.779999732971191,13.197413444519043,57.21302795410156,32.80406951904297,85.81973266601562,69.78485870361328,2.3175159910334457
2019-01-10,231.01515197753906,55.60062026977539,48.95254898071289,34.645015716552734,95.82473754882812,121.58999633789062,14.600000381469727,13.16315746307373,57.990928649902344,32.852508544921875,85.7784423828125,69.79322052001953,2.1128476527608564
2019-01-11,231.1043701171875,55.4222297668457,48.61797332763672,34.47572326660156,96.1986312866211,121.80000305175781,14.640000343322754,13.120335578918457,58.155479431152344,32.6990966796875,86.03445434570312,69.83496856689453,2.1176953666576503
2019-01-14,229.6944122314453,55.24382019042969,48.39492416381836,34.18793487548828,95.8405990600586,122.08999633789062,14.65999984741211,13.009000778198242,57.96100616455078,32.56184768676758,85.98491668701172,69.83496856689453,2.128427386943834
2019-01-15,232.3269500732422,55.428810119628906,48.649837493896484,34.4249382019043,95.4906005859375,121.87999725341797,14.600000381469727,13.111773490905762,58.51453399658203,32.63450622558594,85.90235900878906,69.86002349853516,2.085137557032577
2019-01-16,232.88909912109375,55.51471710205078,48.78525924682617,34.84815979003906,95.58606719970703,122.2699966430664,14.630000114440918,13.18028450012207,58.9259147644043,32.642581939697266,85.85276794433594,69.8433609008789,2.099111435160138
2019-01-17,234.6559600830078,55.66664123535156,48.96052169799805,35.00052261352539,95.60991668701172,122.11000061035156,14.569999694824219,13.188848495483398,59.210140228271484,32.8121337890625,85.69583129882812,69.83496856689453,2.1126405586026573
2019-01-18,237.77926635742188,55.82518768310547,49.45442581176758,35.16981506347656,95.1087417602539,121.0199966430664,14.369999885559082,13.32587718963623,59.41210174560547,33.223907470703125,85.42329406738281,69.77648162841797,2.100738182907885
2019-01-22,234.5667266845703,55.45527267456055,48.68967819213867,34.560367584228516,95.75314331054688,121.44999694824219,14.390000343322754,13.231671333312988,59.23257064819336,32.77983474731445,85.72064208984375,69.83496856689453,2.070149099806352
2019-01-23,235.0575408935547,55.56757354736328,48.91272735595703,34.91587829589844,95.71337127685547,121.27999877929688,14.420000076293945,13.214543342590332,59.24006652832031,33.00590133666992,85.67932891845703,69.81827545166016,2.058976391003432
2019-01-24,235.1824493408203,55.627052307128906,48.96848678588867,35.254451751708984,96.34178924560547,121.08999633789062,14.359999656677246,13.248799324035645,59.44200897216797,33.00590133666992,85.9518814086914,69.87672424316406,2.0680174461251766
2019-01-25,237.17242431640625,55.7657470703125,49.526126861572266,35.71999740600586,95.88040161132812,122.86000061035156,14.739999771118164,13.317313194274902,60.182525634765625,33.345008850097656,85.753662109375,69.82662200927734,2.0673859281234654
2019-01-28,235.3699188232422,55.67986297607422,49.25526809692383,35.347557067871094,95.78498077392578,123.29000091552734,14.789999961853027,13.137465476989746,60.77341842651367,33.19160079956055,85.7784423828125,69.83496856689453,1.9931186259311147
2019-01-29,235.0575408935547,55.64683151245117,49.36680603027344,35.40681076049805,96.27017974853516,123.9800033569336,14.880000114440918,13.265928268432617,61.252140045166016,33.29656982421875,86.02619934082031,69.868408203125,1.9802922485420091
2019-01-30,238.77871704101562,56.0894660949707,49.90850830078125,36.17707443237305,96.1986312866211,124.69000244140625,15.050000190734863,13.360135078430176,61.745811462402344,33.65181350708008,86.22440338134766,69.96026611328125,2.0021532312686494
2019-01-31,240.87576293945312,56.22822570800781,49.93240737915039,36.48180389404297,97.02591705322266,124.75,15.050000190734863,13.291620254516602,62.38905715942383,33.603370666503906,86.62084197998047,70.01873016357422,1.9858491582764264
2019-02-01,240.99180603027344,56.200984954833984,49.91647720336914,36.194007873535156,96.43992614746094,124.5,14.920000076293945,13.411519050598145,61.99262619018555,33.64374542236328,86.1573715209961,69.93672943115234,2.003166127814911
2019-02-04,242.6872100830078,56.333744049072266,50.099700927734375,36.25325393676758,96.0093765258789,123.95999908447266,14.880000114440918,13.420083045959473,62.456398010253906,33.740631103515625,85.96702575683594,69.93672943115234,1.9866309842927543
2019-02-05,243.70460510253906,56.53285217285156,50.49003982543945,36.75266647338867,96.4478530883789,124.27999877929688,14.869999885559082,13.360135078430176,62.8154182434082,34.04743194580078,86.11603546142578,69.93672943115234,1.9907679600122232
2019-02-06,243.38323974609375,56.47974395751953,50.23512649536133,36.25325393676758,96.49567413330078,123.44000244140625,14.680000305175781,13.377262115478516,62.40401077270508,33.894039154052734,86.18221282958984,69.97021484375,1.9605651628997474
2019-02-07,241.06314086914062,56.28725051879883,49.56596374511719,35.8892822265625,97.133544921875,123.73999786376953,14.770000457763672,13.248799324035645,62.92013931274414,33.4499626159668,86.46358489990234,70.0203857421875,1.9523547278140017
2019-02-08,241.3576202392578,56.27400207519531,49.40664291381836,35.6861457824707,97.54812622070312,124.20999908447266,14.829999923706055,13.265928268432617,62.92013931274414,33.3288688659668,86.57947540283203,70.04552459716797,2.1058730524146934
2019-02-11,241.49154663085938,56.30057144165039,49.35883331298828,35.56763458251953,97.16544342041016,123.5999984741211,14.720000267028809,13.188848495483398,63.092166900634766,33.24812698364258,86.447021484375,70.0203857421875,2.095334665867489
2019-02-12,244.59693908691406,56.57265853881836,49.93240737915039,35.863895416259766,96.91826629638672,123.86000061035156,14.729999542236328,13.265928268432617,62.69572830200195,33.6114501953125,86.33120727539062,70.01202392578125,2.098262447260413
2019-02-13,245.39112854003906,56.49301528930664,49.94036865234375,35.60995864868164,96.55152130126953,123.37000274658203,14.59000015258789,13.343006134033203,63.0173454284668,33.6114501953125,86.11603546142578,69.96179962158203,2.085938872614233
2019-02-14,244.84678649902344,56.499671936035156,49.95629119873047,35.677677154541016,97.10166931152344,124.05999755859375,14.649999618530273,13.377262115478516,63.21931076049805,33.61951446533203,86.52154541015625,70.05382537841797,2.077215259045747
2019-02-15,247.51495361328125,56.67886734008789,50.68122100830078,35.62688446044922,97.25313568115234,124.80000305175781,14.819999694824219,13.62562370300293,63.64567565917969,34.15239715576172,86.43876647949219,70.0203857421875,2.0794722628809033
2019-02-19,247.9432830810547,56.698787689208984,50.87242126464844,35.90621566772461,97.50029754638672,126.69999694824219,15.020000457763672,13.659879684448242,63.630699157714844,34.28965377807617,86.5877456665039,70.07057189941406,2.266860647767862
2019-02-20,248.44297790527344,56.745208740234375,51.01580810546875,36.10936737060547,97.22122955322266,126.4800033569336,15.069999694824219,13.7027006149292,63.23427963256836,34.483421325683594,86.57122039794922,70.06224060058594,2.2971418237797505
2019-02-21,247.55953979492188,56.69215774536133,50.912254333496094,36.03318405151367,96.35221862792969,125.05000305175781,14.829999923706055,13.745521545410156,63.29411315917969,34.32194519042969,86.31465148925781,70.03712463378906,2.270894426939982
2019-02-22,249.09446716308594,56.804962158203125,51.07954406738281,36.43101501464844,96.92626190185547,125.5,14.949999809265137,13.779779434204102,63.6680908203125,34.426902770996094,86.57122039794922,70.08737182617188,2.3004188750088788
2019-02-25,249.43350219726562,56.85140609741211,51.230899810791016,36.837303161621094,96.63922119140625,125.37000274658203,14.899999618530273,13.574238777160645,63.16696548461914,34.499568939208984,86.43876647949219,70.07897186279297,2.2298760427720015
2019-02-26,249.2550811767578,56.924434661865234,51.47785186767578,36.7103385925293,97.11760711669922,125.58000183105469,14.9399995803833,13.634188652038574,62.97248077392578,34.7498664855957,86.69535827636719,70.11246490478516,2.21360099380872
2019-02-27,249.1479949951172,56.94434356689453,51.27073287963867,36.39715576171875,96.017333984375,124.69000244140625,14.75,13.7027006149292,62.658321380615234,34.628746032714844,86.38909912109375,70.09569549560547,2.211699709593977
2019-02-28,248.68389892578125,56.91114044189453,51.19903564453125,35.92314910888672,95.69044494628906,123.98999786376953,14.630000114440918,13.668445587158203,62.82289505004883,34.66104507446289,86.16567993164062,70.07897186279297,2.2138465062467745
2019-03-01,250.23666381835938,57.072452545166016,51.47785186767578,35.9654655456543,94.80596923828125,121.87999725341797,14.199999809265137,13.514288902282715,62.62841796875,34.87904739379883,85.88287353515625,70.03202056884766,2.2166022466565503
2019-03-04,249.3265380859375,56.98582077026367,51.28666305541992,36.016258239746094,95.54901123046875,121.55999755859375,14.149999618530273,13.557109832763672,62.912628173828125,34.73371505737305,86.14827728271484,70.04881286621094,2.1603044639094255
2019-03-05,248.98731994628906,56.959129333496094,51.33446502685547,36.371761322021484,95.74876403808594,121.72000122070312,14.199999809265137,13.62562370300293,63.08468246459961,34.80636978149414,86.19802856445312,70.05715942382812,2.2377318799389356
2019-03-06,247.47923278808594,56.86579895019531,51.207008361816406,36.16861343383789,96.1003189086914,121.61000061035156,14.149999618530273,13.548545837402344,62.79296112060547,34.741783142089844,86.43846893310547,70.10749053955078,2.242078053007106
2019-03-07,245.4090118408203,56.82579040527344,50.55376434326172,35.49991989135742,96.7235336303711,121.51000213623047,14.09000015258789,13.514288902282715,62.658321380615234,34.23312759399414,86.72875213623047,70.16615295410156,2.246409363529055
2019-03-08,244.91815185546875,56.732460021972656,50.561737060546875,35.24599075317383,97.13101196289062,122.83999633789062,14.40999984741211,13.505725860595703,62.72563171386719,34.257354736328125,86.85305786132812,70.19132232666016,2.2404636439769767
2019-03-11,248.4697723388672,56.91914367675781,50.99988555908203,35.90621566772461,96.84335327148438,122.23999786376953,14.369999885559082,13.52285385131836,63.64567565917969,34.54801940917969,86.7867431640625,70.17455291748047,2.242815852235571
2019-03-12,249.40672302246094,57.019134521484375,50.96800994873047,36.092430114746094,97.5224838256836,122.9800033569336,14.479999542236328,13.60849666595459,63.93735885620117,34.515716552734375,87.02722930908203,70.1996841430664,2.2450722952199262
2019-03-13,251.05772399902344,57.172489166259766,51.40616226196289,36.13475799560547,97.33872985839844,123.83999633789062,14.510000228881836,13.694136619567871,64.25153350830078,34.89518356323242,86.99407196044922,70.20806121826172,2.243671570344905
2019-03-14,250.8970184326172,57.1324348449707,51.398189544677734,35.94007110595703,96.63563537597656,122.41000366210938,14.239999771118164,13.634188652038574,64.34876251220703,35.0485954284668,86.86966705322266,70.2248306274414,2.2538092289949314
2019-03-15,252.13661193847656,57.18579864501953,51.955833435058594,36.464874267578125,97.27481079101562,122.97000122070312,14.329999923706055,13.634188652038574,64.14681243896484,35.436134338378906,87.14330291748047,70.24996948242188,2.27479570511041
2019-03-18,253.05076599121094,57.16577911376953,52.1390495300293,36.87117004394531,97.2188949584961,123.04000091552734,14.390000343322754,13.7027006149292,63.825191497802734,35.59761047363281,87.02722930908203,70.23321533203125,2.315914201146335
2019-03-19,253.113525390625,57.19915008544922,52.24262237548828,36.88809585571289,97.0031967163086,123.37999725341797,14.399999618530273,13.736959457397461,63.630699157714844,35.72679138183594,86.96919250488281,70.2248306274414,2.3381302024298876
2019-03-20,252.35162353515625,57.44581604003906,52.266510009765625,36.94734191894531,98.0179214477539,124.18000030517578,14.539999961853027,13.839727401733398,63.825191497802734,35.734859466552734,87.57450103759766,70.32545471191406,2.3474835112349823
2019-03-21,255.2018280029297,57.43246841430664,52.234642028808594,36.998130798339844,98.23358154296875,123.68000030517578,14.5,13.771214485168457,64.96210479736328,35.63798141479492,87.53304290771484,70.32545471191406,2.3140876503007997
2019-03-22,250.29017639160156,57.22579574584961,51.230899810791016,35.91469192504883,99.7596206665039,123.97000122070312,14.449999809265137,13.651315689086914,64.49089813232422,34.82252502441406,88.17984008789062,70.44278717041016,2.3110101217440593
2019-03-25,250.10203552246094,57.205787658691406,51.30260467529297,35.999324798583984,99.9194107055664,124.91999816894531,14.5600004196167,13.7027006149292,64.57317352294922,34.80636978149414,88.40374755859375,70.51827239990234,2.2760358864436996
2019-03-26,251.96636962890625,57.345794677734375,51.55752182006836,36.10936737060547,99.84749603271484,124.30000305175781,14.470000267028809,13.728395462036133,65.0892562866211,34.95170211791992,88.32909393310547,70.50987243652344,2.288676622217737
2019-03-27,250.64874267578125,57.38579177856445,51.581424713134766,35.71999740600586,100.7663345336914,123.6500015258789,14.319999694824219,13.651315689086914,64.90226745605469,35.02437210083008,88.58616638183594,70.56854248046875,2.347247953898642
2019-03-28,251.5987091064453,57.4991340637207,51.45395278930664,35.95701217651367,101.11788177490234,121.9000015258789,14.069999694824219,13.60849666595459,65.53205108642578,34.8709602355957,88.59447479248047,70.56017303466797,2.3369339076717615
2019-03-29,253.1852264404297,57.645816802978516,51.66905212402344,36.32943344116211,101.02200317382812,122.01000213623047,14.180000305175781,13.617059707641602,65.47179412841797,35.03244400024414,88.45348358154297,70.51827239990234,2.3537424659593125
2019-04-01,256.18780517578125,57.63173294067383,52.33024978637695,36.930419921875,99.58705139160156,121.52999877929688,14.149999618530273,13.745521545410156,65.43414306640625,35.46842575073242,87.84527587890625,70.44596099853516,2.3880912124040696
2019-04-02,256.31329345703125,57.65854263305664,52.346168518066406,36.81191635131836,99.77130889892578,121.9800033569336,14.15999984741211,13.779779434204102,65.89363861083984,35.58146286010742,87.99482727050781,70.47962951660156,2.802568647389466
2019-04-03,256.7166748046875,57.67858123779297,52.7524528503418,37.06584930419922,98.90646362304688,121.80000305175781,14.199999809265137,13.796907424926758,65.81832122802734,35.87212371826172,87.72061157226562,70.44596099853516,2.856062316345245
2019-04-04,257.3978271484375,57.7656364440918,52.64093017578125,37.29438400268555,99.18669128417969,122.11000061035156,14.220000267028809,13.805472373962402,65.71285247802734,35.82368850708008,87.81200408935547,70.46283721923828,2.82721860093583
2019-04-05,258.6436767578125,57.87281799316406,52.77635192871094,37.58217239379883,99.3148193359375,121.9800033569336,14.170000076293945,13.848292350769043,66.1723861694336,35.88019561767578,87.8535385131836,70.45440673828125,2.892622497497593
2019-04-08,258.84088134765625,57.83929443359375,52.80821990966797,37.58217239379883,98.9625015258789,122.51000213623047,14.3100004196167,13.899677276611328,65.80326843261719,35.94478988647461,87.71233367919922,70.4376220703125,3.0379748344385034
2019-04-09,257.51434326171875,57.799171447753906,52.47364044189453,37.50600051879883,99.27477264404297,123.1500015258789,14.279999732971191,13.87398624420166,65.45671844482422,35.75100326538086,87.87015533447266,70.44596099853516,2.989266064089828
2019-04-10,258.39276123046875,58.053558349609375,52.67279052734375,37.683746337890625,99.51502990722656,123.52999877929688,14.279999732971191,13.993884086608887,66.05937957763672,35.87212371826172,88.07791137695312,70.50480651855469,3.0579498161347227
2019-04-11,258.3210754394531,58.14063262939453,52.56126403808594,37.27745819091797,98.93048095703125,121.94999694824219,14.020000457763672,13.925370216369629,66.01417541503906,35.88019561767578,87.87847900390625,70.46283721923828,2.9085921631998337
2019-04-12,260.0688781738281,58.2276725769043,52.92771530151367,37.54832458496094,98.22579193115234,121.83000183105469,14.050000190734863,13.968191146850586,66.33058166503906,36.10626983642578,87.47132873535156,70.42083740234375,2.922979388367591
2019-04-15,259.8984680175781,58.18750762939453,52.95161056518555,37.353633880615234,98.47406768798828,121.5999984741211,14.0600004196167,13.942498207092285,65.9915771484375,36.13856506347656,87.5876693725586,70.42919921875,2.910097206323805
2019-04-16,260.0688781738281,58.15403366088867,52.99143981933594,37.632965087890625,97.8575210571289,120.51000213623047,14.069999694824219,13.89111328125,64.49998474121094,36.146629333496094,87.2885513305664,70.42083740234375,3.0068406043585836
2019-04-17,259.43243408203125,58.01339340209961,53.142799377441406,37.743003845214844,97.89753723144531,120.27999877929688,14.050000190734863,13.839727401733398,63.91241455078125,36.291961669921875,87.30517578125,70.44596099853516,3.016246913564355
2019-04-18,259.943359375,58.040184020996094,53.11093521118164,37.71760940551758,98.41000366210938,120.37000274658203,14.0600004196167,13.882548332214355,64.40205383300781,36.219303131103516,87.51287841796875,70.46283721923828,3.0429223797778415
2019-04-22,260.1673889160156,57.93975067138672,53.02330017089844,37.472137451171875,97.93756866455078,120.37000274658203,14.079999923706055,13.95106315612793,63.69393539428711,36.23544692993164,87.38823699951172,70.47120666503906,3.100916035133913
2019-04-23,262.5067138671875,58.14063262939453,53.126869201660156,37.55677795410156,98.14575958251953,120.12000274658203,13.90999984741211,13.968191146850586,64.53767395019531,36.219303131103516,87.5461196899414,70.50480651855469,3.2002701936464586
2019-04-24,261.92413330078125,58.060306549072266,52.76042556762695,37.04891586303711,98.94650268554688,120.47000122070312,14.0,13.916807174682617,65.01226806640625,36.0174560546875,87.87847900390625,70.54679107666016,3.1385342613219875
2019-04-25,261.7628173828125,58.08707809448242,52.720584869384766,36.998130798339844,98.80233764648438,120.56999969482422,14.0,13.89111328125,64.87666320800781,35.94478988647461,87.77046966552734,70.54679107666016,2.9924575855718323
2019-04-26,262.9818115234375,58.23435592651367,52.935672760009766,37.14202880859375,99.138671875,121.37000274658203,14.100000381469727,13.728395462036133,65.3889389038086,35.99323272705078,88.00313568115234,70.62235260009766,3.031988873841467
2019-04-29,263.39404296875,58.207576751708984,53.15077590942383,37.21820068359375,98.50606536865234,120.83000183105469,13.989999771118164,13.736959457397461,64.74859619140625,36.162784576416016,87.8202896118164,70.59721374511719,3.0136134386291555
2019-04-30,263.5284729003906,58.21428680419922,53.1826286315918,37.18434524536133,99.01053619384766,121.19999694824219,14.020000457763672,13.779779434204102,65.36631774902344,36.33233642578125,87.99482727050781,70.6476058959961,3.0729823001488112
2019-05-01,261.5477600097656,58.02330017089844,52.87990951538086,36.90502166748047,99.41896057128906,120.4000015258789,13.75,13.736959457397461,65.41905975341797,36.05782699584961,87.95484161376953,70.58531188964844,3.1028296580662738
2019-05-02,260.98297119140625,58.063682556152344,52.800254821777344,36.98966979980469,98.9455795288086,119.94000244140625,13.710000038146973,13.582801818847656,65.48685455322266,35.9044189453125,87.70503997802734,70.55168151855469,3.1617461934150772
2019-05-03,263.5374450683594,58.21158981323242,53.365848541259766,37.4298210144043,99.22642517089844,120.6500015258789,13.960000038146973,13.591365814208984,66.0443115234375,36.25160217285156,87.8216323852539,70.5768814086914,3.3127934093874036
2019-05-06,262.4529113769531,58.238487243652344,52.76042556762695,36.6595573425293,99.49922180175781,120.80999755859375,13.979999542236328,13.634188652038574,65.83336639404297,35.92056655883789,88.04644775390625,70.61898803710938,3.300455813471203
2019-05-07,258.0700378417969,57.88881301879883,51.83633804321289,35.94007110595703,100.26150512695312,121.20999908447266,13.979999542236328,13.46290397644043,64.64311981201172,35.242366790771484,88.34618377685547,70.65263366699219,3.3479480984329237
2019-05-08,257.7115173339844,57.908992767333984,51.90006637573242,35.8892822265625,99.82820892333984,120.91000366210938,13.890000343322754,13.480031967163086,64.57533264160156,35.419979095458984,88.17965698242188,70.64421844482422,3.435792476811263
2019-05-09,256.9317321777344,57.82159423828125,51.661075592041016,35.322166442871094,100.23743438720703,121.19999694824219,13.829999923706055,13.411519050598145,64.7410659790039,35.218143463134766,88.41275787353516,70.68628692626953,3.5461011731652134
2019-05-10,258.22247314453125,57.98297119140625,52.04346466064453,35.533782958984375,100.10099792480469,121.43000030517578,13.84000015258789,13.437211036682129,65.43414306640625,35.45227813720703,88.3544921875,70.70313262939453,3.663444621113713
2019-05-13,251.73321533203125,57.45174026489258,50.83259201049805,34.3487548828125,100.88741302490234,122.66999816894531,13.84000015258789,13.368696212768555,65.36631774902344,34.69334030151367,88.7957534790039,70.78730010986328,4.488193390503837
2019-05-14,254.0098114013672,57.57951736450195,51.34242248535156,34.83123016357422,100.59052276611328,122.45999908447266,13.859999656677246,13.548545837402344,65.6073989868164,34.96785354614258,88.71251678466797,70.78730010986328,4.591282815349771
2019-05-15,255.49769592285156,57.633304595947266,51.52565002441406,34.89894485473633,101.20836639404297,122.38999938964844,13.850000381469727,13.668445587158203,66.05187225341797,35.177772521972656,88.9955825805664,70.8377685546875,4.7123200266724
2019-05-16,257.8639831542969,57.808170318603516,51.93989562988281,34.72965621948242,100.87134552001953,121.51000213623047,13.649999618530273,13.745521545410156,66.31551361083984,35.49265670776367,88.82075500488281,70.79568481445312,4.528391810801034
2019-05-17,256.19683837890625,57.78797912597656,51.597347259521484,34.10329055786133,101.09603881835938,120.6500015258789,13.520000457763672,13.617059707641602,66.18743896484375,35.26658248901367,88.8624038696289,70.81253051757812,4.217681588854351
2019-05-20,254.50282287597656,57.73414611816406,51.390228271484375,33.95939636230469,100.88741302490234,120.63999938964844,13.550000190734863,13.677008628845215,65.23075103759766,35.03244400024414,88.71251678466797,70.77888488769531,4.582032422666625
2019-05-21,256.79736328125,57.91569137573242,51.73277282714844,34.39107894897461,100.72691345214844,120.36000061035156,13.529999732971191,13.685572624206543,65.7881851196289,35.274662017822266,88.61260986328125,70.74520111083984,4.573428410531412
2019-05-22,256.0085754394531,57.96280288696289,51.52565002441406,34.22179412841797,101.30465698242188,120.23999786376953,13.539999961853027,13.488595962524414,65.98405456542969,35.13740158081055,88.87899780273438,70.77888488769531,4.410748307674101
2019-05-23,252.8804931640625,57.67367172241211,51.05564498901367,33.781646728515625,102.44407653808594,121.16999816894531,13.680000305175781,13.205978393554688,66.13471221923828,34.78215026855469,89.42022705078125,70.9051284790039,4.526632982689697
2019-05-24,253.45413208007812,57.59297561645508,51.60531234741211,33.815494537353516,102.53234100341797,121.30000305175781,13.649999618530273,13.385826110839844,66.3381118774414,35.1535530090332,89.39525604248047,70.8798599243164,4.587237118098135
2019-05-28,251.09681701660156,57.5391731262207,51.10344314575195,33.93398666381836,103.2705307006836,120.83000183105469,13.460000038146973,13.497160911560059,65.68272399902344,34.78215026855469,89.78656005859375,70.93876647949219,5.007971965468159
2019-05-29,249.41189575195312,57.38452911376953,50.77682876586914,34.15407943725586,103.58352661132812,120.87000274658203,13.520000457763672,13.445775985717773,64.80885314941406,34.45920944213867,89.75325012207031,70.94719696044922,4.97324071877725
2019-05-30,250.09304809570312,57.50553894042969,50.96800994873047,34.34029006958008,104.47418975830078,121.69000244140625,13.600000381469727,13.308747291564941,65.08002471923828,34.66104507446289,90.07797241210938,71.00605010986328,4.777966491205514
2019-05-31,246.722900390625,57.08864212036133,50.5059700012207,34.45878982543945,105.7821044921875,123.33000183105469,13.649999618530273,12.95761775970459,65.45671844482422,34.33809280395508,90.67742919921875,71.1574935913086,4.924432677836831
2019-06-03,246.0955352783203,57.18051528930664,50.80072784423828,34.77198028564453,106.48971557617188,125.11000061035156,13.869999885559082,12.914795875549316,65.61493682861328,34.58030700683594,91.11372375488281,71.29161834716797,4.714518000960772
2019-06-04,251.43753051757812,57.754669189453125,51.382259368896484,34.84815979003906,105.27552032470703,125.1500015258789,13.890000343322754,12.991873741149902,65.32111358642578,35.000144958496094,90.77999114990234,71.24102783203125,4.426659364467658
2019-06-05,253.615478515625,57.8897705078125,51.366329193115234,34.56884002685547,104.6805419921875,125.47000122070312,13.880000114440918,12.726384162902832,66.68464660644531,35.000144958496094,90.77999114990234,71.27474975585938,4.493543907143557
2019-06-06,255.2646942138672,58.01134490966797,51.57344436645508,34.58576583862305,105.01826477050781,125.87999725341797,13.920000076293945,12.949051856994629,66.8127212524414,35.19392013549805,90.76332092285156,71.23261260986328,4.492275823482927
2019-06-07,257.8191223144531,58.159969329833984,52.226680755615234,34.85662841796875,105.92684173583984,126.58999633789062,14.0600004196167,12.991873741149902,67.0613021850586,35.63798141479492,91.1220932006836,71.3084945678711,4.619731411370016
2019-06-10,259.0022888183594,58.2477912902832,52.37007141113281,35.22059631347656,104.9298095703125,125.33000183105469,13.779999732971191,12.95761775970459,66.84284210205078,35.71065139770508,90.67158508300781,71.24102783203125,4.594679047374072
2019-06-11,258.939453125,58.32884216308594,52.632965087890625,35.61843490600586,104.9941177368164,125.18000030517578,13.8100004196167,13.043258666992188,67.0236587524414,35.896339416503906,90.67158508300781,71.21571350097656,4.552975303527503
2019-06-12,258.4823913574219,58.19375991821289,52.24262237548828,35.23752212524414,105.07454681396484,125.83000183105469,13.84000015258789,12.863411903381348,67.24964141845703,35.686431884765625,90.90515899658203,71.27474975585938,4.678257314136056
2019-06-13,259.5489501953125,58.32884216308594,52.2904052734375,35.17827606201172,105.43634033203125,126.5999984741211,13.960000038146973,13.026130676269531,67.5359115600586,35.718719482421875,91.13040924072266,71.35065460205078,4.727111905692942
2019-06-14,259.26220703125,58.28831100463867,51.908042907714844,34.78890609741211,105.70169067382812,126.55999755859375,13.90999984741211,13.077516555786133,67.5735855102539,35.436134338378906,91.19715881347656,71.32536315917969,4.992965841441708
2019-06-17,259.36065673828125,58.20050048828125,51.945465087890625,34.92622756958008,105.88661193847656,126.4800033569336,13.899999618530273,13.017566680908203,68.29678344726562,35.4195556640625,91.18049621582031,71.29161834716797,5.352783037805643
2019-06-18,262.0765380859375,58.605804443359375,52.63719940185547,35.770591735839844,106.41732788085938,127.12000274658203,14.050000190734863,13.171722412109375,68.22896575927734,35.925079345703125,91.35565185546875,71.3000717163086,5.215758213555147
2019-06-19,262.6680908203125,58.88275146484375,52.96272659301758,36.06910705566406,106.57012176513672,127.88999938964844,14.170000076293945,13.146029472351074,68.59811401367188,36.08253860473633,91.60590362548828,71.45185089111328,5.325887437652838
2019-06-20,265.17767333984375,59.17998123168945,53.42660140991211,36.59790802001953,106.85152435302734,131.11000061035156,14.449999809265137,13.411519050598145,68.94463348388672,36.447174072265625,91.75605773925781,71.48551940917969,5.471554972743803
2019-06-21,264.792236328125,58.99085235595703,53.198734283447266,36.47850799560547,105.6775894165039,131.97999572753906,14.359999656677246,13.445775985717773,67.97284698486328,36.389156341552734,91.38069152832031,71.45185089111328,5.8261327009265775
2019-06-24,264.468017578125,58.984066009521484,53.31266784667969,36.427330017089844,106.4655532836914,133.94000244140625,14.460000038146973,13.505725860595703,67.73929595947266,36.447174072265625,91.69770050048828,71.49398040771484,6.323799733068998
2019-06-25,261.8741760253906,58.73413848876953,52.99528884887695,36.05205535888672,106.7952651977539,134.1999969482422,14.380000114440918,13.548545837402344,66.73738098144531,36.239986419677734,91.83950805664062,71.51087188720703,6.771655923039152
2019-06-26,261.6129150390625,58.707130432128906,53.060386657714844,36.39320755004883,106.11178588867188,132.97000122070312,14.319999694824219,13.617059707641602,65.40397644042969,36.239986419677734,91.46411895751953,71.42652893066406,7.475367761532047
2019-06-27,262.5406188964844,58.86924362182617,53.190589904785156,36.64908218383789,106.85957336425781,132.83999633789062,14.279999732971191,13.617059707641602,66.2459487915039,36.2482795715332,91.73939514160156,71.48551940917969,6.4224113251212716
2019-06-28,263.89154052734375,58.8895149230957,53.491703033447266,36.59790802001953,106.78720092773438,133.1999969482422,14.329999923706055,13.471467971801758,66.4740982055664,36.521759033203125,91.78108978271484,71.48551940917969,7.125669996167113
2019-07-01,266.2872619628906,58.90718078613281,53.74399185180664,37.03289031982422,106.53742980957031,130.6199951171875,14.180000305175781,13.46290397644043,66.44369506835938,36.62949752807617,91.66578674316406,71.43992614746094,6.078013038973183
2019-07-02,266.9808654785156,59.03606033325195,53.898616790771484,36.93907165527344,107.3591537475586,133.41000366210938,14.289999961853027,13.240236282348633,67.59976196289062,36.745506286621094,91.99168395996094,71.48217010498047,6.203524717984668
2019-07-03,269.1153869628906,59.25998306274414,54.264827728271484,36.8708381652832,108.12454223632812,133.6300048828125,14.319999694824219,13.368696212768555,68.4059829711914,37.010704040527344,92.16720581054688,71.49907684326172,6.869491297583106
2019-07-05,268.8090515136719,59.022518157958984,53.84978485107422,36.61496353149414,106.69048309326172,132.13999938964844,14.0600004196167,13.394391059875488,68.16258239746094,36.6129264831543,91.5821533203125,71.35545349121094,6.3050527342011495
2019-07-08,267.33203125,58.90718078613281,53.54053497314453,36.39320755004883,106.8355484008789,131.2899932861328,14.050000190734863,13.377262115478516,68.4059829711914,36.447174072265625,91.4903335571289,71.32167053222656,7.055963532686943
2019-07-09,267.6653137207031,58.83930587768555,53.31266784667969,36.2823371887207,106.79524993896484,131.75,14.140000343322754,13.420083045959473,68.63414001464844,36.298004150390625,91.4317855834961,71.2963638305664,7.221281597285858
2019-07-10,268.9441833496094,59.002159118652344,53.49984359741211,36.589378356933594,106.20716857910156,133.8300018310547,14.260000228881836,13.711265563964844,69.02967834472656,36.43060302734375,91.4819564819336,71.42303466796875,6.981621637338084
2019-07-11,269.57470703125,58.88677215576172,53.48357391357422,36.521148681640625,104.78917694091797,132.6999969482422,14.170000076293945,13.719829559326172,68.13217163085938,36.372589111328125,91.03065490722656,71.38923645019531,6.523407093927785
2019-07-12,270.7814636230469,58.98176956176758,53.54867935180664,36.54672622680664,104.91004943847656,133.52999877929688,14.260000228881836,13.754085540771484,68.0408935546875,36.35601043701172,91.1309585571289,71.39773559570312,6.786053523946724
2019-07-15,270.87158203125,59.022518157958984,53.59749984741211,36.68319320678711,105.5142593383789,133.52999877929688,14.420000076293945,13.60849666595459,67.98765563964844,36.422306060791016,91.32311248779297,71.41460418701172,6.257172340485269
2019-07-16,269.99786376953125,58.900390625,53.377769470214844,36.63201904296875,105.20008087158203,132.39999389648438,14.539999961853027,13.46290397644043,67.82791900634766,36.298004150390625,91.12261962890625,71.38923645019531,5.4431159111871725
2019-07-17,268.16058349609375,58.82574462890625,53.304534912109375,36.521148681640625,106.33605194091797,134.5800018310547,14.9399995803833,13.343006134033203,67.59976196289062,36.22341537475586,91.54876708984375,71.45684814453125,5.5672596750954835
2019-07-18,269.1424560546875,58.85285186767578,53.467288970947266,36.74290084838867,106.34408569335938,136.47999572753906,15.289999961853027,13.248799324035645,67.59976196289062,36.40573501586914,91.7744369506836,71.54130554199219,6.125880533120645
2019-07-19,267.6473083496094,58.7510871887207,53.31266784667969,36.555267333984375,106.09432220458984,134.47000122070312,15.170000076293945,13.32587718963623,66.49693298339844,36.18198013305664,91.60729217529297,71.46525573730469,6.047917785001763
2019-07-22,268.3047180175781,58.9478759765625,53.36963653564453,36.56379699707031,106.29578399658203,134.4499969482422,15.350000381469727,13.283056259155273,66.43608093261719,36.256568908691406,91.64907836914062,71.47374725341797,5.940162081493096
2019-07-23,270.22308349609375,59.049625396728516,53.70330047607422,36.60643005371094,105.71570587158203,133.69000244140625,15.34000015258789,13.368696212768555,67.18904876708984,36.488609313964844,91.49864959716797,71.45684814453125,5.686121907012574
2019-07-24,271.4930725097656,59.09711456298828,53.74399185180664,36.66614532470703,106.17487335205078,134.3699951171875,15.520000457763672,13.308747291564941,67.24230194091797,36.463748931884766,91.63235473632812,71.47374725341797,5.63509906625976
2019-07-25,270.1960144042969,59.01571273803711,53.198734283447266,36.342041015625,105.6673355102539,133.4199981689453,15.359999656677246,13.257364273071289,66.84679412841797,36.08253860473633,91.47357177734375,71.4314956665039,5.692481955093751
2019-07-26,272.0064392089844,59.14460754394531,53.304534912109375,36.41880798339844,105.91712951660156,133.63999938964844,15.3100004196167,13.274491310119629,67.1510238647461,36.273136138916016,91.45684814453125,71.43992614746094,5.6686261662813315
2019-07-29,271.510986328125,59.056434631347656,53.41846466064453,36.35056686401367,105.9493179321289,134.52999877929688,15.399999618530273,13.32587718963623,67.33356475830078,36.339439392089844,91.54041290283203,71.43992614746094,5.466952070221562
2019-07-30,270.8446044921875,59.08355712890625,52.79997253417969,36.06910705566406,106.20716857910156,134.97999572753906,15.5,13.4029541015625,67.87356567382812,35.79248046875,91.5821533203125,71.44840240478516,5.51765130006231
2019-07-31,267.88134765625,58.98176956176758,52.45002746582031,35.6255989074707,107.06112670898438,133.2100067138672,15.210000038146973,13.317313194274902,67.60736083984375,35.56043243408203,91.81617736816406,71.43992614746094,5.79228928105335
2019-08-01,265.54876708984375,58.95246124267578,52.30354309082031,34.92622756958008,109.18736267089844,136.41000366210938,15.34000015258789,12.949051856994629,67.60736083984375,35.41127014160156,92.85765075683594,71.64306640625,5.9726465598759635
2019-08-02,263.5492248535156,58.863914489746094,51.83967208862305,34.58506774902344,110.19640350341797,135.88999938964844,15.1899995803833,12.966182708740234,67.93441009521484,35.05492401123047,93.05016326904297,71.65997314453125,6.0407058045541575
2019-08-05,255.62359619140625,58.250667572021484,50.54571533203125,33.30571746826172,112.10153198242188,137.7899932861328,15.329999923706055,12.85484790802002,66.5958023071289,34.29249572753906,93.85383605957031,71.80384063720703,6.780119161623362
2019-08-06,259.2081604003906,58.62543487548828,50.887516021728516,33.78334426879883,112.99758911132812,138.91000366210938,15.380000114440918,12.786334037780762,67.33356475830078,34.433380126953125,94.00455474853516,71.83767700195312,6.5920412106768085
2019-08-07,259.3611145019531,58.61860656738281,51.08283233642578,33.93686294555664,113.03791046142578,141.02000427246094,15.970000267028809,12.623613357543945,67.98765563964844,34.60740661621094,94.00455474853516,71.84610748291016,6.858406642355913
2019-08-08,264.4499206542969,58.85026168823242,51.579261779785156,34.354793548583984,113.28009033203125,141.72999572753906,15.890000343322754,12.692127227783203,69.18177032470703,34.9803352355957,94.01290130615234,71.82074737548828,6.872441933646162
2019-08-09,262.648681640625,58.768516540527344,51.221168518066406,34.005096435546875,113.05408477783203,141.25999450683594,15.890000343322754,12.803461074829102,69.09809112548828,34.80630874633789,93.8705825805664,71.77843475341797,6.813017547897227
2019-08-12,259.4512939453125,58.564083099365234,50.814273834228516,33.595699310302734,115.41122436523438,142.6300048828125,15.979999542236328,12.70925521850586,68.91557312011719,34.53282928466797,94.4649429321289,71.85457611083984,6.537164203220834
2019-08-13,263.4862365722656,58.82303237915039,51.2944221496582,34.02214813232422,115.0156478881836,141.77999877929688,15.869999885559082,13.009000778198242,69.0144271850586,34.8311653137207,94.1301040649414,71.76998901367188,6.257597465392283
2019-08-14,255.69564819335938,58.29836654663086,49.88652420043945,33.041316986083984,117.60688018798828,142.75,16.079999923706055,12.81202507019043,67.96484375,33.88642883300781,94.75798034667969,71.86308288574219,5.77280644593484
2019-08-15,256.3710632324219,58.468711853027344,50.05742645263672,33.26307678222656,118.91463470458984,143.6999969482422,16.1299991607666,12.70925521850586,68.64173889160156,33.87813186645508,95.3607406616211,72.0154037475586,5.922036505312545
2019-08-16,260.1538391113281,58.666324615478516,50.65965270996094,33.72364044189453,117.96212768554688,142.77999877929688,16.020000457763672,12.700691223144531,69.34909057617188,34.284210205078125,95.10958099365234,72.00688934326172,5.9580992118045755
2019-08-19,263.2880554199219,58.83665466308594,50.968902587890625,33.8600959777832,116.27495574951172,141.11000061035156,15.789999961853027,12.760640144348145,69.85106658935547,34.549400329589844,94.65751647949219,71.93077850341797,6.2692121246262404
2019-08-20,261.27069091796875,58.88434600830078,50.797996520996094,33.9283332824707,117.47770690917969,142.2100067138672,16.049999237060547,12.794897079467773,69.356689453125,34.35051345825195,95.07611846923828,71.98152160644531,6.181445143658412
2019-08-21,263.3962097167969,59.136436462402344,51.156070709228516,34.2524299621582,116.69470977783203,141.75999450683594,16.049999237060547,12.837718963623047,69.64570617675781,34.75658416748047,94.82493591308594,71.91384887695312,5.822395752040786
2019-08-22,263.3150634765625,59.2454719543457,51.05842208862305,33.80892562866211,115.91973876953125,141.39999389648438,15.970000267028809,12.777769088745117,69.96513366699219,34.68199920654297,94.61565399169922,71.87995910644531,5.818378938605391
2019-08-23,256.5511779785156,58.972957611083984,50.423648834228516,33.30571746826172,117.82489013671875,144.1699981689453,16.350000381469727,12.683564186096191,68.98399353027344,34.24277877807617,95.25187683105469,71.99845123291016,5.977410987428838
2019-08-26,259.38818359375,59.26593017578125,50.83869171142578,33.484825134277344,117.34857940673828,144.19000244140625,16.520000457763672,12.674999237060547,69.51639556884766,34.48310470581055,95.15980529785156,71.96459197998047,5.956078466369259
2019-08-27,258.3704833984375,59.23866271972656,50.797996520996094,33.54452896118164,119.1567611694336,145.57000732421875,17.030000686645508,12.760640144348145,69.31867218017578,34.49968338012695,95.57002258300781,71.98998260498047,5.849646931601304
2019-08-28,260.18988037109375,59.381736755371094,50.797996520996094,33.63834762573242,119.31017303466797,145.16000366210938,17.170000076293945,12.871975898742676,69.5468521118164,34.47481918334961,95.60350799560547,72.00688934326172,5.602074488555713
2019-08-29,263.5133056640625,59.44308090209961,51.23745346069336,34.01362228393555,118.85816192626953,144.1199951171875,17.06999969482422,12.906231880187988,70.08685302734375,34.82288360595703,95.41932678222656,71.97306823730469,5.46181467688615
2019-08-30,263.3962097167969,59.388572692871094,51.440914154052734,34.278018951416016,118.89036560058594,143.75,17.149999618530273,12.700691223144531,70.14010620117188,34.94718933105469,95.44445037841797,71.99845123291016,5.5123389212770455
2019-09-03,261.8561096191406,59.21815490722656,51.34325408935547,34.064796447753906,119.04401397705078,145.75,17.889999389648438,12.632177352905273,70.83979797363281,34.839454650878906,95.65408325195312,72.0544204711914,6.101218240856664
2019-09-04,264.8282165527344,59.34138488769531,52.067535400390625,34.6362419128418,119.2219467163086,146.66000366210938,18.34000015258789,12.931924819946289,71.43305206298828,35.41127014160156,95.8050308227539,72.11375427246094,6.084536294637395
2019-09-05,268.2326965332031,59.574012756347656,52.34423828125,35.02857208251953,117.06280517578125,143.13999938964844,17.40999984741211,12.914795875549316,70.9158706665039,35.593589782714844,95.0335693359375,71.95264434814453,6.073647376339685
2019-09-06,268.43988037109375,59.62875747680664,52.51513671875,35.18210220336914,117.89573669433594,141.9199981689453,16.8700008392334,12.949051856994629,71.07559204101562,35.668182373046875,95.09222412109375,71.96116638183594,5.9460179247043445
2019-09-09,268.574951171875,59.6903190612793,52.66975784301758,35.292964935302734,115.80139923095703,141.38999938964844,16.829999923706055,13.068950653076172,70.73332977294922,35.684757232666016,94.50527954101562,71.88488006591797,5.935491876874758
2019-09-10,268.5119323730469,59.72456741333008,52.75927734375,35.318565368652344,113.7715835571289,140.17999267578125,16.850000381469727,13.086079597473145,70.00318145751953,35.73447036743164,93.81764221191406,71.76624298095703,5.809718280539295
2019-09-11,270.42132568359375,59.71774673461914,53.052249908447266,35.56590270996094,113.56936645507812,141.02999877929688,16.950000762939453,12.991873741149902,70.07923126220703,35.925079345703125,93.72540283203125,71.76624298095703,5.845553281606197
2019-09-12,271.3580017089844,59.751930236816406,53.36149215698242,35.821773529052734,112.8254165649414,141.32000732421875,16.920000076293945,12.940486907958984,70.451904296875,36.14055252075195,93.51576232910156,71.74921417236328,5.978652711101829
2019-09-13,271.17779541015625,59.64243698120117,53.66260528564453,36.026466369628906,110.41553497314453,140.14999389648438,16.309999465942383,12.940486907958984,69.6989517211914,36.239986419677734,92.6604232788086,71.63055419921875,5.950178315944747
2019-09-16,270.3402099609375,59.85457992553711,53.182456970214844,35.74501037597656,111.8226547241211,141.32000732421875,16.739999771118164,13.514288902282715,70.30740356445312,35.850494384765625,93.06295013427734,71.68991088867188,5.90207806871495
2019-09-17,271.0246887207031,59.8887825012207,53.36149215698242,35.74501037597656,112.42916870117188,141.60000610351562,16.860000610351562,13.257364273071289,71.06800079345703,36.0245361328125,93.30614471435547,71.72380065917969,5.881677681686316
2019-09-18,271.1868591308594,59.85457992553711,53.296390533447266,35.60002136230469,112.90625,140.7100067138672,16.549999237060547,13.171722412109375,70.8245849609375,35.99137878417969,93.33966064453125,71.68138885498047,5.856968277955066
2019-09-19,271.1687927246094,59.786102294921875,53.475425720214844,35.45502853393555,113.24591064453125,141.27999877929688,16.6200008392334,13.240236282348633,71.07559204101562,36.11568832397461,93.3815689086914,71.68991088867188,5.896117346403949
2019-09-20,269.8876037597656,59.86138916015625,53.35335922241211,35.489139556884766,114.7419204711914,142.9499969482422,16.799999237060547,13.257364273071289,71.07559204101562,36.041107177734375,93.91828918457031,71.76624298095703,5.847431010087306
2019-09-23,269.8243103027344,59.834041595458984,53.21501159667969,35.52325439453125,114.7176513671875,143.75,17.510000228881836,13.291620254516602,71.18965911865234,35.94994354248047,94.05242919921875,71.8085708618164,5.587660062124116
2019-09-24,267.7070007324219,59.751930236816406,53.01156234741211,35.147972106933594,116.1004867553711,144.50999450683594,17.440000534057617,13.137465476989746,71.03175354003906,35.74276351928711,94.52202606201172,71.88488006591797,4.950888010111
2019-09-25,269.29046630859375,59.6903190612793,52.856937408447266,35.122398376464844,114.4023208618164,141.8300018310547,16.709999084472656,13.060386657714844,71.16974639892578,35.5687255859375,93.90152740478516,71.79159545898438,4.874175398427121
2019-09-26,268.7294616699219,59.649261474609375,53.052249908447266,35.11386489868164,115.1381607055664,141.7899932861328,16.670000076293945,13.060386657714844,71.76773834228516,35.759342193603516,94.10274505615234,71.82553100585938,4.662814287335776
2019-09-27,267.2817077636719,59.58086013793945,52.87321090698242,34.661827087402344,115.42120361328125,141.05999755859375,16.360000610351562,13.009000778198242,71.36907958984375,35.775909423828125,94.23693084716797,71.86790466308594,4.739127573249478
2019-09-30,268.5213928222656,59.649261474609375,53.068519592285156,34.85799026489258,115.70429229736328,138.8699951171875,15.920000076293945,12.880538940429688,71.49173736572266,35.85878372192383,94.3124008178711,71.90180969238281,4.763261544059097
2019-10-01,265.3273620605469,59.51189041137695,52.54768371582031,34.610652923583984,116.05255126953125,139.6300048828125,16.149999618530273,12.871975898742676,70.81708526611328,35.469276428222656,94.5735855102539,71.9824447631836,4.791637229475238
2019-10-02,260.64044189453125,59.161476135253906,51.47346115112305,34.34625244140625,116.33616638183594,141.25999450683594,16.43000030517578,12.760640144348145,70.51806640625,34.54111099243164,94.90113067626953,72.05891418457031,4.820218186284473
2019-10-03,262.7757263183594,59.19584274291992,51.81526184082031,34.789764404296875,117.39735412597656,141.89999389648438,16.43000030517578,12.743513107299805,71.20037841796875,34.78144073486328,95.39664459228516,72.21173858642578,4.743806190629828
2019-10-04,266.3317565917969,59.38134002685547,52.22216796875,34.943294525146484,118.26409912109375,141.89999389648438,16.40999984741211,12.846282958984375,71.62974548339844,35.09636306762695,95.58136749267578,72.2032241821289,4.7127630988050395
2019-10-07,265.1826171875,59.33320999145508,52.15705871582031,34.65330123901367,117.28392791748047,140.69000244140625,16.299999237060547,12.829153060913086,71.4764175415039,35.10464096069336,95.2622299194336,72.12684631347656,4.735553831946722
2019-10-08,261.065673828125,59.113426208496094,51.66876983642578,34.40595626831055,117.5998306274414,141.9199981689453,16.610000610351562,12.820589065551758,71.10074615478516,34.71514892578125,95.46379089355469,72.16928100585938,4.725882520737568
2019-10-09,263.5449523925781,59.29201889038086,52.04313278198242,34.670352935791016,116.9355697631836,142.0500030517578,16.600000381469727,12.85484790802002,71.23873901367188,34.99690628051758,95.22023010253906,72.12684631347656,4.936630061052829
2019-10-10,265.3273620605469,59.36761474609375,52.40934371948242,35.02857208251953,115.19390106201172,140.80999755859375,16.3700008392334,12.940486907958984,71.35375213623047,35.31182861328125,94.62397003173828,72.04192352294922,4.931308147803951
2019-10-11,268.0780334472656,59.61494064331055,53.34522247314453,35.591487884521484,113.76818084716797,140.02999877929688,16.3700008392334,13.094644546508789,71.32307434082031,36.057674407958984,93.97728729248047,71.97401428222656,4.779278321228606
2019-10-14,267.7793884277344,59.65612030029297,53.12549591064453,35.437965393066406,114.594482421875,140.58999633789062,16.489999771118164,13.03469467163086,71.35375213623047,35.90021514892578,94.23765563964844,71.9824447631836,4.809676434632464
2019-10-15,270.43048095703125,59.786685943603516,53.74399185180664,35.7535400390625,113.2092514038086,139.61000061035156,16.270000457763672,13.00043773651123,71.44572448730469,36.36430358886719,93.7841567993164,71.96549987792969,4.712435561937367
2019-10-16,269.9961853027344,59.73859405517578,53.825374603271484,35.855892181396484,113.34689331054688,140.41000366210938,16.260000228881836,13.017566680908203,71.45340728759766,36.3974494934082,93.9688491821289,71.99947357177734,4.621784966577179
2019-10-17,270.79241943359375,59.82103729248047,53.95558547973633,35.99235153198242,113.0715103149414,140.61000061035156,16.399999618530273,13.068950653076172,71.92105865478516,36.57148742675781,93.935302734375,71.99947357177734,4.654167089688899
2019-10-18,269.60711669921875,59.83479309082031,53.93116760253906,35.80471420288086,113.0715103149414,140.4600067138672,16.40999984741211,13.060386657714844,72.47306060791016,36.59634017944336,94.01929473876953,72.02493286132812,4.579102538083198
2019-10-21,271.43475341796875,59.8553581237793,54.22414016723633,36.128814697265625,112.22093200683594,139.7899932861328,16.40999984741211,13.043258666992188,73.02507781982422,36.745506286621094,93.67498779296875,71.9909896850586,4.734461294586746
2019-10-22,270.548095703125,59.86912536621094,54.09392547607422,36.154396057128906,112.8770523071289,140.1999969482422,16.3700008392334,13.060386657714844,72.8104019165039,36.59634017944336,93.89332580566406,72.01642608642578,4.6394026923575975
2019-10-23,271.3353271484375,59.924110412597656,54.38689422607422,36.162925720214844,112.99048614501953,140.52999877929688,16.389999389648438,13.22310733795166,72.97138977050781,36.82838821411133,93.92692565917969,72.00794982910156,4.3157603726458555
2019-10-24,271.7787170410156,59.992801666259766,54.484554290771484,36.162925720214844,112.76362609863281,141.52999877929688,16.649999618530273,13.291620254516602,72.78739929199219,36.960975646972656,93.91011810302734,72.00794982910156,4.3035946775001035
2019-10-25,272.8916015625,60.04092025756836,54.54152297973633,36.41880798339844,112.21280670166016,141.86000061035156,16.889999389648438,13.368696212768555,72.16641235351562,36.936119079589844,93.70856475830078,71.96549987792969,4.973937295471854
2019-10-28,274.42974853515625,60.0340461730957,54.78566360473633,36.63201904296875,111.19207763671875,140.63999938964844,16.68000030517578,13.317313194274902,71.72938537597656,37.09357833862305,93.35585021972656,71.94003295898438,5.315909901906443
2019-10-29,274.34832763671875,59.924110412597656,54.7693977355957,36.44438552856445,111.26502990722656,140.25,16.649999618530273,13.291620254516602,72.16641235351562,37.04384994506836,93.43980407714844,71.95697784423828,5.41442671017338
2019-10-30,275.1897888183594,59.84852600097656,54.99725341796875,36.60643005371094,112.89329528808594,141.02000427246094,16.729999542236328,13.205978393554688,72.42707824707031,37.27589797973633,93.89332580566406,71.99947357177734,5.286952053359063
2019-10-31,274.4569396972656,59.64240646362305,54.86704635620117,36.31645202636719,114.41629791259766,142.42999267578125,16.920000076293945,13.128900527954102,72.29674530029297,37.151588439941406,94.48959350585938,72.12684631347656,5.283424862672774
2019-11-01,276.99945068359375,59.898345947265625,55.35532760620117,36.862308502197266,114.06402587890625,142.55999755859375,16.920000076293945,13.368696212768555,72.28141021728516,37.42506790161133,94.3113021850586,72.08429718017578,5.31875621972055
2019-11-04,278.11236572265625,60.022544860839844,55.640159606933594,37.22904968261719,112.562744140625,142.14999389648438,16.850000381469727,13.454339981079102,71.77542114257812,37.59910202026367,93.83190155029297,72.03328704833984,5.405768856361289
2019-11-05,277.8047180175781,59.960479736328125,55.534366607666016,37.44227981567383,111.29683685302734,139.85000610351562,16.440000534057617,13.488595962524414,70.55640411376953,37.49964904785156,93.3271713256836,71.98221588134766,5.365518276939617
2019-11-06,277.8680419921875,59.89146423339844,55.50995635986328,37.32286834716797,111.97034454345703,140.4499969482422,16.469999313354492,13.343006134033203,70.70975494384766,37.54937744140625,93.59638977050781,72.02474975585938,5.3760583460392235
2019-11-07,278.84527587890625,59.86387252807617,55.68085861206055,37.59579849243164,109.94159698486328,138.27000427246094,16.0,13.334441184997559,70.00440979003906,37.54109191894531,92.8477783203125,71.93970489501953,5.322464565215499
2019-11-08,279.5329284667969,59.919063568115234,55.648292541503906,37.254642486572266,109.47908782958984,137.38999938964844,15.699999809265137,13.368696212768555,69.83573150634766,37.54937744140625,92.7216567993164,71.94818878173828,5.0567418685541226
2019-11-11,278.9991455078125,59.88457107543945,55.57506561279297,36.99024200439453,109.55210876464844,137.05999755859375,15.75,13.283056259155273,69.98907470703125,37.491363525390625,92.82257843017578,71.96524047851562,5.029695960386702
2019-11-12,279.587158203125,59.898345947265625,55.59946060180664,36.751426696777344,110.05524444580078,137.42999267578125,15.720000267028809,13.291620254516602,69.46005249023438,37.532798767089844,92.86463165283203,71.97373962402344,5.062933661395056
2019-11-13,279.6776123046875,59.836299896240234,55.40415954589844,36.46997833251953,110.76941680908203,137.97999572753906,15.829999923706055,13.317313194274902,70.09639739990234,37.458221435546875,93.11695861816406,72.00774383544922,5.058684094877325
2019-11-14,280.0848388671875,59.80178451538086,55.24954605102539,36.49556350708008,111.91353607177734,138.55999755859375,15.899999618530273,13.274491310119629,70.64073944091797,37.44993209838867,93.58795928955078,72.07577514648438,5.001156506536725
2019-11-15,282.11163330078125,59.98117446899414,55.59946060180664,36.78554916381836,111.79182434082031,138.2100067138672,15.850000381469727,13.343006134033203,71.02405548095703,37.623966217041016,93.51226043701172,72.05024719238281,4.877046393676463
2019-11-18,282.3197021484375,59.90526580810547,55.66459274291992,36.725852966308594,111.99474334716797,138.6199951171875,15.920000076293945,13.205978393554688,71.36907958984375,37.673675537109375,93.67207336425781,72.08429718017578,4.772116256502273
2019-11-19,282.2383117675781,59.69139099121094,55.591339111328125,36.80260467529297,112.92793273925781,138.69000244140625,16.020000457763672,13.086079597473145,71.49173736572266,37.623966217041016,93.84870147705078,72.07577514648438,4.71288143832401
2019-11-20,281.1887512207031,59.56721496582031,55.241397857666016,36.64055252075195,114.09649658203125,138.75999450683594,16.040000915527344,13.257364273071289,71.45340728759766,37.40020751953125,94.19353485107422,72.10978698730469,4.610150116714393
2019-11-21,280.7363586425781,59.58097839355469,55.16816329956055,36.56379699707031,113.38239288330078,138.0,15.989999771118164,13.377262115478516,70.4490737915039,37.33390808105469,93.95804595947266,72.07577514648438,4.389317076873581
2019-11-22,281.3605651855469,59.80868148803711,55.32277297973633,36.56379699707031,113.52845764160156,137.74000549316406,15.899999618530273,13.368696212768555,70.18840026855469,37.42506790161133,93.94121551513672,72.06729888916016,4.190506404577343
2019-11-25,283.5412292480469,59.96735763549805,55.76224136352539,36.930538177490234,113.86117553710938,137.0800018310547,15.779999732971191,13.368696212768555,70.4107437133789,37.731689453125,93.98328399658203,72.07577514648438,4.104104814884085
2019-11-26,284.18365478515625,60.03635025024414,55.72968292236328,36.819671630859375,114.52655029296875,137.74000549316406,15.989999771118164,13.445775985717773,71.34607696533203,37.77313232421875,94.1598892211914,72.10978698730469,4.145591509470741
2019-11-27,285.45037841796875,60.11223602294922,55.87617111206055,36.862308502197266,114.19387817382812,137.00999450683594,15.84000015258789,13.377262115478516,71.68340301513672,37.831138610839844,93.916015625,72.06729888916016,4.325518896154535
2019-11-29,284.39178466796875,59.98117446899414,55.48554611206055,36.2823371887207,113.950439453125,137.86000061035156,15.920000076293945,13.111773490905762,71.35375213623047,37.61567687988281,93.84024810791016,72.0927963256836,4.457369310916765
2019-12-02,281.9759216308594,59.9402961730957,55.200706481933594,36.2738037109375,112.43114471435547,137.7899932861328,15.800000190734863,13.094644546508789,70.27273559570312,37.31733322143555,93.50337982177734,72.0706558227539,4.205100022839798
2019-12-03,280.0848388671875,59.85716247558594,54.99725341796875,36.08617401123047,114.78852081298828,139.11000061035156,16.049999237060547,13.103208541870117,70.7250747680664,37.15987777709961,94.33722686767578,72.17288970947266,4.204041697378671
2019-12-04,281.81304931640625,60.037235260009766,55.50181198120117,36.35909652709961,113.64232635498047,138.9199981689453,15.760000228881836,13.308747291564941,71.01638793945312,37.51622772216797,93.97505187988281,72.13883209228516,4.164924877850835
2019-12-05,282.3197021484375,60.12728500366211,55.39601516723633,36.521148681640625,113.0895767211914,139.0,15.850000381469727,13.334441184997559,71.05472564697266,37.44993209838867,93.75604248046875,72.10472869873047,4.277646634775266
2019-12-06,284.89849853515625,60.21041488647461,55.90058898925781,36.734371185302734,112.46365356445312,137.6199951171875,15.479999542236328,13.420083045959473,71.20037841796875,37.78141784667969,93.46966552734375,72.07917022705078,4.33432481457804
2019-12-09,284.0027160644531,60.21041488647461,55.60761642456055,36.589378356933594,112.7074966430664,137.5800018310547,15.5,13.4029541015625,71.33842468261719,37.61567687988281,93.54550170898438,72.07917022705078,4.250419571799184
2019-12-10,283.6859436035156,60.355857849121094,55.63203430175781,36.717315673828125,112.71560668945312,137.97000122070312,15.569999694824219,13.46290397644043,70.9244155883789,37.63225173950195,93.43598937988281,72.04507446289062,4.179905763591249
2019-12-11,284.4913024902344,60.48054504394531,55.92499542236328,37.254642486572266,113.60169982910156,138.9199981689453,15.75,13.4029541015625,70.2037353515625,37.8145637512207,93.82344055175781,72.10472869873047,4.1450494471717585
2019-12-12,286.9433898925781,60.61906814575195,56.299354553222656,37.90283966064453,111.73201751708984,138.42999267578125,15.850000381469727,13.52285385131836,69.2530746459961,38.12947463989258,93.08223724365234,72.03656005859375,4.15981328365226
2019-12-13,287.1152648925781,60.68143081665039,56.689979553222656,37.88578414916992,113.02452087402344,139.0500030517578,15.84000015258789,13.591365814208984,69.2684097290039,38.4775390625,93.62972259521484,72.12181091308594,4.175061414799259
2019-12-16,289.08770751953125,60.799129486083984,57.295692443847656,38.207237243652344,112.00843811035156,139.0399932861328,15.90999984741211,13.685572624206543,69.76673889160156,38.991424560546875,93.19174194335938,72.07917022705078,3.981401315832252
2019-12-17,289.15106201171875,60.98615264892578,56.966495513916016,38.55568313598633,111.85394287109375,139.00999450683594,15.880000114440918,13.745521545410156,69.10740661621094,38.71613311767578,93.20014190673828,72.09620666503906,3.8137223497873296
2019-12-18,289.1691589355469,61.096981048583984,56.892433166503906,38.764739990234375,110.93537139892578,139.02000427246094,15.899999618530273,13.754085540771484,69.94971466064453,38.674415588378906,92.94743347167969,72.10472869873047,4.179149456286358
2019-12-19,290.35443115234375,61.065006256103516,56.892433166503906,38.782169342041016,111.11286926269531,139.3800048828125,15.9399995803833,13.814034461975098,70.56963348388672,38.682762145996094,93.01997375488281,72.11920928955078,4.136674262163275
2019-12-20,291.62738037109375,60.97465896606445,56.933570861816406,38.860565185546875,111.25944519042969,139.52000427246094,16.040000915527344,13.796907424926758,70.95707702636719,38.81623840332031,93.01997375488281,72.11920928955078,4.14584725743591
2019-12-23,292.072998046875,61.00245666503906,57.024112701416016,38.9128303527832,111.09661102294922,139.9499969482422,16.280000686645508,13.800387382507324,70.60063171386719,38.90800094604492,92.93563079833984,72.1021728515625,4.224419930800672
2019-12-24,292.08203125,61.051116943359375,56.966495513916016,38.82572937011719,111.41413879394531,141.27000427246094,16.579999923706055,13.861298561096191,70.78661346435547,38.90800094604492,93.09591674804688,72.1107406616211,4.205412416735848
2019-12-26,293.6369323730469,61.14146423339844,57.2133903503418,39.1044807434082,111.68280792236328,142.3800048828125,16.729999542236328,13.965713500976562,71.09656524658203,39.05815505981445,93.23086547851562,72.13627624511719,4.157419852859807
2019-12-27,293.5641784667969,61.11368179321289,57.312137603759766,39.26129150390625,111.80498504638672,142.3300018310547,16.579999923706055,13.99181842803955,71.32128143310547,39.208316802978516,93.36582946777344,72.18748474121094,4.186779551005966
2019-12-30,291.9456481933594,61.07194519042969,56.88419723510742,38.99994659423828,111.39789581298828,142.6300048828125,16.739999771118164,13.965713500976562,71.39102172851562,38.94137191772461,93.30677032470703,72.21307373046875,4.188448923414574
2019-12-31,292.6548767089844,61.12757873535156,57.14754867553711,39.087059020996094,110.30682373046875,142.89999389648438,16.68000030517578,13.878700256347656,71.9024658203125,39.174949645996094,92.9693832397461,72.20452117919922,4.131364687632015
2020-01-02,295.3917541503906,61.3847770690918,57.7236442565918,39.87977981567383,111.55255889892578,143.9499969482422,16.809999465942383,13.896102905273438,71.05780029296875,39.48361587524414,93.39952087402344,72.23872375488281,4.011833921560359
2020-01-03,293.1550598144531,61.32221984863281,57.00764465332031,39.13932800292969,113.27052307128906,145.86000061035156,16.84000015258789,14.061429023742676,71.4994888305664,39.05815505981445,94.02375030517578,72.29838562011719,4.21824945029017
2020-01-06,294.2734375,61.25965118408203,57.229854583740234,39.04350662231445,112.62733459472656,147.38999938964844,16.940000534057617,14.087533950805664,71.58472442626953,39.199974060058594,93.92254638671875,72.27278137207031,4.461949779406973
2020-01-07,293.4459228515625,61.204017639160156,57.073486328125,39.017372131347656,112.07365417480469,147.97000122070312,17.170000076293945,14.078832626342773,70.78661346435547,38.97473907470703,93.78759002685547,72.27278137207031,4.688500132311234
2020-01-08,295.0099182128906,61.25965118408203,57.23808288574219,39.24386215209961,111.3327407836914,146.86000061035156,16.93000030517578,13.869998931884766,71.0035629272461,39.04981994628906,93.56827545166016,72.23872375488281,4.640355858293573
2020-01-09,297.01025390625,61.41950225830078,57.369747161865234,39.50519561767578,111.72354888916016,146.02999877929688,16.719999313354492,13.809088706970215,70.96484375,39.16660690307617,93.6357650756836,72.24718475341797,4.525039044713797
2020-01-10,296.15545654296875,61.44038009643555,57.15578079223633,39.71426773071289,112.71685028076172,146.91000366210938,16.889999389648438,13.809088706970215,71.50724029541016,38.97473907470703,93.83816528320312,72.26423645019531,4.690143705583005
2020-01-13,298.1923522949219,61.44038009643555,57.45205307006836,40.332759857177734,112.37493896484375,145.82000732421875,16.780000686645508,13.704672813415527,72.36737823486328,39.149925231933594,93.72854614257812,72.25577545166016,4.677302185222278
2020-01-14,297.7377014160156,61.43339157104492,57.509666442871094,40.10626983642578,112.95294189453125,145.69000244140625,16.6200008392334,13.765583038330078,72.0961685180664,39.174949645996094,93.9140396118164,72.26423645019531,5.0698842853694845
2020-01-15,298.4105224609375,61.44730758666992,57.509666442871094,39.792659759521484,113.70203399658203,146.5399932861328,16.809999465942383,13.695971488952637,72.74708557128906,39.149925231933594,94.1502685546875,72.29838562011719,5.057965084150688
2020-01-16,300.8927917480469,61.46817398071289,57.748329162597656,40.045291900634766,113.34380340576172,146.30999755859375,16.770000457763672,13.678568840026855,73.3282470703125,39.36681365966797,93.95626068115234,72.29838562011719,5.0101682572041275
2020-01-17,301.829345703125,61.41950225830078,57.92115020751953,40.27177810668945,112.37493896484375,146.5800018310547,16.81999969482422,13.722076416015625,73.39798736572266,39.55868911743164,93.88033294677734,72.3239974975586,5.128046756816599
2020-01-21,301.23834228515625,61.28744888305664,57.460289001464844,39.252567291259766,113.55548095703125,146.74000549316406,16.639999389648438,13.643763542175293,74.09542083740234,39.2416877746582,94.25149536132812,72.34103393554688,5.022865358483647
2020-01-22,301.274658203125,61.39867401123047,57.57549285888672,39.57489013671875,113.95445251464844,146.7899932861328,16.65999984741211,13.461034774780273,73.59947204589844,39.26671600341797,94.26836395263672,72.35811614990234,4.985524473016572
2020-01-23,301.6202087402344,61.210975646972656,57.435604095458984,39.16545486450195,114.7523193359375,147.1199951171875,16.610000610351562,13.347916603088379,74.21936798095703,39.10821533203125,94.5045166015625,72.38373565673828,4.827956244783238
2020-01-24,298.93792724609375,60.95380783081055,57.188697814941406,38.85184860229492,115.68053436279297,147.97999572753906,16.90999984741211,13.147783279418945,73.96366119384766,39.01644515991211,94.84193420410156,72.40931701660156,4.850307831747886
2020-01-27,294.1460266113281,60.543697357177734,56.00361633300781,37.51034164428711,117.47986602783203,148.99000549316406,16.889999389648438,12.904146194458008,73.60721588134766,38.21559524536133,95.48296356201172,72.48609161376953,5.117009213056675
2020-01-28,297.2284851074219,61.065006256103516,56.53032302856445,37.82393264770508,116.55982208251953,147.66000366210938,16.31999969482422,12.965055465698242,73.90167236328125,38.54928207397461,95.16244506835938,72.45198059082031,5.374743150911326
2020-01-29,296.9830017089844,61.030277252197266,56.53854751586914,38.006874084472656,117.69973754882812,148.4600067138672,16.40999984741211,12.904146194458008,73.63046264648438,38.59933853149414,95.61791229248047,72.52025604248047,5.350645074552958
2020-01-30,297.9467468261719,61.092811584472656,56.48917007446289,37.44064712524414,117.71598815917969,148.47000122070312,16.68000030517578,12.79102897644043,73.68470764160156,38.54928207397461,95.7107162475586,72.52876281738281,5.46112146529635
2020-01-31,292.53668212890625,60.84258270263672,55.534523010253906,36.68277359008789,118.79071807861328,149.3300018310547,16.81999969482422,12.686612129211426,72.78581237792969,37.9403076171875,96.19149017333984,72.62261199951172,5.3701138884014465
2020-02-03,294.7098388671875,60.83280563354492,55.66619110107422,37.092201232910156,118.69453430175781,148.36000061035156,16.5,12.451674461364746,73.02603912353516,37.97367477416992,96.10958099365234,72.60124206542969,5.33737366205341
2020-02-04,299.20159912109375,61.195777893066406,56.596153259277344,38.05043029785156,117.0960464477539,146.42999267578125,16.450000762939453,12.469076156616211,73.77769470214844,38.57431411743164,95.55213165283203,72.52433776855469,5.272729998752144
2020-02-05,302.65673828125,61.44704818725586,57.139320373535156,38.26820755004883,115.81562805175781,146.61000061035156,16.459999084472656,12.660508155822754,73.82417297363281,39.01644515991211,95.13825988769531,72.47306823730469,5.521097167382481
2020-02-06,303.67523193359375,61.49591064453125,57.295692443847656,38.30305099487305,116.33753204345703,147.39999389648438,16.6299991607666,12.712714195251465,74.07213592529297,39.08318328857422,95.2058334350586,72.49015045166016,5.587934318165712
2020-02-07,302.0567321777344,61.40518569946289,56.75251770019531,37.771663665771484,117.7892837524414,147.7899932861328,16.540000915527344,12.643105506896973,74.05665588378906,38.741153717041016,95.66192626953125,72.53286743164062,5.625920182053717
2020-02-10,304.3116149902344,61.488956451416016,56.86774826049805,37.980743408203125,118.115478515625,148.1699981689453,16.610000610351562,12.529986381530762,74.88578796386719,38.84126663208008,95.84777069091797,72.56707763671875,5.660762477203186
2020-02-11,304.83892822265625,61.530845642089844,57.25453567504883,38.477272033691406,117.52013397216797,147.66000366210938,16.479999542236328,12.573493957519531,75.45145416259766,39.07484436035156,95.61970520019531,72.53286743164062,5.862704659945742
2020-02-12,306.80303955078125,61.691375732421875,57.45205307006836,38.99994659423828,116.92475891113281,147.5399932861328,16.329999923706055,12.747520446777344,75.90092468261719,39.300079345703125,95.3747329711914,72.49871826171875,5.930369065660167
2020-02-13,306.4756774902344,61.71231460571289,57.048797607421875,38.48599624633789,117.37328338623047,148.3800048828125,16.459999084472656,12.75622272491455,76.35809326171875,38.991424560546875,95.45921325683594,72.51580047607422,5.866232972333633
2020-02-14,306.96673583984375,61.70533752441406,56.950035095214844,38.5034065246582,117.88711547851562,149.0,16.559999465942383,12.747520446777344,77.14846801757812,39.0247917175293,95.69570922851562,72.5499496459961,5.9223640421802175
2020-02-18,306.17559814453125,61.57970428466797,56.587928771972656,38.25078582763672,118.69453430175781,150.91000366210938,17.010000228881836,12.843235969543457,77.063232421875,38.849605560302734,95.84777069091797,72.57561492919922,5.824662150126856
2020-02-19,307.6395263671875,61.60760498046875,56.77721405029297,38.529544830322266,118.6863021850586,151.7899932861328,17.229999542236328,12.965055465698242,76.02488708496094,39.07484436035156,95.83084106445312,72.58413696289062,5.532562079452623
2020-02-20,306.3756408691406,61.71231460571289,56.43980026245117,37.928470611572266,119.61609649658203,152.41000366210938,17.139999389648438,12.912847518920898,76.93151092529297,38.84126663208008,96.10958099365234,72.60124206542969,5.518255336374781
2020-02-21,303.22052001953125,61.656494140625,56.17644500732422,37.710697174072266,120.73339080810547,154.6999969482422,17.280000686645508,12.860638618469238,77.15624237060547,38.732810974121094,96.49812316894531,72.66104125976562,5.563031981758984
2020-02-24,293.1641845703125,60.99334716796875,53.929710388183594,36.299476623535156,122.5356674194336,156.08999633789062,17.399999618530273,12.616999626159668,76.10236358642578,37.056034088134766,97.24981689453125,72.78071594238281,5.542203665569333
2020-02-25,284.2806396484375,60.567535400390625,53.040889739990234,36.01201248168945,123.18817901611328,153.3000030517578,16.709999084472656,12.382063865661621,74.04116821289062,36.20512771606445,97.52013397216797,72.85758972167969,5.3650460405653355
2020-02-26,283.2350158691406,60.6303825378418,53.106727600097656,36.299476623535156,122.5356674194336,153.97000122070312,16.68000030517578,12.260244369506836,73.24300384521484,36.238494873046875,97.46943664550781,72.90888977050781,5.065725015830683
2020-02-27,270.51446533203125,59.813697814941406,51.53485107421875,35.42836380004883,123.86509704589844,154.0,16.469999313354492,12.051410675048828,69.34528350830078,35.1373291015625,97.94239807128906,72.99429321289062,5.0450335472364305
2020-02-28,269.3777770996094,60.05802536010742,51.22211456298828,35.297691345214844,126.66242218017578,148.3800048828125,15.529999732971191,11.842576026916504,67.67152404785156,34.85368728637695,99.0404052734375,73.25922393798828,4.980688256561194
2020-03-02,281.0436096191406,60.51369094848633,51.88050079345703,36.06428909301758,125.73043823242188,149.1999969482422,15.5600004196167,12.112320899963379,70.56187438964844,35.4793586730957,98.97274780273438,73.22928619384766,5.093950954083007
2020-03-03,272.9966125488281,60.25431442260742,51.46077346801758,35.82036209106445,127.6824951171875,153.88999938964844,16.020000457763672,12.13842487335205,70.39915466308594,35.162353515625,100.12285614013672,73.52027893066406,5.046924175285958
2020-03-04,284.4715576171875,61.08164596557617,52.999752044677734,36.45628356933594,126.32666778564453,154.16000366210938,16.09000015258789,12.147125244140625,73.05704498291016,36.43037033081055,99.90296173095703,73.52880096435547,5.028236065752195
2020-03-05,275.0152282714844,60.310428619384766,51.59244918823242,35.689697265625,129.47122192382812,157.49000549316406,16.299999237060547,12.016606330871582,71.49174499511719,35.279136657714844,100.7908935546875,73.68285369873047,5.214035279895061
2020-03-06,270.4689025878906,59.630340576171875,50.81885528564453,34.95796203613281,136.2093505859375,157.5500030517578,16.18000030517578,11.625043869018555,70.25967407226562,34.7452507019043,101.81410217285156,73.7684326171875,5.23918046469854
2020-03-09,249.34677124023438,57.064208984375,46.87678909301758,32.571102142333984,139.9010772705078,157.80999755859375,15.880000114440918,10.720099449157715,64.8431625366211,31.717025756835938,102.72737884521484,74.17063903808594,4.55063795781513
2020-03-10,262.249267578125,57.94060134887695,48.60505676269531,34.226219177246094,132.73007202148438,154.47999572753906,15.729999542236328,11.059453964233398,67.58271789550781,32.85990524291992,100.84163665771484,73.84545135498047,4.5426463947544
2020-03-11,249.46495056152344,56.67860412597656,46.12788772583008,32.63207244873047,127.8458251953125,153.92999267578125,15.630000114440918,10.859321594238281,63.521820068359375,31.02461814880371,99.83529663085938,73.75987243652344,4.543623116424009
2020-03-12,225.59686279296875,54.41398620605469,41.058349609375,29.365386962890625,128.63812255859375,147.7899932861328,14.619999885559082,10.4242525100708,57.08684539794922,27.50421905517578,99.88603973388672,73.74275207519531,2.854779370138394
2020-03-13,244.8822479248047,56.12470626831055,43.54373550415039,31.482192993164062,125.73043823242188,143.27999877929688,13.6899995803833,10.537370681762695,62.06926345825195,29.172657012939453,99.23497009277344,73.83685302734375,3.1952993729988868
2020-03-16,218.08636474609375,53.03978729248047,39.0502815246582,27.55345916748047,133.87350463867188,141.63999938964844,12.0,9.90217113494873,51.06578063964844,25.869152069091797,101.85637664794922,73.95669555664062,2.879872115391997
2020-03-17,229.8612823486328,53.53758239746094,40.95136260986328,29.452499389648438,124.94638061523438,143.55999755859375,11.880000114440918,9.74554443359375,54.01775360107422,27.03705596923828,99.30255126953125,73.78556060791016,3.0011375929905557
2020-03-18,218.22279357910156,51.1748046875,38.605873107910156,26.908830642700195,117.89786529541016,140.6999969482422,11.210000038146973,9.423593521118164,48.879146575927734,25.176748275756836,97.92422485351562,73.6913833618164,3.008493992519369
2020-03-19,218.6864471435547,50.024967193603516,39.20664596557617,27.117900848388672,121.1076889038086,138.0399932861328,11.319999694824219,9.623725891113281,49.05095291137695,25.727331161499023,98.2455062866211,73.81975555419922,3.5556715312302214
2020-03-20,209.26234436035156,48.903175354003906,38.72108840942383,27.318256378173828,130.2144012451172,140.11000061035156,11.619999885559082,9.519309043884277,46.60660934448242,25.4019832611084,100.74858856201172,74.01661682128906,3.5600279398255066
2020-03-23,203.91188049316406,48.117919921875,38.2684440612793,26.664915084838867,135.58053588867188,146.3000030517578,12.3100004196167,9.632427215576172,44.44340515136719,25.193429946899414,101.94092559814453,74.10218048095703,3.6849616620867574
2020-03-24,222.38693237304688,50.10208511352539,41.51097869873047,28.66848373413086,133.05670166015625,153.39999389648438,13.289999961853027,9.841259956359863,48.44181823730469,27.445825576782227,101.24756622314453,73.99948120117188,3.867873335881657
2020-03-25,225.7161102294922,51.51136016845703,42.86066436767578,29.678987503051758,132.75457763671875,151.3000030517578,13.510000228881836,10.006586074829102,51.0501708984375,28.563678741455078,101.30671691894531,74.08506774902344,3.8370094358877274
2020-03-26,238.8956756591797,53.867095947265625,44.778202056884766,30.8027286529541,133.4079132080078,153.24000549316406,13.529999732971191,9.971780776977539,54.65031814575195,29.956825256347656,101.55194091796875,74.17063903808594,3.857327097423241
2020-03-27,231.77999877929688,54.0073127746582,43.50259017944336,29.051780700683594,136.96896362304688,152.25,13.4399995803833,9.936975479125977,54.704978942871094,28.92238998413086,102.3045883178711,74.15351867675781,3.715677777894674
2020-03-30,239.30723571777344,54.47007369995117,44.38317108154297,29.530895233154297,135.84178161621094,152.9199981689453,13.15999984741211,9.910871505737305,55.899810791015625,29.464632034301758,102.54132080078125,74.18773651123047,3.692730286954166
2020-03-31,235.7402801513672,54.03536605834961,43.99638366699219,29.731252670288086,134.73922729492188,148.0500030517578,13.050000190734863,9.789052963256836,54.54877853393555,29.472978591918945,102.72737884521484,74.17063903808594,3.69778579607266
2020-04-01,225.1308135986328,52.552120208740234,42.04591751098633,28.45941925048828,136.6269989013672,149.4499969482422,13.020000457763672,9.51060962677002,50.964263916015625,28.09651756286621,103.14562225341797,74.21864318847656,3.7943457958955737
2020-04-02,230.32577514648438,52.96080780029297,42.868892669677734,29.417652130126953,137.4940643310547,151.89999389648438,13.529999732971191,9.693337440490723,51.136070251464844,28.630414962768555,103.1625747680664,74.23574829101562,3.9016547817413962
2020-04-03,226.99661254882812,51.82632064819336,41.88954544067383,28.86013412475586,137.8211669921875,152.64999389648438,13.460000038146973,9.936975479125977,50.39417266845703,28.046457290649414,103.23876190185547,74.21864318847656,3.8670598217950833
2020-04-06,242.2430877685547,53.0876350402832,44.111595153808594,30.43685531616211,137.46128845214844,156.8800048828125,14.029999732971191,9.98918342590332,54.1270637512207,29.381210327148438,102.77308654785156,74.16719818115234,4.176265561468597
2020-04-07,242.49008178710938,53.0876350402832,44.35848617553711,30.593656539916992,136.0218048095703,156.0399932861328,13.989999771118164,10.058795928955078,54.62687683105469,29.514690399169922,102.31591033935547,74.15009307861328,4.121495396090176
2020-04-08,250.63002014160156,54.46874237060547,44.72059631347656,30.907262802124023,135.03201293945312,154.64999389648438,13.9399995803833,10.032690048217773,58.351985931396484,29.9484806060791,102.18893432617188,74.19292449951172,4.212055133620633
2020-04-09,254.44398498535156,58.03422927856445,45.73285675048828,30.79401397705078,135.27745056152344,158.69000244140625,14.34000015258789,10.058795928955078,61.62410354614258,30.66590690612793,102.40904235839844,74.21864318847656,4.19367184649711
2020-04-13,252.1208953857422,57.202728271484375,45.296688079833984,30.837575912475586,134.04237365722656,161.41000366210938,14.399999618530273,10.23282241821289,59.03137969970703,30.23212432861328,102.18893432617188,74.22721862792969,3.9311818938515968
2020-04-14,259.556640625,57.442317962646484,46.10319519042969,31.543182373046875,134.00965881347656,162.67999267578125,14.649999618530273,10.145808219909668,60.68699264526367,30.79938507080078,102.32437896728516,74.22721862792969,3.9296830200864346
2020-04-15,254.04164123535156,56.906776428222656,44.662994384765625,30.73303985595703,137.55946350097656,161.85000610351562,14.489999771118164,9.936975479125977,58.28167724609375,29.58976936340332,103.23876190185547,74.25288391113281,3.814638219145051
2020-04-16,255.2671356201172,56.85043716430664,44.68767547607422,30.898550033569336,139.12161254882812,161.7100067138672,14.510000228881836,9.910871505737305,57.61787033081055,29.673185348510742,103.34881591796875,74.27008056640625,4.087260502357982
2020-04-17,262.163330078125,57.139320373535156,45.87276077270508,31.586729049682617,137.25682067871094,158.57000732421875,14.149999618530273,9.954378128051758,59.437477111816406,30.66590690612793,103.077880859375,74.24432373046875,4.075418418124297
2020-04-20,257.5445251464844,56.279666900634766,45.189693450927734,31.186016082763672,138.36102294921875,159.6999969482422,14.260000228881836,9.789052963256836,57.227413177490234,30.24880027770996,103.34881591796875,74.24432373046875,3.9523859800777896
2020-04-21,249.724609375,55.25086975097656,44.30910873413086,30.32361602783203,140.1032257080078,158.61000061035156,13.880000114440918,9.327878952026367,56.18876647949219,29.623132705688477,103.63667297363281,74.26145935058594,3.9514468354118346
2020-04-22,255.2671356201172,55.737083435058594,45.05801773071289,31.151174545288086,138.67176818847656,161.72999572753906,14.09000015258789,9.458399772644043,57.04780197143555,30.07361602783203,103.31491088867188,74.23574829101562,4.087492133738717
2020-04-23,255.24876403808594,55.708885192871094,44.918113708496094,31.037927627563477,139.40789794921875,163.33999633789062,14.210000038146973,9.432295799255371,56.57144546508789,29.840036392211914,103.38269805908203,74.22721862792969,4.266974204886669
2020-04-24,258.80670166015625,55.187435150146484,45.436588287353516,30.99437141418457,139.73513793945312,162.63999938964844,14.210000038146973,9.310476303100586,56.813507080078125,30.207088470458984,103.40808868408203,74.22721862792969,4.336567096079675
2020-04-27,262.5382385253906,55.41295623779297,46.03736114501953,31.621578216552734,137.13409423828125,161.55999755859375,14.210000038146973,9.136448860168457,58.758056640625,30.640886306762695,102.85774230957031,74.22721862792969,4.477101163790834
2020-04-28,261.3310241699219,55.58205032348633,46.38300704956055,31.68255615234375,138.71270751953125,160.83999633789062,14.100000381469727,9.145150184631348,59.242244720458984,30.857778549194336,103.30646514892578,74.25288391113281,4.483681345811327
2020-04-29,268.1722717285156,56.56150817871094,47.54340744018555,32.60594177246094,137.99293518066406,161.72999572753906,14.279999732971191,9.310476303100586,60.132530212402344,31.683656692504883,103.25566101074219,74.24432373046875,5.054534920652938
2020-04-30,265.6754455566406,56.67427444458008,46.55583190917969,31.917757034301758,136.381591796875,158.8000030517578,13.979999542236328,9.484502792358398,59.437477111816406,31.099708557128906,103.01014709472656,74.37285614013672,4.972704545411676
2020-05-01,258.64208984375,55.6966552734375,45.5435676574707,30.76788330078125,137.5495147705078,159.77999877929688,13.920000076293945,9.36268424987793,57.43047332763672,30.457353591918945,103.15253448486328,74.26309967041016,5.091134922212144
2020-05-04,259.3554382324219,55.618770599365234,45.5271110534668,31.098905563354492,136.90245056152344,160.33999633789062,13.770000457763672,9.475802421569824,57.14931869506836,30.423980712890625,103.16951751708984,74.26309967041016,5.118637362931424
2020-05-05,261.75164794921875,56.100154876708984,45.60940933227539,31.273128509521484,136.02621459960938,161.02000427246094,13.930000305175781,9.719440460205078,57.43047332763672,30.35724639892578,103.09317779541016,74.2545166015625,5.170564295175143
2020-05-06,259.9774169921875,55.781612396240234,45.31314468383789,31.17730712890625,133.83126831054688,158.9499969482422,13.920000076293945,9.528010368347168,56.39961242675781,30.132009506225586,102.71183776855469,74.28026580810547,5.323153850849694
2020-05-07,263.1144714355469,55.923187255859375,45.99620819091797,31.429931640625,136.06712341308594,161.38999938964844,14.260000228881836,9.588920593261719,57.2039794921875,30.63254165649414,103.33898162841797,74.33173370361328,5.715268762279827
2020-05-08,267.4680480957031,56.4540901184082,46.77804183959961,32.091983795166016,134.29808044433594,160.4199981689453,14.4399995803833,9.789052963256836,58.56280517578125,31.141408920288086,102.9999771118164,74.31452941894531,5.652753527767631
2020-05-11,267.52294921875,56.199256896972656,46.73688888549805,31.882905960083008,133.24974060058594,159.4199981689453,14.4399995803833,9.65853214263916,57.711605072021484,30.991252899169922,102.71183776855469,74.2888412475586,4.940107896868646
2020-05-12,262.19073486328125,56.128448486328125,46.144344329833984,31.760957717895508,134.6175537109375,160.0399932861328,14.420000076293945,9.580219268798828,55.087642669677734,30.60751724243164,103.05082702636719,74.30596160888672,5.056510237173389
2020-05-13,257.5537109375,55.83116149902344,45.790462493896484,31.69997787475586,135.559326171875,161.5800018310547,14.550000190734863,9.484502792358398,53.75222396850586,30.190404891967773,103.26271057128906,74.30596160888672,5.323857718604709
2020-05-14,260.6358642578125,55.640037536621094,45.354286193847656,31.82193946838379,136.8861083984375,163.00999450683594,14.8100004196167,9.649829864501953,53.93964767456055,29.940141677856445,103.42376708984375,74.2888412475586,5.59018557328016
2020-05-15,261.8341064453125,55.71788787841797,45.39543914794922,31.386369705200195,136.5340118408203,163.92999267578125,15.510000228881836,9.74554443359375,53.72880172729492,29.99019432067871,103.35591125488281,74.33173370361328,5.357288352288543
2020-05-18,269.80938720703125,56.70185852050781,47.23067092895508,32.61465072631836,133.53648376464844,162.69000244140625,15.789999961853027,10.0239896774292,56.907230377197266,31.324947357177734,102.7203369140625,74.27165985107422,5.586081267119838
2020-05-19,267.0381774902344,56.77265548706055,46.58052062988281,32.35332107543945,134.03610229492188,164.25999450683594,16.170000076293945,9.997885704040527,56.14189910888672,30.874462127685547,103.00846099853516,74.31452941894531,5.587495732839479
2020-05-20,271.5746154785156,57.37436294555664,47.5516357421875,32.78016662597656,134.43736267089844,164.64999389648438,16.360000610351562,10.171913146972656,56.64171600341797,31.566862106323242,103.03390502929688,74.31452941894531,5.46915509216714
2020-05-21,269.6996765136719,57.360206604003906,47.000247955322266,32.405582427978516,134.7730712890625,162.25,15.960000038146973,10.128405570983887,56.688568115234375,31.29991912841797,103.1017074584961,74.29737854003906,5.215757652704346
2020-05-22,270.2118225097656,57.50178909301758,46.86856460571289,31.734821319580078,135.5839385986328,163.2100067138672,16.040000915527344,10.050093650817871,57.453887939453125,31.21649742126465,103.296630859375,74.29737854003906,5.2736570851258815
2020-05-26,273.5410461425781,57.933597564697266,48.21002197265625,32.43171310424805,133.7657928466797,160.88999938964844,15.970000267028809,10.154510498046875,59.601497650146484,32.009010314941406,103.0254135131836,74.29737854003906,5.074069914895923
2020-05-27,277.6110534667969,58.0539436340332,48.79433822631836,32.53624725341797,133.52001953125,161.17999267578125,16.149999618530273,10.0239896774292,60.788509368896484,32.45114517211914,103.11016082763672,74.28026580810547,5.27276140639699
2020-05-28,277.0987854003906,58.11054992675781,49.25519943237305,32.30976486206055,133.0287322998047,161.72000122070312,16.190000534057617,10.07619857788086,61.07748031616211,32.75145721435547,103.01691436767578,74.31452941894531,5.470745665038235
2020-05-29,278.33355712890625,58.34416961669922,49.08237838745117,32.867279052734375,133.97866821289062,162.91000366210938,16.65999984741211,10.250225067138672,60.468326568603516,32.76813888549805,103.34744262695312,74.31452941894531,5.4209948339016565
2020-06-01,279.45855712890625,58.78548812866211,50.17693328857422,33.62514877319336,133.07667541503906,163.66000366210938,17.100000381469727,10.311135292053223,61.8662223815918,33.502254486083984,103.30673217773438,74.30596923828125,5.839176408000997
2020-06-02,281.77252197265625,59.36823272705078,50.646026611328125,34.426578521728516,132.59283447265625,162.60000610351562,16.84000015258789,10.4242525100708,62.36602020263672,33.88599395751953,103.13709259033203,74.30596923828125,5.473073195861594
2020-06-03,285.5223388671875,59.64536666870117,51.855804443359375,35.2280158996582,130.82969665527344,159.60000610351562,16.479999542236328,10.4242525100708,64.3652114868164,34.887062072753906,102.5262222290039,74.24588012695312,5.545961365934755
2020-06-04,284.7724304199219,59.46061706542969,51.63361358642578,34.731468200683594,128.93545532226562,161.27999877929688,16.540000915527344,10.511266708374023,63.72486114501953,34.77861022949219,102.11903381347656,74.2630615234375,5.628615631002406
2020-06-05,292.0709533691406,60.02201843261719,52.522422790527344,35.64613723754883,128.01693725585938,158.00999450683594,16.200000762939453,10.720099449157715,66.13795471191406,35.44599151611328,101.6099853515625,74.23731994628906,5.551024166113659
2020-06-08,295.6013488769531,60.093109130859375,53.20549011230469,35.863922119140625,128.50901794433594,159.72000122070312,16.59000015258789,10.650487899780273,67.77793884277344,35.854759216308594,101.72026824951172,74.22013854980469,5.6118759171506545
2020-06-09,293.39715576171875,59.62405776977539,52.51418685913086,35.6200065612793,129.9687042236328,161.25999450683594,16.420000076293945,10.685294151306152,66.65340423583984,35.29582977294922,102.08509063720703,74.24588012695312,5.625780530204316
2020-06-10,291.76007080078125,59.53879165649414,52.39897537231445,35.881343841552734,131.89578247070312,163.57000732421875,16.959999084472656,10.754905700683594,64.95873260498047,35.17070007324219,102.84862518310547,74.28880310058594,5.6685061442099585
2020-06-11,274.9403991699219,58.010860443115234,49.592620849609375,34.00844192504883,134.3887481689453,162.38999938964844,16.440000534057617,10.406848907470703,60.788509368896484,33.06011962890625,103.21342468261719,74.25445556640625,5.353603562527226
2020-06-12,278.2328796386719,58.58650207519531,50.448516845703125,34.731468200683594,133.09307861328125,162.6199951171875,16.280000686645508,10.450358390808105,62.96733474731445,33.6607551574707,102.98435974121094,74.28022766113281,5.444954940963026
2020-06-15,280.8304138183594,59.15500259399414,50.65550231933594,34.416046142578125,133.1668701171875,162.3300018310547,16.229999542236328,10.546072959899902,63.857608795166016,33.985069274902344,102.89952850341797,74.2630615234375,5.42764428099605
2020-06-16,286.23577880859375,59.39668655395508,51.2815055847168,34.63508987426758,131.12498474121094,162.25,16.260000228881836,10.633086204528809,65.11492156982422,34.39046096801758,102.68743133544922,74.25445556640625,5.477794437902805
2020-06-17,285.0467224121094,59.1194953918457,51.473480224609375,34.96803665161133,131.66619873046875,162.55999755859375,16.329999923706055,10.580878257751465,64.16997528076172,34.500247955322266,102.84862518310547,74.28022766113281,5.444616747930137
2020-06-18,285.1565246582031,59.09815979003906,51.19804382324219,34.98556137084961,133.06021118164062,162.24000549316406,16.209999084472656,10.6417875289917,63.46714782714844,34.23843765258789,103.07766723632812,74.27164459228516,5.4053257842286495
2020-06-19,283.5268859863281,58.8991813659668,50.9476432800293,34.97679901123047,133.1668701171875,164.02999877929688,16.489999771118164,10.728800773620605,62.545623779296875,34.11174392700195,103.11161804199219,74.28880310058594,5.33421326779085
2020-06-22,285.34576416015625,58.85654830932617,51.556941986083984,35.4061164855957,133.1832733154297,165.08999633789062,16.5,10.8419189453125,62.48316955566406,34.60160446166992,103.01826477050781,74.27164459228516,5.541366876174526
2020-06-23,286.6593933105469,58.94181823730469,51.840728759765625,35.74782943725586,132.27297973632812,166.47999572753906,16.760000228881836,10.78971004486084,62.22544479370117,34.804290771484375,102.98435974121094,74.28880310058594,5.530420751095133
2020-06-24,279.34710693359375,58.337745666503906,50.51362228393555,35.27470016479492,133.69166564941406,165.89999389648438,16.280000686645508,10.519967079162598,60.452693939208984,33.875274658203125,103.17949676513672,74.29736328125,5.348910923876856
2020-06-25,282.3418884277344,58.359107971191406,51.23142623901367,35.42365264892578,134.0771484375,165.8000030517578,16.59000015258789,10.615682601928711,61.22481155395508,34.407344818115234,103.19641876220703,74.29736328125,5.320886331062023
2020-06-26,275.63580322265625,57.80479049682617,50.488582611083984,34.994319915771484,135.51222229003906,166.5399932861328,16.6299991607666,10.485161781311035,60.04970169067383,33.79081344604492,103.47639465332031,74.3231430053711,5.262366597654792
2020-06-29,279.6869812011719,57.47788619995117,50.897560119628906,35.152034759521484,135.08575439453125,166.6300048828125,16.649999618530273,10.65919017791748,61.20903396606445,34.19621658325195,103.57823181152344,74.34027099609375,5.27841085651354
2020-06-30,283.26959228515625,58.00374984741211,50.80574417114258,35.03813171386719,134.42970275878906,167.3699951171875,17.010000228881836,10.711398124694824,61.93461990356445,34.12019729614258,103.3915786743164,74.33172607421875,5.248052002665739
2020-07-01,285.2538146972656,58.1843147277832,50.99772262573242,35.43241500854492,134.1686248779297,166.6199951171875,16.81999969482422,10.79841136932373,63.36212158203125,34.39890670776367,103.23027038574219,74.30680084228516,5.299930701740589
2020-07-02,286.8247985839844,58.612483978271484,51.556941986083984,36.238494873046875,134.30813598632812,166.97999572753906,16.709999084472656,10.8419189453125,63.180747985839844,34.7198371887207,103.35761260986328,74.34114074707031,5.239676817657256
2020-07-06,291.2525634765625,59.0335807800293,52.39994430541992,37.798072814941406,133.7581329345703,167.97999572753906,17.049999237060547,10.928933143615723,63.14919662475586,35.3616943359375,103.20477294921875,74.3154067993164,5.384440261257317
2020-07-07,288.2486877441406,58.64106369018555,51.63206481933594,37.167232513427734,135.63824462890625,169.0399932861328,17.010000228881836,10.937634468078613,61.89521026611328,34.804290771484375,103.53591918945312,74.33256530761719,5.313686689332036
2020-07-08,290.4533386230469,58.798065185546875,52.06608200073242,38.13101577758789,135.0963897705078,170.08999633789062,17.489999771118164,11.07685661315918,61.80843734741211,35.192787170410156,103.37455749511719,74.33256530761719,5.414797432552715
2020-07-09,288.7998352050781,58.66960906982422,51.473480224609375,38.13101577758789,137.2474365234375,169.6300048828125,17.3799991607666,10.94633674621582,61.421993255615234,34.70294189453125,103.70574188232422,74.34973907470703,5.328440991348923
2020-07-10,291.74859619140625,58.86941146850586,52.024356842041016,37.88569259643555,136.55780029296875,169.19000244140625,17.43000030517578,11.015946388244629,61.61127853393555,35.0829963684082,103.5019760131836,74.32401275634766,5.3289233230376185
2020-07-13,289.22235107421875,58.54829025268555,51.69049072265625,37.63159942626953,137.00933837890625,169.39999389648438,17.729999542236328,10.902828216552734,60.877811431884766,34.914093017578125,103.61234283447266,74.32401275634766,5.308711381878057
2020-07-14,292.9704895019531,59.047821044921875,52.45003128051758,37.684173583984375,137.20632934570312,170.19000244140625,17.969999313354492,10.955038070678711,61.39043426513672,35.48838806152344,103.6038818359375,74.33256530761719,5.308481433049725
2020-07-15,295.66204833984375,59.38324737548828,53.042640686035156,37.798072814941406,136.56602478027344,170.33999633789062,18.170000076293945,11.085556983947754,61.98982620239258,35.9444465637207,103.56987762451172,74.34114074707031,5.279549383639183
2020-07-16,294.6883239746094,59.44036102294922,52.70043182373047,37.263607025146484,137.2145538330078,168.72999572753906,17.780000686645508,10.998544692993164,61.24848556518555,35.77553176879883,103.64633178710938,74.34114074707031,5.244740739537762
2020-07-17,295.5426330566406,59.60450744628906,53.00925064086914,37.4738883972168,136.92723083496094,170.1199951171875,18.010000228881836,11.015946388244629,62.0450439453125,36.01201248168945,103.6208724975586,74.35832214355469,5.2557474365036425
2020-07-20,297.9310302734375,59.961307525634766,53.268001556396484,37.955787658691406,137.2637939453125,170.94000244140625,18.530000686645508,11.007245063781738,61.303688049316406,36.24003601074219,103.68878936767578,74.34114074707031,5.263120941981881
2020-07-21,298.5649108886719,60.23964309692383,53.376502990722656,38.30625534057617,137.34591674804688,173.0,19.670000076293945,11.16386890411377,61.45354461669922,36.3498420715332,103.79918670654297,74.35832214355469,5.38410318992603
2020-07-22,300.2643737792969,60.3609733581543,53.518394470214844,38.139774322509766,137.75643920898438,175.6300048828125,21.440000534057617,11.233481407165527,62.392059326171875,36.459632873535156,103.83311462402344,74.34973907470703,5.470523007270314
2020-07-23,296.6817321777344,60.3181266784668,53.092716217041016,37.8331184387207,139.36563110351562,177.17999267578125,21.030000686645508,11.207377433776855,62.13179397583008,36.15559005737305,103.93504333496094,74.34973907470703,5.502517302053275
2020-07-24,294.7709655761719,60.37523651123047,52.80058670043945,37.798072814941406,139.35740661621094,178.6999969482422,21.209999084472656,11.224780082702637,61.67435836791992,35.90221405029297,103.88407897949219,74.35832214355469,5.477144411824668
2020-07-27,296.9205627441406,60.5179328918457,53.493350982666016,38.385108947753906,138.84019470214844,182.22999572753906,22.829999923706055,11.32919692993164,62.25799560546875,36.25693893432617,103.72276306152344,74.33256530761719,6.312181708730235
2020-07-28,295.03741455078125,60.3609733581543,53.15114212036133,38.06968307495117,139.80078125,183.75,22.770000457763672,11.26828670501709,63.496212005615234,36.121803283691406,103.9690170288086,74.34973907470703,6.267356830177163
2020-07-29,298.6659240722656,60.69637680053711,53.71036148071289,38.683006286621094,139.56260681152344,185.1300048828125,22.56999969482422,11.32919692993164,64.72652435302734,36.53562927246094,104.10489654541016,74.36692810058594,6.375123189851045
2020-07-30,297.60028076171875,60.8248405456543,52.917442321777344,38.19234848022461,140.48223876953125,183.75999450683594,21.760000228881836,11.198676109313965,64.30855560302734,35.995121002197266,104.24919128417969,74.39268493652344,6.38129479206315
2020-07-31,299.9520263671875,60.93903732299805,51.790653228759766,37.92950439453125,140.39187622070312,185.42999267578125,22.649999618530273,11.259584426879883,64.19023132324219,35.2265739440918,104.27467346191406,74.40125274658203,6.503194031066623
2020-08-03,302.0373840332031,60.95405197143555,52.80058670043945,38.19234848022461,139.68502807617188,185.63999938964844,22.739999771118164,11.372702598571777,63.33847427368164,35.90221405029297,104.22371673583984,74.40127563476562,6.458904204177522
2020-08-04,303.2040710449219,60.93259048461914,53.092716217041016,38.700531005859375,141.01644897460938,189.58999633789062,24.25,11.433613777160645,64.28488159179688,36.00356674194336,104.58063507080078,74.40987396240234,6.435669838052401
2020-08-05,305.0871887207031,61.0400390625,53.268001556396484,39.12109375,139.78369140625,191.35000610351562,25.049999237060547,11.529328346252441,63.961517333984375,36.18092727661133,104.23220825195312,74.39266967773438,6.746446801244381
2020-08-06,307.1265869140625,61.176177978515625,53.3264274597168,39.24375915527344,140.5644989013672,193.88999938964844,26.8799991607666,11.616342544555664,64.06403350830078,36.25693893432617,104.35115051269531,74.39266967773438,6.765256054551118
2020-08-07,307.3470153808594,61.025699615478516,53.10940933227539,38.437679290771484,139.62742614746094,190.80999755859375,26.190000534057617,11.459716796875,64.9789047241211,36.037349700927734,104.1302261352539,74.38407135009766,6.662855915339378
2020-08-10,308.2657165527344,61.05438995361328,53.28468704223633,38.5340576171875,139.00283813476562,190.14999389648438,27.0,11.520626068115234,65.08143615722656,36.1302490234375,104.01976776123047,74.36689758300781,6.821732608491001
2020-08-11,305.7210693359375,60.50264358520508,53.476661682128906,38.428924560546875,137.35084533691406,179.94000244140625,23.329999923706055,11.337898254394531,64.14293670654297,36.299163818359375,103.66278839111328,74.34970092773438,6.553192758257159
2020-08-12,309.9835510253906,60.51700210571289,54.66188430786133,38.94585418701172,136.10145568847656,179.10000610351562,23.420000076293945,11.459716796875,64.78963470458984,37.10994338989258,103.35686492919922,74.33252716064453,6.653357907027675
2020-08-13,309.423095703125,60.35219192504883,54.419830322265625,38.83195114135742,134.64666748046875,183.3300018310547,25.450000762939453,11.520626068115234,63.993072509765625,36.89035415649414,103.1444091796875,74.32395935058594,6.767762496779934
2020-08-14,309.43231201171875,60.24470138549805,54.085968017578125,38.76185989379883,134.1206817626953,182.5399932861328,24.579999923706055,11.520626068115234,64.0009536743164,36.49341583251953,103.19538116455078,74.33252716064453,6.758994716210885
2020-08-17,310.4154052734375,60.60298156738281,54.49495315551758,39.25251770019531,134.4575653076172,186.5,25.6200008392334,11.712056159973145,64.52147674560547,36.78056716918945,103.36537170410156,74.34111785888672,7.037840760760395
2020-08-18,311.0858459472656,60.696163177490234,54.4615592956543,39.208717346191406,135.4192657470703,188.17999267578125,25.8799991607666,11.73816204071045,64.21389770507812,36.763671875,103.54383850097656,74.34970092773438,6.886699882704334
2020-08-19,309.7905578613281,60.52416229248047,54.21950912475586,38.7268180847168,134.5726776123047,182.24000549316406,24.8799991607666,11.70335578918457,63.08608627319336,36.645423889160156,103.40785217285156,74.34970092773438,6.752913971828511
2020-08-20,310.75518798828125,60.72480010986328,54.04423141479492,38.604148864746094,135.78915405273438,183.5,25.610000610351562,11.685953140258789,63.68548583984375,36.54408645629883,103.7052993774414,74.34970092773438,6.821882355654817
2020-08-21,311.8575439453125,60.717613220214844,53.7687873840332,38.79690933227539,136.6028289794922,182.02999877929688,24.899999618530273,11.572834968566895,63.78801345825195,36.20625686645508,103.78178405761719,74.34111785888672,6.657696648822735
2020-08-24,315.0176696777344,60.99705123901367,54.47825241088867,39.226226806640625,136.38088989257812,181.0,24.600000381469727,11.633745193481445,64.19812774658203,36.78056716918945,103.63731384277344,74.33252716064453,6.762282423605228
2020-08-25,316.1199035644531,61.0615348815918,54.511634826660156,39.62051010131836,135.3370819091797,181.22000122070312,24.760000228881836,11.729459762573242,64.3637466430664,36.865013122558594,103.390869140625,74.34111785888672,6.527698724255577
2020-08-26,319.2892761230469,61.05438995361328,54.828819274902344,39.725650787353516,134.81924438476562,183.36000061035156,25.56999969482422,11.75556468963623,63.7722282409668,37.16061019897461,103.34837341308594,74.34111785888672,6.597895932186455
2020-08-27,319.98748779296875,60.96123504638672,54.269588470458984,39.3927001953125,132.526123046875,181.24000549316406,25.15999984741211,11.712056159973145,64.71074676513672,36.67921447753906,102.98297882080078,74.33252716064453,6.503154210659765
2020-08-28,322.0543212890625,61.011409759521484,54.653533935546875,39.90965270996094,132.42747497558594,184.38999938964844,25.610000610351562,11.790369987487793,65.13665008544922,36.94947052001953,103.15290069580078,74.35830688476562,6.628987257180113
2020-08-31,320.8876647949219,60.925411224365234,54.236202239990234,39.02471160888672,133.30686950683594,184.8300018310547,26.229999542236328,11.781667709350586,64.4741439819336,36.60319900512695,103.26338958740234,74.38407135009766,6.708426164606726
2020-09-01,323.90997314453125,61.25706100463867,54.29463577270508,39.690608978271484,134.83169555664062,185.0500030517578,26.139999389648438,11.799071311950684,64.52147674560547,36.560970306396484,103.60186767578125,74.36605072021484,6.874780120634736
2020-09-02,328.5950622558594,61.32898712158203,55.020782470703125,39.58546447753906,136.1153564453125,182.6199951171875,25.549999237060547,11.642447471618652,65.72026824951172,37.14372634887695,103.74644470214844,74.37462615966797,6.555207895184466
2020-09-03,317.28668212890625,60.947715759277344,53.77714920043945,38.83195114135742,136.5020294189453,181.13999938964844,24.739999771118164,11.538029670715332,64.93158721923828,36.25693893432617,103.88249969482422,74.36605072021484,5.8839889478364515
2020-09-04,314.696044921875,60.78226089477539,53.852256774902344,38.84947967529297,133.9101104736328,181.63999938964844,25.059999465942383,11.433613777160645,64.59245300292969,36.341392517089844,103.3042221069336,74.34019470214844,6.037052422437687
2020-09-08,306.0977783203125,60.444156646728516,53.1928825378418,38.174835205078125,134.73294067382812,181.2899932861328,24.75,11.155168533325195,63.803794860839844,35.82620620727539,103.52532196044922,74.3488540649414,5.818643660183373
2020-09-09,312.142333984375,60.91891098022461,54.18612289428711,38.74433898925781,134.37091064453125,183.0500030517578,25.18000030517578,11.259584426879883,64.43470764160156,36.67921447753906,103.47428131103516,74.357421875,5.8822951784180075
2020-09-10,306.72235107421875,60.63117599487305,53.55178451538086,38.12226104736328,135.0538330078125,182.4600067138672,24.860000610351562,11.146467208862305,63.64605712890625,36.18092727661133,103.60186767578125,74.3488540649414,5.951666813970095
2020-09-11,306.8785400390625,60.75346755981445,54.085968017578125,38.4902458190918,135.34176635742188,182.4499969482422,24.899999618530273,11.224780082702637,63.2911491394043,36.552520751953125,103.76344299316406,74.36605072021484,5.973362205497796
2020-09-14,310.9205322265625,60.68871307373047,54.37809753417969,39.11233139038086,135.3336181640625,183.88999938964844,25.290000915527344,11.233481407165527,64.83696746826172,36.63698959350586,103.66988372802734,74.357421875,6.13412503989254
2020-09-15,312.4913635253906,60.854217529296875,54.7286491394043,39.524131774902344,135.0044708251953,183.4499969482422,25.229999542236328,11.294389724731445,65.61773681640625,36.89035415649414,103.61888885498047,74.36605072021484,6.2008102001087515
2020-09-16,311.25128173828125,60.854217529296875,54.7286491394043,39.47156524658203,134.60122680664062,183.97000122070312,25.229999542236328,11.50322437286377,65.96475219726562,36.848121643066406,103.55935668945312,74.37462615966797,6.303011237286205
2020-09-17,308.51373291015625,60.78943634033203,54.80378723144531,39.3138542175293,135.0127716064453,182.9600067138672,25.229999542236328,11.633745193481445,64.67921447753906,36.93257141113281,103.59337615966797,74.357421875,6.288127939585132
2020-09-18,304.9619445800781,60.63836669921875,54.36140060424805,39.0071907043457,134.59304809570312,183.1999969482422,24.93000030517578,11.685953140258789,63.22016906738281,36.594764709472656,103.49980926513672,74.36605072021484,6.285598502473482
2020-09-21,301.56781005859375,60.149147033691406,52.984214782714844,38.6479606628418,135.27606201171875,179.52000427246094,23.030000686645508,11.398807525634766,61.3194465637207,35.463050842285156,103.6869125366211,74.357421875,6.008593170252227
2020-09-22,304.6390686035156,60.357810974121094,52.96751403808594,38.35882568359375,135.16903686523438,178.64999389648438,22.790000915527344,11.346599578857422,62.052947998046875,35.370147705078125,103.6869125366211,74.37462615966797,6.052355797388566
2020-09-23,297.57427978515625,59.74630355834961,52.525146484375,37.763031005859375,135.35012817382812,174.7899932861328,21.170000076293945,11.216078758239746,60.18376541137695,34.92253112792969,103.6869125366211,74.37462615966797,5.884499882915988
2020-09-24,298.36737060546875,59.78227615356445,52.475067138671875,37.587791442871094,135.86839294433594,175.44000244140625,21.559999465942383,11.26828670501709,60.507137298583984,34.863407135009766,103.7379379272461,74.36605072021484,6.179626865362189
2020-09-25,303.1911315917969,59.67438507080078,52.650352478027344,37.62283706665039,135.86839294433594,174.94000244140625,21.299999237060547,11.26828670501709,61.75492477416992,34.914093017578125,103.8229751586914,74.37462615966797,6.140947229033583
2020-09-28,308.22686767578125,60.06283187866211,53.443275451660156,38.04340744018555,135.48171997070312,176.6999969482422,22.020000457763672,11.364002227783203,63.01865768432617,35.555946350097656,103.80596923828125,74.38322448730469,6.150673503621216
2020-09-29,306.54827880859375,60.11323165893555,53.38485336303711,38.01711654663086,135.6380157470703,178.19000244140625,22.5,11.233481407165527,62.56563186645508,35.54750442504883,103.88249969482422,74.37462615966797,6.228198788115467
2020-09-30,308.8725891113281,60.357810974121094,53.12611389160156,38.630435943603516,134.3380126953125,177.1199951171875,21.639999389648438,11.364002227783203,62.75634765625,35.35325241088867,103.60186767578125,74.38322448730469,6.193654304741227
2020-10-01,310.8554992675781,60.56513977050781,53.434932708740234,38.98966979980469,134.55958557128906,178.6999969482422,22.09000015258789,11.224780082702637,64.01213073730469,35.606624603271484,103.66058349609375,74.36603546142578,6.098870519404476
2020-10-02,307.90411376953125,60.56513977050781,53.3264274597168,38.542823791503906,134.05711364746094,178.5399932861328,22.1299991607666,11.085556983947754,65.11687469482422,35.61507034301758,103.55848693847656,74.37461853027344,6.07390088090165
2020-10-05,313.3641052246094,61.02027130126953,54.136043548583984,39.05976867675781,131.4376678466797,179.41000366210938,22.6200008392334,11.372702598571777,65.49043273925781,36.24003601074219,102.90323638916016,74.34883880615234,6.198736173847359
2020-10-06,308.9093322753906,60.88302230834961,53.56013107299805,39.129859924316406,132.14613342285156,177.3000030517578,21.729999542236328,11.416210174560547,65.06126403808594,35.71641159057617,103.1414794921875,74.34883880615234,6.090229491116409
2020-10-07,314.2864685058594,61.09979248046875,54.019195556640625,39.55918884277344,131.18243408203125,177.22000122070312,22.09000015258789,11.459716796875,65.15662384033203,36.02890396118164,102.84359741210938,74.34017944335938,6.127308459259505
2020-10-08,317.0717468261719,61.237064361572266,54.39479064941406,39.88336181640625,131.89073181152344,177.85000610351562,22.18000030517578,11.572834968566895,66.24546813964844,36.37517547607422,103.03083801269531,74.34017944335938,6.269000683874335
2020-10-09,319.9033203125,61.374305725097656,54.820465087890625,40.15497589111328,131.86602783203125,181.0800018310547,23.40999984741211,11.607641220092773,65.98320770263672,36.71300506591797,102.97978210449219,74.34017944335938,6.354442377422008
2020-10-12,325.0497741699219,61.68497848510742,55.13763427734375,40.50545120239258,132.2861785888672,180.55999755859375,23.329999923706055,11.485820770263672,66.29316711425781,36.957916259765625,103.09037780761719,74.35741424560547,6.636374783928372
2020-10-13,322.928466796875,61.41042709350586,54.51999282836914,40.3389778137207,133.2333984375,177.72000122070312,22.489999771118164,11.51192569732666,65.15662384033203,36.42584991455078,103.32019805908203,74.34883880615234,6.562022232414298
2020-10-14,320.89947509765625,61.258724212646484,54.42817687988281,40.06736373901367,133.5380859375,178.27000427246094,22.540000915527344,11.590237617492676,64.36184692382812,36.28226852416992,103.35420227050781,74.34883880615234,6.564094015272487
2020-10-15,320.5028076171875,61.215370178222656,53.785491943359375,39.778221130371094,133.3074951171875,178.9199981689453,22.59000015258789,11.625043869018555,64.6956558227539,35.741756439208984,103.24359893798828,74.36603546142578,6.6019082588154445
2020-10-16,320.30914306640625,61.14314651489258,54.035884857177734,39.91841125488281,132.93687438964844,178.3000030517578,22.420000076293945,11.546731948852539,64.23468017578125,36.06269073486328,103.18401336669922,74.35741424560547,6.502422300364709
2020-10-19,315.4393310546875,60.92635726928711,53.835567474365234,39.80451202392578,132.4343719482422,178.38999938964844,22.579999923706055,11.555431365966797,63.233245849609375,35.86844253540039,103.01380157470703,74.35741424560547,6.74358365790625
2020-10-20,316.702880859375,61.14314651489258,54.1026611328125,40.242591857910156,131.17416381835938,179.25,23.020000457763672,11.685953140258789,63.686275482177734,36.16403579711914,102.7925796508789,74.34883880615234,6.843684869685473
2020-10-21,316.1033630371094,61.135921478271484,53.84391403198242,40.35649871826172,130.7211151123047,180.60000610351562,23.290000915527344,11.590237617492676,63.49553298950195,35.75864791870117,102.65641021728516,74.34883880615234,7.364788735092107
2020-10-22,317.8373107910156,61.24427795410156,53.885643005371094,40.34773254394531,129.3619842529297,178.8300018310547,22.959999084472656,11.625043869018555,63.487571716308594,35.767093658447266,102.2989730834961,74.32301330566406,7.446457024451935
2020-10-23,318.91650390625,61.3165397644043,54.236202239990234,40.58430480957031,130.15269470214844,178.63999938964844,22.940000534057617,11.538029670715332,63.86906433105469,36.1302490234375,102.44364929199219,74.33161926269531,7.426727975831871
2020-10-26,313.0229187011719,60.774658203125,53.2596549987793,40.05860137939453,131.36361694335938,178.5500030517578,22.610000610351562,11.372702598571777,62.95507049560547,35.311031341552734,102.71598052978516,74.34017944335938,7.509261657977348
2020-10-27,311.9437255859375,60.8035888671875,52.84231948852539,40.233829498291016,132.2449188232422,179.02000427246094,22.729999542236328,11.45101547241211,61.94569778442383,34.82118225097656,102.94575500488281,74.34017944335938,7.841771028849883
2020-10-28,301.28192138671875,60.297821044921875,51.26481246948242,39.226226806640625,132.36854553222656,176.1300048828125,21.780000686645508,11.146467208862305,60.467384338378906,33.48678207397461,102.93721771240234,74.34017944335938,7.621847969433384
2020-10-29,304.3439636230469,60.47119903564453,51.506858825683594,39.62051010131836,131.08352661132812,175.39999389648438,21.709999084472656,11.007245063781738,61.27806854248047,33.57967758178711,102.503173828125,74.35741424560547,7.717526872648227
2020-10-30,301.1711730957031,60.60126876831055,51.23976516723633,39.173667907714844,129.79029846191406,176.1999969482422,21.989999771118164,11.007245063781738,60.87273025512695,33.45299530029297,102.17133331298828,74.34883880615234,7.779919841685846
2020-11-02,304.54693603515625,60.745670318603516,51.90749740600586,39.67308044433594,130.7625274658203,177.91000366210938,22.40999984741211,11.207377433776855,62.327186584472656,33.968177795410156,102.34674835205078,74.34793090820312,7.782198017638733
2020-11-03,309.9238586425781,61.26809310913086,53.268001556396484,39.84831237792969,130.00387573242188,178.9199981689453,22.440000534057617,11.276987075805664,63.52732467651367,34.990089416503906,102.11683654785156,74.33073425292969,8.011814261445616
2020-11-04,316.8504943847656,61.84130096435547,53.852256774902344,41.10124206542969,132.823974609375,178.82000732421875,22.239999771118164,11.398807525634766,63.63858413696289,35.479942321777344,102.97687530517578,74.34793090820312,8.117146528643987
2020-11-05,323.0299377441406,62.0589599609375,55.14598846435547,41.80217361450195,133.05484008789062,182.92999267578125,23.610000610351562,11.45101547241211,63.940608978271484,36.33294677734375,102.9598617553711,74.33073425292969,8.94768187617146
2020-11-06,322.95611572265625,61.84130096435547,55.26283645629883,41.99494552612305,131.4469451904297,183.19000244140625,23.790000915527344,11.40750789642334,63.50346755981445,36.45118713378906,102.61071014404297,74.33934783935547,8.939660027167486
2020-11-09,327.0143737792969,62.31291580200195,56.87372589111328,42.2840690612793,128.68453979492188,175.0800018310547,22.5,11.546731948852539,65.75271606445312,37.53221130371094,101.8528823852539,74.31352996826172,8.805520780287154
2020-11-10,326.5347595214844,62.22584533691406,57.38286209106445,41.80217361450195,127.94242095947266,175.66000366210938,22.43000030517578,11.772966384887695,66.71442413330078,38.09807586669922,101.56331634521484,74.3049087524414,8.781736780377239
2020-11-11,328.9603576660156,62.20404815673828,57.86697769165039,42.07379913330078,128.4042205810547,174.89999389648438,22.520000457763672,11.764266014099121,66.96873474121094,38.46968078613281,101.72513580322266,74.28772735595703,9.017455641747727
2020-11-12,325.7691650390625,61.78325271606445,57.023956298828125,41.75837707519531,130.58932495117188,175.9600067138672,22.549999237060547,11.668549537658691,66.09449768066406,37.90382766723633,102.30416107177734,74.29631805419922,9.347686836667375
2020-11-13,330.27935791015625,61.993690490722656,57.900367736816406,42.34540557861328,130.41622924804688,177.16000366210938,22.899999618530273,11.616342544555664,67.8589096069336,38.495018005371094,102.16789245605469,74.29631805419922,9.371500561669734
2020-11-16,334.40203857421875,62.3419303894043,58.50130844116211,42.87110900878906,130.10287475585938,177.14999389648438,23.020000457763672,11.720759391784668,68.62188720703125,38.85817337036133,102.09126281738281,74.31352996826172,9.600250290989367
2020-11-17,332.6034851074219,62.36369705200195,58.44287872314453,42.82729721069336,130.9521026611328,176.5,22.739999771118164,11.75556468963623,68.68548583984375,38.807498931884766,102.35523223876953,74.3049087524414,10.13395479133778
2020-11-18,328.6005859375,62.24763488769531,58.13406753540039,42.6783447265625,131.3314666748047,175.49000549316406,22.549999237060547,11.772966384887695,67.3502426147461,38.59636306762695,102.3211898803711,74.3049087524414,10.225040326493996
2020-11-19,329.98419189453125,62.45804214477539,58.54305648803711,42.748443603515625,132.0076446533203,175.16000366210938,22.420000076293945,11.772966384887695,67.61253356933594,38.875064849853516,102.431884765625,74.32211303710938,10.232554605523237
2020-11-20,327.7245178222656,62.3419303894043,58.71833419799805,42.98501205444336,133.17852783203125,175.69000244140625,22.489999771118164,11.833876609802246,67.2469253540039,38.82439041137695,102.61071014404297,74.33073425292969,10.694429822110418
2020-11-23,329.6889953613281,62.4362678527832,58.643226623535156,43.09891891479492,132.56838989257812,172.22999572753906,21.93000030517578,11.868682861328125,67.37407684326172,38.79061508178711,102.4063491821289,74.33073425292969,10.546720790104507
2020-11-24,335.0014953613281,62.6248893737793,59.51959991455078,43.67719268798828,131.2490234375,169.58999633789062,21.6299991607666,12.121023178100586,67.73172760009766,39.39869689941406,102.24456024169922,74.33934783935547,10.973631446067643
2020-11-25,334.4850158691406,62.595882415771484,59.444488525390625,43.43185806274414,130.8449249267578,169.50999450683594,21.719999313354492,12.225438117980957,67.77147674560547,39.407135009765625,102.27864074707031,74.34793090820312,10.758067319075032
2020-11-27,335.4166259765625,62.697479248046875,59.85345458984375,43.843666076660156,132.1148223876953,167.7899932861328,21.049999237060547,12.199335098266602,67.46945190429688,39.55072021484375,102.58518981933594,74.34793090820312,9.82554742277922
2020-11-30,333.931640625,62.63218688964844,58.5513916015625,42.69587707519531,131.94989013671875,166.6699981689453,21.049999237060547,12.129722595214844,66.76210021972656,38.90040588378906,102.51708221435547,74.36518096923828,11.271337781346764
2020-12-01,337.5840148925781,62.79315185546875,59.928592681884766,43.53699493408203,130.0043487548828,170.17999267578125,22.299999237060547,12.094917297363281,67.6204605102539,39.85475158691406,101.97171783447266,74.32470703125,10.79877274849616
2020-12-02,338.2942199707031,62.967994689941406,59.936927795410156,43.59833526611328,128.9726104736328,171.4600067138672,22.329999923706055,12.147125244140625,67.08795928955078,39.905433654785156,101.8012924194336,74.3418960571289,11.02740245574442
2020-12-03,338.20196533203125,63.00442123413086,60.037086486816406,44.09775924682617,130.0125274658203,172.80999755859375,22.43000030517578,12.164527893066406,67.65225982666016,39.939212799072266,102.07395935058594,74.35910034179688,11.167710500582853
2020-12-04,341.116455078125,63.26665115356445,60.546234130859375,44.5533561706543,128.10594177246094,172.32000732421875,22.479999542236328,12.216736793518066,68.68548583984375,40.293922424316406,101.67345428466797,74.35054016113281,10.739485210342622
2020-12-07,340.4154052734375,63.23752975463867,60.053775787353516,44.5533561706543,129.261474609375,174.88999938964844,22.81999969482422,12.216736793518066,68.08939361572266,40.082786560058594,101.98875427246094,74.36771392822266,11.021968933186182
2020-12-08,341.41156005859375,63.1865234375,60.262451171875,44.570884704589844,129.87232971191406,175.5,22.81999969482422,12.234139442443848,67.85095977783203,40.243255615234375,102.09099578857422,74.35054016113281,10.522038868062497
2020-12-09,338.3495178222656,63.09184646606445,60.345916748046875,44.18536376953125,129.443115234375,172.5,22.229999542236328,12.242840766906738,67.42972564697266,40.22636795043945,101.9461441040039,74.3418960571289,10.655722143241771
2020-12-10,338.2388610839844,63.20835876464844,60.42938995361328,44.754878997802734,130.59043884277344,172.1699981689453,22.31999969482422,12.425569534301758,67.13565063476562,40.175689697265625,102.17620849609375,74.35910034179688,10.48978994701597
2020-12-11,337.8422546386719,63.14281463623047,60.24576187133789,44.43946075439453,131.05270385742188,172.49000549316406,22.260000228881836,12.390765190124512,67.07207489013672,39.93076705932617,102.38069915771484,74.40218353271484,10.371431359118004
2020-12-14,336.32965087890625,63.157413482666016,60.28282928466797,44.208404541015625,130.68946838378906,171.5399932861328,22.15999984741211,12.425569534301758,66.77799224853516,39.90354537963867,102.32107543945312,74.39358520507812,11.053563902198967
2020-12-15,340.8766784667969,63.35405349731445,60.8980598449707,44.686439514160156,130.25204467773438,173.94000244140625,22.799999237060547,12.521285057067871,68.14501190185547,40.456581115722656,102.21881866455078,74.39358520507812,11.151444705657786
2020-12-16,341.41156005859375,63.25939178466797,61.134029388427734,44.898895263671875,129.90528869628906,174.89999389648438,23.6200008392334,12.590896606445312,68.22450256347656,40.64375686645508,102.13362121582031,74.39358520507812,12.238915339499558
2020-12-17,343.3207702636719,63.3537483215332,61.5638313293457,45.19102096557617,129.56158447265625,176.74000549316406,24.149999618530273,12.73882007598877,68.8841781616211,40.967071533203125,102.05944061279297,74.39527893066406,13.097260473985154
2020-12-18,341.949951171875,63.40494155883789,61.24357986450195,45.137908935546875,129.17320251464844,176.44000244140625,23.959999084472656,12.782326698303223,67.50125122070312,40.81391525268555,101.97415924072266,74.38668060302734,13.28839057498971
2020-12-21,340.7272644042969,63.17818069458008,60.459815979003906,44.47398376464844,129.685546875,175.8800048828125,24.3799991607666,12.651805877685547,67.11974334716797,40.124759674072266,102.04237365722656,74.38668060302734,13.09606586177943
2020-12-22,340.15301513671875,63.25864791870117,60.30811309814453,44.11989212036133,130.35484313964844,174.49000549316406,23.43000030517578,12.512585639953613,67.58866882324219,40.08220672607422,102.21287536621094,74.38668060302734,13.658860571464214
2020-12-23,340.4587097167969,63.543949127197266,60.9570426940918,44.57135772705078,129.45420837402344,175.64999389648438,23.799999237060547,12.669209480285645,67.15155029296875,40.55867004394531,101.999755859375,74.40387725830078,13.347765605868174
2020-12-24,341.783203125,63.67560958862305,60.982337951660156,44.376609802246094,129.96646118164062,176.35000610351562,23.959999084472656,12.704014778137207,67.73945617675781,40.6352424621582,102.14466857910156,74.38668060302734,13.631821954357203
2020-12-28,344.7194519042969,63.75606918334961,61.479557037353516,44.50054168701172,130.0242919921875,175.7100067138672,24.43000030517578,12.625701904296875,68.14324951171875,40.958560943603516,102.15322875976562,74.39527893066406,15.555109467717667
2020-12-29,344.0616760253906,63.67560958862305,61.87565994262695,45.16446304321289,129.85906982421875,176.35000610351562,24.389999389648438,12.660508155822754,67.56180572509766,41.19678497314453,102.13616943359375,74.39527893066406,15.714554863581311
2020-12-30,344.5527038574219,63.80725860595703,61.95994186401367,45.76642608642578,130.13999938964844,177.6999969482422,24.760000228881836,12.73882007598877,67.93327331542969,41.205299377441406,102.20439910888672,74.40387725830078,16.563682976006408
2020-12-31,346.3032531738281,63.858455657958984,61.487979888916016,45.7398567199707,130.33004760742188,178.36000061035156,24.56999969482422,12.79102897644043,68.58740997314453,40.77138137817383,102.27257537841797,74.39527893066406,16.65601359994042
2021-01-04,341.5887145996094,63.726776123046875,61.8082275390625,46.03199005126953,130.17306518554688,182.3300018310547,25.350000381469727,12.721416473388672,66.35848999023438,41.205299377441406,102.29815673828125,74.40387725830078,18.361828971883924
2021-01-05,343.9413757324219,63.74873352050781,62.44873809814453,47.138526916503906,129.206298828125,182.8699951171875,25.670000076293945,13.078174591064453,66.45541381835938,41.57114791870117,102.05944061279297,74.40387725830078,19.522233765564522
2021-01-06,345.9975280761719,63.631675720214844,63.16508102416992,46.740169525146484,126.55390167236328,179.89999389648438,25.34000015258789,13.095576286315918,66.5684814453125,42.14120101928711,101.46257019042969,74.36080932617188,21.14864500283106
2021-01-07,351.1383056640625,63.81456756591797,63.23249435424805,47.18279266357422,125.43846893310547,179.47999572753906,25.260000228881836,13.156485557556152,66.43927001953125,42.20076370239258,101.10446166992188,74.37808990478516,22.611231721181237
2021-01-08,353.1389465332031,63.90965270996094,63.822452545166016,48.430965423583984,125.03358459472656,173.33999633789062,23.510000228881836,13.260902404785156,67.08531188964844,42.46451187133789,100.81458282470703,74.36945343017578,23.430524814406493
2021-01-11,350.7585144042969,63.56587600708008,62.98811340332031,47.77589416503906,124.82696533203125,173.0,23.209999084472656,13.16518783569336,66.19698333740234,41.81789016723633,100.61852264404297,74.36080932617188,20.426329743275325
2021-01-12,350.8325500488281,63.64632034301758,63.27465057373047,48.24506378173828,124.72777557373047,174.1199951171875,23.719999313354492,13.417527198791504,66.35044860839844,41.9880485534668,100.60144805908203,74.36080932617188,19.48233708299816
2021-01-13,351.77740478515625,63.836509704589844,63.19036865234375,48.35129165649414,126.13252258300781,173.3699951171875,23.440000534057617,13.382722854614258,67.15802764892578,41.82639694213867,100.95103454589844,74.35221862792969,21.431203879681927
2021-01-14,350.5454406738281,63.82188034057617,63.69603729248047,48.80276107788086,124.95093536376953,173.27999877929688,23.709999084472656,13.504541397094727,67.55372619628906,42.09865951538086,100.72081756591797,74.36080932617188,22.505722225129812
2021-01-15,347.9890441894531,63.719486236572266,62.70156478881836,48.112281799316406,125.4467544555664,171.1300048828125,22.950000762939453,13.313111305236816,68.3290023803711,41.46905517578125,100.99363708496094,74.36945343017578,21.149221557454293
2021-01-19,350.7215270996094,63.90238952636719,63.15665817260742,48.90898895263672,125.85161590576172,172.5800018310547,23.3799991607666,13.35661792755127,68.13517761230469,41.76683807373047,101.05332946777344,74.39527893066406,20.715293536271435
2021-01-20,355.5749206542969,64.01935577392578,63.58646774291992,49.767662048339844,125.97547149658203,175.38999938964844,24.010000228881836,13.36531925201416,69.43538665771484,42.013587951660156,101.09597778320312,74.38668060302734,20.41547167177166
2021-01-21,355.8990783691406,63.98283004760742,63.637027740478516,49.85618209838867,125.09138488769531,175.27999877929688,24.149999618530273,13.35661792755127,69.1042709350586,42.1582145690918,100.95103454589844,74.39527893066406,17.70354492655497
2021-01-22,354.6395263671875,63.858455657958984,63.33364486694336,49.42242431640625,125.49627685546875,173.89999389648438,23.65999984741211,13.13038158416748,69.26577758789062,41.8519172668457,101.10446166992188,74.39527893066406,18.95557928066857
2021-01-25,356.0380554199219,63.87311553955078,63.25779342651367,49.794219970703125,126.97534942626953,174.0500030517578,23.549999237060547,13.269603729248047,69.79071044921875,41.5966682434082,101.51374053955078,74.40387725830078,18.588382409467588
2021-01-26,355.4823303222656,63.77800369262695,63.35047912597656,49.4312744140625,126.73567962646484,173.6199951171875,23.649999618530273,13.295707702636719,70.2833251953125,41.78385925292969,101.47962188720703,74.39527893066406,18.70523006530817
2021-01-27,346.794189453125,63.59514236450195,61.900936126708984,48.05916976928711,127.05797576904297,172.52000427246094,23.420000076293945,13.260902404785156,69.03965759277344,40.737342834472656,101.59900665283203,74.39527893066406,17.477753124358802
2021-01-28,349.7767028808594,63.785316467285156,62.29705047607422,48.39554977416992,126.35552978515625,172.67999267578125,24.719999313354492,13.199993133544922,69.41114807128906,41.077674865722656,101.33467864990234,74.38668060302734,19.219955374557202
2021-01-29,342.7742919921875,63.61707305908203,61.00761032104492,47.1916389465332,125.59544372558594,172.61000061035156,24.989999771118164,13.217394828796387,68.61164093017578,40.18431091308594,101.1556167602539,74.41250610351562,19.70828592341855
2021-02-01,348.4799499511719,63.82118225097656,61.73238754272461,48.466373443603516,125.74097442626953,174.22999572753906,26.760000228881836,13.469736099243164,70.17833709716797,40.72883605957031,101.28191375732422,74.42110443115234,19.260776339243296
2021-02-02,353.4075012207031,63.975341796875,62.35603713989258,49.09488296508789,124.93035125732422,172.11000061035156,24.540000915527344,13.574153900146484,70.59825897216797,41.1117057800293,101.02595520019531,74.3952865600586,20.39395743505262
2021-02-03,353.6853942871094,64.0267562866211,62.50774002075195,49.34275817871094,123.82185363769531,171.85000610351562,24.93000030517578,13.669867515563965,70.42059326171875,41.18828201293945,100.77855682373047,74.4039077758789,21.520641635185367
2021-02-04,357.70526123046875,64.15888977050781,62.57515335083008,49.36045455932617,123.49089813232422,168.14999389648438,24.479999542236328,13.739479064941406,70.90515899658203,41.18828201293945,100.74440002441406,74.4039077758789,21.20705424863053
2021-02-05,359.1131896972656,64.2542953491211,62.962825775146484,49.785369873046875,122.45687103271484,169.80999755859375,24.950000762939453,13.809088706970215,71.15550231933594,41.46905517578125,100.53112030029297,74.42110443115234,21.906704405623966
2021-02-08,361.7066650390625,64.4452133178711,63.401058197021484,49.8738899230957,122.99451446533203,171.52000427246094,25.389999389648438,14.02662467956543,71.54313659667969,41.579654693603516,100.57377624511719,74.41251373291016,26.531148085422384
2021-02-09,361.4658508300781,64.32779693603516,63.746585845947266,50.405029296875,123.08553314208984,172.0800018310547,25.280000686645508,14.078832626342773,71.79350280761719,41.86042785644531,100.65052032470703,74.3952865600586,26.694620390035837
2021-02-10,361.3083801269531,64.31304168701172,63.52748107910156,50.58207321166992,123.90455627441406,172.7100067138672,25.06999969482422,14.052727699279785,72.18113708496094,41.70728302001953,100.9064712524414,74.4039077758789,25.7970168211952
2021-02-11,361.891845703125,64.3424301147461,63.957279205322266,51.12206268310547,123.22623443603516,171.2100067138672,25.09000015258789,14.02662467956543,72.33455657958984,41.9880485534668,100.8296890258789,74.4039077758789,27.514866929622464
2021-02-12,363.6795959472656,64.4452133178711,64.31124114990234,51.166324615478516,121.69572448730469,170.69000244140625,25.309999465942383,14.200651168823242,72.35072326660156,42.27732849121094,100.49697875976562,74.41251373291016,27.28256925813691
2021-02-16,363.3646545410156,64.3424301147461,64.7747573852539,51.29025650024414,119.84273529052734,168.24000549316406,25.260000228881836,14.392082214355469,71.79350280761719,42.66019821166992,99.77178955078125,74.38665008544922,28.256037993101405
2021-02-17,363.4480285644531,64.32041931152344,64.39552307128906,51.30796432495117,120.60381317138672,166.3300018310547,25.399999618530273,14.435589790344238,71.70463562011719,42.28584289550781,99.84001922607422,74.4039077758789,29.94976030007786
2021-02-18,361.9011535644531,64.23229217529297,64.07527160644531,50.59977722167969,120.11572265625,166.32000732421875,25.059999465942383,14.383381843566895,71.39778900146484,42.16672897338867,99.83148956298828,74.4039077758789,29.68028719411147
2021-02-19,361.2620544433594,64.2396469116211,64.26068115234375,50.927310943603516,118.5191879272461,167.00999450683594,25.260000228881836,14.374679565429688,71.80964660644531,42.251808166503906,99.43051147460938,74.41251373291016,32.097181740667295
2021-02-22,358.4833679199219,64.04141998291016,64.10054779052734,49.4312744140625,117.61743927001953,169.50999450683594,26.270000457763672,14.696629524230957,72.4072494506836,42.16672897338867,99.26841735839844,74.3952865600586,31.131872263152975
2021-02-23,358.91864013671875,64.19561004638672,64.15953063964844,49.65258026123047,117.27832794189453,169.1199951171875,25.709999084472656,14.766240119934082,72.85948944091797,42.175228118896484,99.3451919555664,74.4039077758789,28.04041553762551
2021-02-24,362.87371826171875,64.26168823242188,64.36180114746094,49.333892822265625,116.50892639160156,169.0,25.940000534057617,14.992476463317871,73.4167251586914,42.52406692504883,99.20866394042969,74.38665008544922,28.546329880793827
2021-02-25,354.1300048828125,63.65230178833008,63.26621627807617,48.20965576171875,114.60631561279297,165.82000732421875,25.399999618530273,14.870657920837402,72.01155090332031,41.82639694213867,97.88624572753906,74.27469635009766,27.046527346705158
2021-02-26,352.3052978515625,63.461402893066406,62.37289047241211,47.563438415527344,118.39513397216797,161.80999755859375,24.65999984741211,14.55740737915039,70.96168518066406,41.34994125366211,98.76502227783203,74.36944580078125,26.613445088529918
2021-03-01,360.84521484375,64.17393493652344,63.544334411621094,48.838172912597656,116.8313980102539,161.52999877929688,24.600000381469727,14.435589790344238,71.27664184570312,42.06462860107422,98.65403747558594,74.36254119873047,28.503779252238036
2021-03-02,358.0295104980469,64.0781478881836,63.4769172668457,48.360145568847656,116.83969116210938,162.41000366210938,24.799999237060547,14.496499061584473,70.59021759033203,42.20076370239258,98.83329010009766,74.37976837158203,27.78459578355402
2021-03-03,353.2871398925781,63.871822357177734,63.089237213134766,48.26277160644531,115.57245635986328,160.6199951171875,24.280000686645508,14.583511352539062,70.18643188476562,41.86042785644531,98.30400848388672,74.33670043945312,29.02467952880398
2021-03-04,348.91522216796875,63.62870788574219,62.490867614746094,47.138526916503906,114.82701873779297,159.0399932861328,23.559999465942383,14.809747695922852,69.38690948486328,41.48606491088867,97.8174057006836,74.33670043945312,27.889223622146574
2021-03-05,355.3341369628906,63.82024002075195,62.895408630371094,47.65196228027344,115.0506820678711,159.13999938964844,23.360000610351562,15.114296913146973,70.1460189819336,41.72430419921875,97.68077087402344,74.33670043945312,28.099500047789157
2021-03-08,353.56494140625,63.35607147216797,62.676273345947266,46.368385314941406,114.15616607666016,157.49000549316406,23.31999969482422,14.905463218688965,70.751708984375,41.741310119628906,97.2966537475586,74.31083679199219,30.00576461764346
2021-03-09,358.613037109375,63.444496154785156,63.51905059814453,47.386390686035156,115.73808288574219,160.83999633789062,24.049999237060547,14.905463218688965,71.2201156616211,42.294342041015625,97.75765228271484,74.31083679199219,31.486105628944053
2021-03-10,360.84521484375,63.64339065551758,63.78872299194336,47.1739387512207,115.97000122070312,161.66000366210938,24.31999969482422,15.001179695129395,71.93077850341797,42.62617111206055,97.96253967285156,74.33670043945312,32.166339131213476
2021-03-11,364.5038757324219,63.87919998168945,64.1258316040039,48.66112518310547,115.13351440429688,161.52000427246094,24.25,15.22741413116455,72.7706527709961,42.975006103515625,97.92839813232422,74.33670043945312,33.19812961925251
2021-03-12,364.994873046875,63.70234680175781,64.28595733642578,47.79359436035156,112.690185546875,161.49000549316406,24.030000686645508,15.157804489135742,73.99011993408203,43.00904083251953,97.21978759765625,74.32809448242188,32.92646246495336
2021-03-15,367.1715393066406,63.7097282409668,64.33650970458984,47.90867614746094,113.3527603149414,162.1999969482422,24.329999923706055,15.105595588684082,75.08840942382812,42.9239501953125,97.3393325805664,74.33670043945312,32.10813179170229
2021-03-16,366.7084655761719,63.562374114990234,64.44609832763672,48.112281799316406,112.89725494384766,162.35000610351562,24.100000381469727,15.044686317443848,74.7815170288086,42.96650314331055,97.32221984863281,74.33670043945312,32.62369276864453
2021-03-17,367.9588928222656,63.65081024169922,64.82530975341797,48.17424392700195,112.05239868164062,163.50999450683594,24.420000076293945,15.044686317443848,74.84613037109375,43.1792106628418,97.16006469726562,74.35394287109375,33.81021526241721
2021-03-18,362.6051940917969,63.16452407836914,64.23539733886719,47.28901672363281,110.91776275634766,162.55999755859375,24.100000381469727,14.331171035766602,74.08700561523438,42.66019821166992,96.5539321899414,74.3453140258789,33.22902801157069
2021-03-19,361.9342041015625,63.40766143798828,64.4123764038086,47.87327194213867,111.60517883300781,163.24000549316406,24.309999465942383,14.644421577453613,73.07754516601562,42.71125793457031,96.49415588378906,74.3453140258789,33.50913709212362
2021-03-22,364.8242492675781,63.63603210449219,64.47135925292969,47.731632232666016,112.85578918457031,163.0,23.940000534057617,14.618317604064941,73.59437561035156,42.864402770996094,96.8100357055664,74.33670043945312,31.316699522858038
2021-03-23,361.9527587890625,63.70234680175781,63.57804489135742,46.819847106933594,113.87454986572266,161.80999755859375,23.219999313354492,14.20935344696045,73.48938751220703,42.294342041015625,97.2881088256836,74.3453140258789,31.43719046550068
2021-03-24,360.1127624511719,63.73918914794922,63.25779342651367,45.74871826171875,114.48741912841797,162.3699951171875,23.239999771118164,14.583511352539062,73.07754516601562,42.20076370239258,97.4161376953125,74.36254119873047,30.308852877207148
2021-03-25,362.1385803222656,63.849727630615234,63.729740142822266,45.96117401123047,113.58465576171875,161.77999877929688,23.290000915527344,14.252860069274902,73.82160186767578,42.379432678222656,97.2881088256836,74.37117767333984,29.69427929989006
2021-03-26,367.9745178222656,64.041259765625,64.55563354492188,47.15623092651367,113.18714141845703,162.24000549316406,23.229999542236328,14.59221363067627,75.4136962890625,42.95799255371094,96.96368408203125,74.37117767333984,31.665977210973168
2021-03-29,367.7886657714844,64.0781478881836,64.30280303955078,46.828697204589844,112.22640991210938,160.30999755859375,22.90999984741211,14.609617233276367,74.97506713867188,42.79633331298828,96.6307373046875,74.35394287109375,33.166587370215005
2021-03-30,366.8128967285156,63.92342758178711,64.2185287475586,46.97918701171875,112.8144302368164,157.57000732421875,22.260000228881836,14.374679565429688,75.07254028320312,42.83887481689453,96.5453872680664,74.35394287109375,33.83709123279199
2021-03-31,368.2997741699219,64.23287200927734,63.9404296875,47.218196868896484,112.1849594116211,159.9600067138672,22.700000762939453,14.452991485595703,74.61764526367188,42.74528884887695,96.40879821777344,74.32809448242188,33.837746306527336
2021-04-01,372.27703857421875,64.36885833740234,64.7747573852539,47.67852020263672,114.04694366455078,161.97999572753906,23.149999618530273,14.696629524230957,75.97419738769531,43.383399963378906,96.83592224121094,74.32721710205078,33.93938593205318
2021-04-05,377.6203308105469,64.3984603881836,65.71865844726562,47.86441421508789,113.54927062988281,161.9199981689453,23.09000015258789,14.479095458984375,76.26660919189453,44.10660171508789,96.56259155273438,74.30998992919922,33.91760248694975
2021-04-06,377.3973693847656,64.50935363769531,65.01917266845703,48.12998580932617,114.32059478759766,163.22000122070312,23.34000015258789,14.531305313110352,76.46157836914062,43.69820785522461,97.03237915039062,74.32721710205078,33.42052490899898
2021-04-07,377.83404541015625,64.48714447021484,65.15399932861328,47.42180633544922,113.52439880371094,162.75999450683594,23.329999923706055,14.574810981750488,76.51842498779297,43.766265869140625,96.97257232666016,74.33582305908203,32.18953367693174
2021-04-08,379.6275939941406,64.50935363769531,65.52481842041016,47.811302185058594,114.46157836914062,164.50999450683594,23.6200008392334,14.65312385559082,76.23412322998047,44.064064025878906,97.30571746826172,74.3617172241211,33.49610067610962
2021-04-09,382.3875427246094,64.46495056152344,65.72708129882812,47.404090881347656,114.04694366455078,163.27000427246094,23.40999984741211,14.600915908813477,76.144775390625,44.18317413330078,97.04946899414062,74.33582305908203,33.450759253969
2021-04-12,382.52691650390625,64.3984603881836,65.36469268798828,47.12082290649414,113.99716186523438,162.27999877929688,23.040000915527344,14.609617233276367,76.59154510498047,43.953453063964844,96.98967742919922,74.31858825683594,34.39748213594451
2021-04-13,383.6607360839844,64.44281005859375,65.74393463134766,47.315574645996094,114.85137939453125,163.42999267578125,23.510000228881836,14.766240119934082,76.97330474853516,44.2001838684082,97.39111328125,74.34446716308594,36.47074788365095
2021-04-14,382.3503112792969,64.41321563720703,65.79449462890625,47.554588317871094,114.48645782470703,162.72000122070312,23.59000015258789,15.105595588684082,76.5671615600586,44.15765380859375,97.27157592773438,74.34446716308594,36.24460611055508
2021-04-15,386.457763671875,64.67200469970703,66.34230041503906,47.988346099853516,116.4023208618164,165.35000610351562,24.030000686645508,15.201310157775879,77.90744018554688,44.54902648925781,97.8951416015625,74.3617172241211,36.36194731510038
2021-04-16,387.74945068359375,64.53889465332031,66.82268524169922,48.112281799316406,115.49830627441406,166.35000610351562,24.09000015258789,15.175206184387207,78.07804870605469,45.085052490234375,97.63034057617188,74.35309600830078,35.361943607048005
2021-04-19,385.8444519042969,64.43541717529297,66.7046890258789,47.93523406982422,115.16654968261719,165.88999938964844,23.979999542236328,15.192607879638672,78.23236846923828,45.14460372924805,97.52781677246094,74.34446716308594,32.00307097629152
2021-04-20,383.0194091796875,64.32450103759766,65.50797271728516,47.54573059082031,115.6973648071289,166.47999572753906,23.959999084472656,15.166504859924316,78.87408447265625,44.344825744628906,97.81829071044922,74.3617172241211,32.43309547590074
2021-04-21,386.6435546875,64.53889465332031,66.18217468261719,47.83786392211914,115.92964935302734,168.1300048828125,24.700000762939453,15.105595588684082,79.39395141601562,44.80426788330078,97.86953735351562,74.3789291381836,30.958872225135377
2021-04-22,383.1123046875,64.4206314086914,65.96305084228516,47.66966247558594,116.43549346923828,167.0399932861328,24.209999084472656,15.22741413116455,78.96346282958984,44.60858154296875,97.94642639160156,74.37032318115234,29.72765440934461
2021-04-23,387.2662353515625,64.59065246582031,66.63728332519531,48.360145568847656,116.16178894042969,166.39999389648438,24.139999389648438,15.34923267364502,79.42645263671875,45.016971588134766,97.81829071044922,74.35309600830078,29.34365781325619
2021-04-26,388.07470703125,64.56107330322266,66.6878433227539,48.422119140625,115.99590301513672,166.83999633789062,24.299999237060547,15.453649520874023,79.66202545166016,45.127586364746094,97.71577453613281,74.33582305908203,31.025299393983214
2021-04-27,387.9910888671875,64.47238159179688,66.46871185302734,48.39554977416992,114.98406219482422,166.4199981689453,24.389999389648438,15.584171295166016,79.6539077758789,45.14460372924805,97.33133697509766,74.32721710205078,31.60613667393003
2021-04-28,387.8795471191406,64.59803771972656,66.63728332519531,48.75850296020508,115.05876159667969,166.91000366210938,24.399999618530273,15.610274314880371,79.48331451416016,45.26372528076172,97.45951080322266,74.34446716308594,31.48644213942454
2021-04-29,390.3514404296875,64.67200469970703,66.66255187988281,48.6434211730957,114.71875,166.22000122070312,24.25,15.714690208435059,80.16564178466797,45.29774856567383,97.2886734008789,74.3617172241211,30.757300203921353
2021-04-30,387.78668212890625,64.64239501953125,65.82821655273438,47.78474426269531,114.98406219482422,165.66000366210938,24.010000228881836,15.584171295166016,80.4824447631836,44.66814041137695,97.37406921386719,74.37032318115234,33.16657390979579
2021-05-03,388.6229248046875,64.66765594482422,66.5530014038086,47.78474426269531,115.05307006835938,167.80999755859375,24.959999084472656,15.758198738098145,80.32810974121094,45.22968673706055,97.53988647460938,74.36344146728516,32.85077004087615
2021-05-04,386.2254333496094,64.63052368164062,65.56695556640625,47.2447509765625,115.83382415771484,166.5800018310547,24.56999969482422,16.0018367767334,79.80824279785156,44.480953216552734,97.6681137084961,74.36344146728516,30.63004988742736
2021-05-05,386.3462219238281,64.75662231445312,66.46028900146484,47.466064453125,116.02481842041016,167.27000427246094,24.56999969482422,16.062744140625,78.48418426513672,45.16162109375,97.78778839111328,74.38067626953125,32.97925198572872
2021-05-06,389.4314270019531,64.73438262939453,67.00809478759766,47.91752624511719,116.2158432006836,170.05999755859375,25.3700008392334,16.14105796813965,78.9228286743164,45.527469635009766,97.83052825927734,74.38067626953125,32.38915169395574
2021-05-07,392.2657165527344,64.77887725830078,67.76658630371094,48.41326141357422,115.64273071289062,171.58999633789062,25.469999313354492,16.297683715820312,79.96257019042969,46.1826057434082,97.86468505859375,74.40653991699219,32.940425406490306
2021-05-10,388.3813781738281,64.63052368164062,67.40419006347656,47.54573059082031,114.47159576416016,172.11000061035156,25.350000381469727,16.184566497802734,79.9382095336914,45.83376693725586,97.6681137084961,74.38067626953125,32.08090809383102
2021-05-11,384.91510009765625,64.56379699707031,66.51929473876953,47.41294860839844,113.82379150390625,172.13999938964844,25.670000076293945,16.358591079711914,78.93095397949219,45.323280334472656,97.50569152832031,74.37205505371094,32.5660732007726
2021-05-12,376.73748779296875,64.25223541259766,65.45740509033203,46.102806091308594,112.62773895263672,170.42999267578125,25.09000015258789,16.341190338134766,76.93270111083984,44.88085174560547,97.03556823730469,74.36344146728516,28.227703810644524
2021-05-13,381.26318359375,64.48216247558594,65.94619750976562,46.040828704833984,112.80211639404297,171.1300048828125,25.15999984741211,15.888720512390137,77.93183135986328,45.26372528076172,97.36035919189453,74.38067626953125,28.552566541698827
2021-05-14,387.1175842285156,64.68988800048828,67.05022430419922,46.87295913696289,113.85697937011719,172.69000244140625,25.459999084472656,16.019241333007812,78.85784149169922,46.114540100097656,97.5740737915039,74.38067626953125,28.646951001265403
2021-05-17,386.132568359375,64.57120513916016,66.92381286621094,46.828697204589844,113.61609649658203,174.6999969482422,26.190000534057617,16.219371795654297,78.93907165527344,46.08901596069336,97.48009490966797,74.38067626953125,25.004081472204774
2021-05-18,382.8056640625,64.41541290283203,67.06707000732422,47.45721435546875,113.3254165649414,175.0399932861328,26.149999618530273,16.14105796813965,78.95532989501953,46.080509185791016,97.48009490966797,74.3892593383789,24.643351210737123
2021-05-19,381.802001953125,64.24482727050781,66.47714233398438,47.315574645996094,113.05132293701172,175.16000366210938,25.729999542236328,15.810406684875488,78.70350646972656,45.59553527832031,97.18939208984375,74.36344146728516,21.250917268060217
2021-05-20,385.90948486328125,64.51925659179688,67.3536148071289,47.589996337890625,113.98155975341797,175.9600067138672,25.790000915527344,15.64508056640625,79.58889770507812,46.27619552612305,97.59117889404297,74.39791107177734,23.42198417841177
2021-05-21,385.5935363769531,64.61571502685547,67.44631958007812,47.04114532470703,114.34703063964844,176.0399932861328,25.530000686645508,15.793004989624023,79.50769805908203,46.31874084472656,97.6253890991211,74.38067626953125,21.42450283431386
2021-05-24,389.5242919921875,64.68988800048828,67.8592758178711,47.430660247802734,114.77064514160156,176.35000610351562,25.75,16.01053810119629,80.49868774414062,46.61653137207031,97.71943664550781,74.39791107177734,22.22927886541097
2021-05-25,388.6601867675781,64.69730377197266,67.87612915039062,47.89982223510742,115.83382415771484,177.9499969482422,25.989999771118164,15.958331108093262,80.47430419921875,46.625030517578125,98.0783920288086,74.39791107177734,22.054827345520874
2021-05-26,389.4314270019531,64.71952819824219,67.83397674560547,48.2539176940918,115.63446044921875,177.63999938964844,25.670000076293945,15.98443603515625,80.83172607421875,46.48889923095703,97.96728515625,74.41512298583984,22.567099493367166
2021-05-27,389.63592529296875,64.68988800048828,67.96039581298828,48.26277160644531,115.1693115234375,177.7100067138672,25.850000381469727,16.236774444580078,80.64488983154297,46.608009338378906,97.79631805419922,74.41512298583984,22.074782417013665
2021-05-28,390.33282470703125,64.66765594482422,68.12054443359375,48.57259750366211,114.986572265625,178.3800048828125,25.899999618530273,16.184566497802734,81.13227081298828,46.72712707519531,97.78778839111328,74.41512298583984,20.50153534885743
2021-06-01,389.98907470703125,64.86189270019531,68.36493682861328,49.57290267944336,114.96077728271484,177.89999389648438,25.84000015258789,16.471712112426758,82.59440612792969,47.007904052734375,97.76984405517578,74.39962005615234,21.068564482088323
2021-06-02,390.6023254394531,64.94376373291016,68.59248352050781,49.65258026123047,115.22692108154297,178.77000427246094,26.149999618530273,16.558727264404297,83.56105041503906,47.06745529174805,97.88101196289062,74.40827941894531,21.579847289121986
2021-06-03,389.1526794433594,64.80977630615234,68.25537872314453,49.121437072753906,114.79444885253906,175.27000427246094,25.459999084472656,16.419504165649414,83.25238037109375,46.76116180419922,97.63297271728516,74.38238525390625,22.518034021909177
2021-06-04,392.7117614746094,64.95118713378906,68.83688354492188,49.564056396484375,116.36649322509766,177.16000366210938,25.780000686645508,16.602231979370117,83.2929916381836,47.12702178955078,98.17184448242188,74.40827941894531,21.1888714656683
2021-06-07,392.3307189941406,64.9735336303711,69.06442260742188,49.316192626953125,116.00884246826172,177.8699951171875,25.899999618530273,16.62833595275879,84.27586364746094,47.3397216796875,98.09487915039062,74.39962005615234,19.274290600139597
2021-06-08,392.4144592285156,65.01814270019531,69.03071594238281,49.07718276977539,116.82398986816406,177.32000732421875,25.610000610351562,16.793663024902344,84.97444152832031,47.31420135498047,98.37714385986328,74.4168701171875,19.223708588116217
2021-06-09,391.82904052734375,65.07025146484375,68.8453140258789,48.935543060302734,117.8553695678711,176.97999572753906,25.780000686645508,16.715349197387695,85.08818054199219,47.288673400878906,98.68510437011719,74.39962005615234,21.44772205746736
2021-06-10,393.65032958984375,65.18936157226562,69.03495788574219,49.32764434814453,118.56243896484375,177.74000549316406,25.969999313354492,16.776260375976562,85.6974105834961,47.42870330810547,99.03579711914062,74.42548370361328,21.078713638179767
2021-06-11,394.30084228515625,65.21167755126953,69.19727325439453,49.15871047973633,118.37118530273438,175.74000549316406,25.8700008392334,16.724050521850586,85.35623168945312,47.592933654785156,98.89035034179688,74.40827941894531,21.441563915674475
2021-06-14,395.18377685546875,65.15214538574219,69.31686401367188,49.292076110839844,117.46451568603516,174.7100067138672,25.84000015258789,16.62833595275879,85.68926239013672,47.662078857421875,98.58244323730469,74.38238525390625,23.097922342301022
2021-06-15,394.4587707519531,65.14470672607422,69.40229797363281,48.9542121887207,117.32303619384766,174.0500030517578,25.649999618530273,16.558727264404297,84.77139282226562,47.71395492553711,98.59956359863281,74.37377166748047,23.205773951296628
2021-06-16,392.25634765625,65.05538940429688,68.97516632080078,48.287384033203125,117.2232437133789,171.11000061035156,25.260000228881836,16.463010787963867,84.21900177001953,47.29904556274414,97.92379760742188,74.30477905273438,22.02314824888797
2021-06-17,392.1263732910156,65.1000747680664,68.49676513671875,48.554115295410156,118.97832489013672,165.85000610351562,24.049999237060547,16.036643981933594,84.1134262084961,46.832279205322266,98.2745132446289,74.30477905273438,21.854554254761528
2021-06-18,386.8363952636719,65.07025146484375,67.07862854003906,48.216251373291016,121.21585083007812,164.92999267578125,23.8799991607666,16.201969146728516,82.68377685546875,45.890106201171875,98.83049011230469,74.24441528320312,20.553016965565305
2021-06-21,392.37432861328125,65.1968002319336,67.95854949951172,48.420753479003906,119.18629455566406,166.9499969482422,24.079999923706055,16.402101516723633,84.38960266113281,46.607540130615234,98.51398468017578,74.26165771484375,18.1922804096945
2021-06-22,394.4720458984375,65.2414321899414,67.96710205078125,48.1984748840332,119.4773941040039,166.25,23.850000381469727,16.428203582763672,83.9509506225586,46.547027587890625,98.69361114501953,74.30477905273438,18.668365342170983
2021-06-23,393.99658203125,65.17446899414062,67.53141784667969,48.491878509521484,119.16968536376953,166.13999938964844,23.93000030517578,16.532621383666992,83.80472564697266,46.30500030517578,98.49689483642578,74.25304412841797,19.367512976846893
2021-06-24,396.32733154296875,65.37541961669922,68.18067932128906,48.93643569946289,119.36094665527344,166.0399932861328,24.040000915527344,16.59353256225586,83.62393951416016,46.797698974609375,98.47975158691406,74.26165771484375,19.90702676979009
2021-06-25,397.735107421875,65.44237518310547,68.3259048461914,49.345420837402344,118.12155151367188,166.58999633789062,24.18000030517578,16.5239200592041,84.18840789794922,46.85821533203125,98.2745132446289,74.25304412841797,18.169931626983857
2021-06-28,398.5369873046875,65.43496704101562,67.89022064208984,49.38987731933594,119.33594512939453,166.5800018310547,24.209999084472656,16.51521873474121,83.94298553466797,46.512454986572266,98.58244323730469,74.2789306640625,19.776025483140284
2021-06-29,398.75140380859375,65.5168228149414,67.90730285644531,49.35430908203125,119.53553009033203,164.8300018310547,23.889999389648438,16.59353256225586,83.71394348144531,46.52109909057617,98.63373565673828,74.27027130126953,20.599266966003235
2021-06-30,399.0870056152344,65.52422332763672,67.38618469238281,49.03424072265625,120.06797790527344,165.6300048828125,24.219999313354492,16.750154495239258,83.27218627929688,46.071617126464844,98.7877197265625,74.28754425048828,20.12434523808763
2021-07-01,401.2966613769531,65.65270233154297,67.54851531982422,48.75861740112305,120.0746078491211,166.1999969482422,24.110000610351562,16.811063766479492,83.6321029663086,46.35686492919922,98.71666717529297,74.27285766601562,19.28084358089625
2021-07-02,404.3639221191406,65.75724792480469,67.7791519165039,48.70526123046875,120.79917907714844,167.2899932861328,24.549999237060547,16.967689514160156,83.88573455810547,46.460594177246094,99.0761947631836,74.30734252929688,19.467454346147886
2021-07-06,403.6273193359375,65.71991729736328,67.3349380493164,47.85171890258789,122.21509552001953,168.1199951171875,24.229999542236328,16.50651741027832,84.4992904663086,46.13212966918945,99.59827423095703,74.33323669433594,19.661656787839277
2021-07-07,405.0538024902344,65.74227905273438,67.70227813720703,47.79837417602539,123.29780578613281,168.75999450683594,24.239999771118164,16.306385040283203,84.7938003540039,46.4260139465332,99.88934326171875,74.34188079833984,19.44349479993732
2021-07-08,401.7534484863281,65.60042572021484,66.8309097290039,46.80257034301758,123.7808837890625,168.64999389648438,24.010000228881836,16.445608139038086,84.55654907226562,45.85551834106445,100.1461181640625,74.37635803222656,18.881843104184583
2021-07-09,406.0421142578125,65.71244049072266,67.96710205078125,47.61166000366211,122.04019165039062,169.2100067138672,24.190000534057617,16.637039184570312,85.9472885131836,46.52109909057617,99.64112854003906,74.35047149658203,19.410577344736225
2021-07-12,407.4964904785156,65.6900405883789,68.25755310058594,47.65612030029297,121.88195037841797,169.0,24.280000686645508,16.66314125061035,86.68355560302734,46.74584197998047,99.58978271484375,74.33323669433594,19.04177531854333
2021-07-13,406.10736083984375,65.49588012695312,67.89875030517578,47.70057678222656,120.94910430908203,169.22000122070312,24.079999923706055,16.802366256713867,85.47279357910156,46.48652648925781,99.28163146972656,74.27285766601562,18.781140099496092
2021-07-14,406.7133483886719,65.60042572021484,68.05252075195312,47.905067443847656,122.3233642578125,171.0399932861328,24.329999923706055,16.637039184570312,86.06999969482422,46.59889221191406,99.70956420898438,74.32462310791016,18.85024252666379
2021-07-15,405.3241882324219,65.55563354492188,67.40325927734375,48.02064895629883,123.67264556884766,171.07000732421875,24.3799991607666,16.55002212524414,86.20906066894531,46.10619354248047,100.1290054321289,74.33323669433594,18.252030088907908
2021-07-16,402.1449890136719,65.4660415649414,66.90777587890625,47.64722442626953,123.43939971923828,169.41000366210938,23.770000457763672,16.55002212524414,86.15180206298828,45.7431526184082,100.11187744140625,74.32462310791016,18.045742434160683
2021-07-19,396.2061462402344,65.02545166015625,65.6947021484375,46.84703063964844,126.14622497558594,169.61000061035156,23.290000915527344,15.888720512390137,84.58110809326172,44.81826400756836,100.96781158447266,74.35912322998047,17.69902671250365
2021-07-20,401.8840026855469,65.35398864746094,66.17308807373047,46.9981803894043,124.9302749633789,169.38999938964844,23.139999389648438,16.1236572265625,86.57720184326172,45.112152099609375,100.8394546508789,74.39361572265625,17.118694198277563
2021-07-21,405.1377868652344,65.51081848144531,67.18115234375,47.300472259521484,123.34783172607422,168.75999450683594,23.420000076293945,16.445608139038086,86.56903076171875,45.90739059448242,100.25738525390625,74.36769104003906,18.441531479186914
2021-07-22,405.9861755371094,65.54815673828125,67.20677947998047,47.38938903808594,124.51384735107422,169.08999633789062,23.559999465942383,16.576129913330078,85.8818359375,45.941959381103516,100.48847961425781,74.37635803222656,18.557779024670634
2021-07-23,410.1629333496094,65.67505645751953,67.67665100097656,46.68699264526367,123.68089294433594,168.55999755859375,23.350000381469727,16.66314125061035,86.59356689453125,46.35686492919922,100.33443450927734,74.38497161865234,19.286261399632068
2021-07-26,411.1698303222656,65.5780029296875,67.7706069946289,45.79788589477539,123.3144302368164,168.16000366210938,23.360000610351562,16.784963607788086,86.63446807861328,46.547027587890625,100.26593017578125,74.36769104003906,21.443365368446674
2021-07-27,409.29583740234375,65.48841857910156,67.49723815917969,44.87322235107422,124.6303939819336,168.44000244140625,22.959999084472656,16.689247131347656,87.12531280517578,46.44330978393555,100.69393920898438,74.38497161865234,22.631848596618983
2021-07-28,409.1280212402344,65.54067993164062,67.78770446777344,46.09128952026367,124.63866424560547,169.2899932861328,23.170000076293945,16.767560958862305,86.8226318359375,46.607540130615234,100.7795181274414,74.39361572265625,22.970097714587002
2021-07-29,410.8249206542969,65.68260192871094,68.25755310058594,46.32245635986328,123.94747161865234,171.1699981689453,23.719999313354492,17.063405990600586,86.83900451660156,47.013797760009766,100.4713363647461,74.39361572265625,22.97728557845017
2021-07-30,408.8297119140625,65.59296417236328,67.90730285644531,45.87790298461914,124.5304183959961,169.82000732421875,23.6299991607666,16.967689514160156,86.95352172851562,46.80634689331055,100.75382995605469,74.4108657836914,24.256348454356367
2021-08-02,407.9720153808594,65.43038177490234,68.24903106689453,46.20687484741211,125.64115905761719,169.61000061035156,23.530000686645508,16.784963607788086,86.76536560058594,46.970584869384766,101.19580078125,74.43843078613281,22.514117039916325
2021-08-03,411.2910461425781,65.50533294677734,68.73594665527344,46.4024772644043,125.70792388916016,169.49000549316406,23.68000030517578,16.706649780273438,86.87171936035156,47.31633377075195,101.22146606445312,74.43843078613281,21.911684760735152
2021-08-04,409.2679748535156,65.385498046875,68.53092956542969,46.64253616333008,125.96642303466797,169.52999877929688,23.540000915527344,16.436904907226562,86.60176086425781,47.264469146728516,101.19580078125,74.4125747680664,22.827437461489975
2021-08-05,411.8597412109375,65.5352783203125,68.8641128540039,46.5714111328125,125.32435607910156,168.86000061035156,23.299999237060547,16.680543899536133,87.61616516113281,47.52378463745117,100.82749938964844,74.37806701660156,23.471843814603705
2021-08-06,412.54034423828125,65.46036529541016,68.60781860351562,46.180198669433594,123.23123931884766,164.63999938964844,22.520000457763672,16.541324615478516,87.46074676513672,47.290401458740234,100.23653411865234,74.35221099853516,24.589996352354543
2021-08-09,412.2047119140625,65.31055450439453,68.57363891601562,46.33134841918945,122.78931427001953,161.72000122070312,21.75,16.306385040283203,86.99442291259766,47.273109436035156,100.02237701416016,74.32634735107422,26.628170787155963
2021-08-10,412.71746826171875,65.16072845458984,68.72740936279297,46.39358139038086,122.22224426269531,161.77000427246094,21.6200008392334,16.602231979370117,86.16815185546875,47.394126892089844,99.8339614868164,74.30043029785156,26.179994912229347
2021-08-11,413.74298095703125,65.26559448242188,69.19727325439453,46.51806640625,122.14722442626953,164.0,21.84000015258789,16.750154495239258,86.67537689208984,47.722591400146484,99.94530487060547,74.33495330810547,26.18493712948608
2021-08-12,414.98297119140625,65.3779525756836,69.1374740600586,46.109073638916016,121.94709014892578,164.0399932861328,21.5,16.689247131347656,86.86354064941406,47.705299377441406,99.842529296875,74.33495330810547,25.515664895267673
2021-08-13,415.73822021484375,65.52027130126953,69.55606079101562,45.99349594116211,123.8733139038086,166.38999938964844,21.969999313354492,16.59353256225586,87.33802795410156,48.0597038269043,100.4163589477539,74.34357452392578,27.448240097889535
2021-08-16,416.7170715332031,65.54277038574219,69.19727325439453,45.57560729980469,124.17353820800781,167.22000122070312,22.100000381469727,16.55002212524414,87.2316665649414,47.83496856689453,100.6390380859375,74.36079406738281,26.42089154819291
2021-08-17,413.9853820800781,65.39293670654297,68.54800415039062,44.73984909057617,124.12350463867188,166.97000122070312,21.899999618530273,16.367294311523438,87.14168548583984,47.394126892089844,100.5876693725586,74.34357452392578,25.669046372272966
2021-08-18,409.454345703125,65.24308776855469,68.28318786621094,44.81097412109375,124.54044342041016,167.10000610351562,21.760000228881836,16.175865173339844,86.34813690185547,47.264469146728516,100.53624725341797,74.34357452392578,25.729824651855054
2021-08-19,410.08837890625,65.23562622070312,67.60829162597656,44.04635238647461,125.45770263671875,166.61000061035156,21.510000228881836,15.949628829956055,86.76536560058594,46.69397735595703,100.75899505615234,74.34357452392578,26.830429289750178
2021-08-20,413.3514404296875,65.39293670654297,67.87313079833984,44.01077651977539,125.5411376953125,166.6999969482422,21.350000381469727,15.575469970703125,87.19894409179688,46.95328903198242,100.66474914550781,74.34357452392578,28.33604223813523
2021-08-23,416.9874267578125,65.59521484375,68.50530242919922,44.6776123046875,125.45770263671875,168.72999572753906,21.8799991607666,16.14105796813965,87.03532409667969,47.35090255737305,100.69046020507812,74.34357452392578,28.45490895685873
2021-08-24,417.6494140625,65.68508911132812,68.6505355834961,45.691192626953125,124.48209381103516,168.64999389648438,22.079999923706055,16.48041343688965,86.65083312988281,47.34226608276367,100.4163589477539,74.33495330810547,27.39815836478048
2021-08-25,418.5258483886719,65.75251770019531,68.67616271972656,45.744537353515625,123.44805908203125,167.47999572753906,22.09000015258789,16.62833595275879,86.59356689453125,47.42870330810547,100.02237701416016,74.32634735107422,28.118730500047302
2021-08-26,416.05517578125,65.71509552001953,68.3173599243164,45.30887985229492,123.7900161743164,167.6699981689453,21.850000381469727,16.49781608581543,86.62627410888672,47.152103424072266,100.02237701416016,74.32634735107422,26.959442921161912
2021-08-27,419.7750549316406,65.8948974609375,68.94097900390625,45.8690185546875,124.63217163085938,170.19000244140625,22.329999923706055,16.706649780273438,87.53435516357422,47.662078857421875,100.34788513183594,74.37806701660156,28.174943454110803
2021-08-30,421.62115478515625,65.9772720336914,68.92390441894531,45.966819763183594,124.9573974609375,169.35000610351562,22.260000228881836,16.767560958862305,88.40971374511719,47.64480209350586,100.54485321044922,74.39533996582031,27.02420548483295
2021-08-31,420.9964294433594,65.99226379394531,68.88971710205078,46.598079681396484,124.10681915283203,169.69000244140625,22.139999389648438,16.689247131347656,88.82691955566406,47.48056411743164,100.35640716552734,74.38671112060547,27.088357842832707
2021-09-01,421.2200927734375,66.04862976074219,69.51336669921875,47.19378662109375,124.31475067138672,169.6999969482422,22.3700008392334,16.610933303833008,90.2503890991211,47.81767272949219,100.39927673339844,74.38069915771484,28.053395868559438
2021-09-02,422.5160827636719,66.13128662109375,69.79528045654297,46.98039627075195,124.85743713378906,169.25,22.139999389648438,16.802366256713867,90.7248764038086,48.0683479309082,100.51924896240234,74.38069915771484,28.32946457994334
2021-09-03,422.4135437011719,66.13880920410156,70.11135864257812,47.22935104370117,123.72193145751953,171.05999755859375,22.8799991607666,16.819766998291016,90.74121856689453,47.89546585083008,100.27928924560547,74.38069915771484,28.730134148638218
2021-09-07,420.9031982421875,65.96593475341797,70.16261291503906,47.50497055053711,122.67830657958984,167.7100067138672,22.510000228881836,16.62833595275879,89.71862030029297,47.722591400146484,99.885009765625,74.35476684570312,26.884156553064493
2021-09-08,420.3904113769531,66.04109191894531,69.60733795166016,46.81147003173828,123.51322174072266,167.2899932861328,22.170000076293945,16.750154495239258,90.1685562133789,47.221248626708984,100.15930938720703,74.37200164794922,26.470802782658517
2021-09-09,418.5910949707031,66.10123443603516,69.48772430419922,46.72255325317383,125.00772857666016,168.02999877929688,22.270000457763672,16.62833595275879,88.3360824584961,47.082950592041016,100.44212341308594,74.38927459716797,26.643114095892724
2021-09-10,415.2906494140625,66.00352478027344,69.3339614868164,46.669219970703125,123.90565490722656,167.17999267578125,21.989999771118164,16.845870971679688,87.04351043701172,46.97922134399414,100.125,74.36341857910156,25.77733320149
2021-09-13,416.35345458984375,66.16886901855469,69.88069915771484,46.79369354248047,124.6570053100586,167.74000549316406,21.989999771118164,16.97639274597168,87.63252258300781,47.264469146728516,100.2450180053711,74.38069915771484,25.822798010806796
2021-09-14,414.10662841796875,66.13880920410156,69.59024047851562,46.4024772644043,126.16829681396484,168.82000732421875,22.100000381469727,16.967689514160156,87.47708129882812,47.082950592041016,100.62213897705078,74.38927459716797,27.04574664239043
2021-09-15,417.5655212402344,66.23649597167969,69.79528045654297,46.39358139038086,125.72581481933594,167.8300018310547,22.06999969482422,17.246135711669922,87.75521850585938,47.10887908935547,100.45069885253906,74.38927459716797,27.668216998982913
2021-09-16,416.90362548828125,66.21395874023438,69.68421936035156,45.8690185546875,125.14965057373047,164.02999877929688,21.25,17.12431526184082,87.82886505126953,47.10887908935547,100.13358306884766,74.36341857910156,27.442519419721283
2021-09-17,412.8424987792969,66.13128662109375,68.77012634277344,45.67341232299805,124.54853057861328,163.77000427246094,20.739999771118164,16.98509407043457,87.04351043701172,46.38280487060547,99.8421630859375,74.34616088867188,27.146266809717858
2021-09-20,405.958740234375,65.89833068847656,67.49723815917969,44.44644546508789,126.09317016601562,164.94000244140625,20.59000015258789,16.784963607788086,86.51177215576172,45.48384094238281,100.34788513183594,74.36341857910156,24.605675497341966
2021-09-21,405.5751953125,66.01103210449219,68.1635971069336,44.77541732788086,125.98461151123047,166.0399932861328,20.84000015258789,16.802366256713867,86.55267333984375,45.99382781982422,100.287841796875,74.38069915771484,23.370834585377974
2021-09-22,409.5315246582031,66.13128662109375,68.50530242919922,45.33555603027344,126.73607635498047,165.4199981689453,20.989999771118164,16.99379539489746,87.39527893066406,46.32229232788086,100.38213348388672,74.33757019042969,25.02532874394263
2021-09-23,414.5074157714844,66.16132354736328,69.24852752685547,45.691192626953125,123.87222290039062,163.50999450683594,20.90999984741211,17.254833221435547,87.2234878540039,46.970584869384766,99.4736328125,74.29439544677734,25.78375830826407
2021-09-24,415.1900939941406,66.06365203857422,68.59928131103516,45.14883804321289,122.66156768798828,163.3000030517578,20.709999084472656,17.333147048950195,86.29084777832031,46.477882385253906,99.17365264892578,74.26853942871094,24.60334908822021
2021-09-27,414.0022888183594,66.00352478027344,68.55655670166016,45.44224166870117,122.21064758300781,163.63999938964844,20.940000534057617,17.56808853149414,85.13021850585938,46.408721923828125,98.9079360961914,74.25989532470703,24.25645389430692
2021-09-28,405.65936279296875,65.70291900634766,67.06155395507812,44.855438232421875,120.3069839477539,162.0500030517578,20.780000686645508,17.428863525390625,84.55400848388672,45.38875961303711,98.53085327148438,74.26853942871094,23.566598435698815
2021-09-29,406.3421325683594,65.82317352294922,66.90777587890625,44.43755340576172,120.51573944091797,161.32000732421875,19.950000762939453,17.446266174316406,85.18781280517578,45.285030364990234,98.63371276855469,74.29439544677734,23.870880185766623
2021-09-30,401.3757019042969,65.74803924560547,66.64295196533203,44.79319763183594,120.49908447265625,164.22000122070312,20.520000457763672,17.559383392333984,83.78025817871094,45.0516471862793,98.7536392211914,74.3116455078125,25.149602064385927
2021-10-01,406.145751953125,65.90558624267578,66.80526733398438,44.74874496459961,121.51312255859375,164.58999633789062,20.829999923706055,17.794321060180664,84.96556091308594,45.31096649169922,99.15679168701172,74.3470458984375,27.63409932306809
2021-10-04,400.90802001953125,65.6718521118164,66.10475158691406,44.09080505371094,121.20379638671875,165.36000061035156,20.979999542236328,18.081466674804688,84.98204040527344,45.13808822631836,99.0367202758789,74.31250762939453,28.206090864184542
2021-10-05,405.0795593261719,65.6417007446289,66.55754089355469,44.40198516845703,120.03341674804688,164.58999633789062,20.920000076293945,18.307703018188477,84.39759826660156,45.39740753173828,98.7279281616211,74.30388641357422,29.585534816419564
2021-10-06,406.7630310058594,65.60400390625,66.11328887939453,44.153038024902344,120.71057891845703,165.02999877929688,20.959999084472656,18.00315284729004,85.20428466796875,45.12944030761719,98.75364685058594,74.29527282714844,31.794701443371686
2021-10-07,410.27978515625,65.61157989501953,66.62586212158203,45.01547622680664,119.4482192993164,164.16000366210938,20.899999618530273,18.229389190673828,85.43477630615234,45.51841354370117,98.3591537475586,74.2693862915039,30.90138053124603
2021-10-08,409.5315246582031,65.41552734375,66.61732482910156,45.18440628051758,118.61219787597656,164.22999572753906,20.950000762939453,18.290300369262695,84.62808227539062,45.56163787841797,98.14470672607422,74.24349975585938,30.99434042977855
2021-10-11,406.5666198730469,65.21192169189453,66.40376281738281,45.09549331665039,118.31127166748047,163.9199981689453,20.8799991607666,18.412120819091797,84.84210968017578,45.25910568237305,97.90457153320312,74.18309783935547,33.01415933957109
2021-10-12,405.5658264160156,65.33256530761719,66.43792724609375,44.86431884765625,120.3343505859375,164.66000366210938,20.93000030517578,18.412120819091797,85.95333862304688,45.354183197021484,98.35057067871094,74.21760559082031,32.18500873267081
2021-10-13,407.0249328613281,65.50599670410156,67.09573364257812,45.486690521240234,121.5047836303711,167.58999633789062,21.329999923706055,18.516536712646484,86.5789566040039,46.00246810913086,98.53923797607422,74.19173431396484,32.96609442594174
2021-10-14,413.87127685546875,65.87543487548828,67.76206970214844,45.62895202636719,121.95619201660156,168.0,21.799999237060547,18.707963943481445,87.63258361816406,46.48652648925781,98.77082061767578,74.19173431396484,32.920394059288604
2021-10-15,417.02325439453125,65.76233673095703,68.3259048461914,46.180198669433594,121.24559783935547,165.3300018310547,21.579999923706055,18.864591598510742,87.56673431396484,46.90142059326172,98.28190612792969,74.14860534667969,35.37409612219994
2021-10-18,418.2579345703125,65.7322006225586,68.03544616699219,46.06461715698242,121.81405639648438,164.9199981689453,21.489999771118164,18.7514705657959,87.78898620605469,46.62482833862305,98.14470672607422,74.0968246459961,35.622272601557995
2021-10-19,421.48468017578125,65.77742004394531,68.44549560546875,46.6781005859375,120.13371276855469,165.4499969482422,21.889999389648438,18.794981002807617,87.83013916015625,46.85821533203125,97.79306030273438,74.12274169921875,36.90638313467147
2021-10-20,423.14019775390625,65.800048828125,68.6846923828125,46.669219970703125,119.32286834716797,166.89999389648438,22.530000686645508,19.003814697265625,89.2130355834961,47.05702209472656,97.75018310546875,74.14860534667969,37.90042612041285
2021-10-21,424.24383544921875,65.6341552734375,68.36006927490234,46.366912841796875,119.18062591552734,166.75,22.350000381469727,18.7166690826416,89.33650970458984,47.039730072021484,97.49286651611328,74.06230163574219,35.72799970772014
2021-10-22,423.8041687011719,65.47586059570312,68.77012634277344,46.26911163330078,120.49313354492188,167.77000427246094,22.540000915527344,18.803680419921875,89.75631713867188,47.30768966674805,97.7416000366211,74.04510498046875,34.8562491173936
2021-10-25,426.0770263671875,65.5888900756836,68.6334457397461,46.50917434692383,120.30929565429688,168.92999267578125,22.739999771118164,18.899396896362305,90.04442596435547,47.10887908935547,97.86167907714844,74.07958984375,36.20447835745879
2021-10-26,426.4604797363281,65.60400390625,68.77012634277344,46.26911163330078,121.30411529541016,167.67999267578125,22.3700008392334,18.92550277709961,90.2913589477539,47.34226608276367,97.98177337646484,74.06230163574219,34.66760358543663
2021-10-27,424.57122802734375,65.55123138427734,68.49676513671875,45.89568328857422,123.5111312866211,168.1199951171875,22.290000915527344,18.577444076538086,89.52582550048828,47.152103424072266,98.53069305419922,74.04510498046875,33.587090866629694
2021-10-28,428.6678466796875,65.71708679199219,69.16309356689453,45.94013977050781,123.09313201904297,168.0800018310547,22.270000457763672,18.673158645629883,90.77703094482422,47.6534423828125,98.27334594726562,74.0536880493164,34.81597329968589
2021-10-29,429.53765869140625,65.54369354248047,68.7615737915039,45.27330780029297,123.46936798095703,166.64999389648438,22.09000015258789,18.577444076538086,89.75631713867188,47.34226608276367,98.31623840332031,74.06230163574219,35.73821840931088
2021-11-01,430.2765197753906,65.47333526611328,69.42794036865234,45.62895202636719,122.5803451538086,167.52000427246094,22.229999542236328,18.7166690826416,90.2008285522461,47.81767272949219,98.3084945678711,74.02869415283203,35.03551498055784
2021-11-02,432.0162048339844,65.63220977783203,69.2826919555664,45.21996307373047,123.12450408935547,167.16000366210938,21.799999237060547,18.768875122070312,90.62885284423828,47.73123550415039,98.54883575439453,74.10633087158203,36.31163226805818
2021-11-03,434.6537170410156,65.7607650756836,69.8465347290039,45.433349609375,121.85216522216797,165.77000427246094,21.809999465942383,18.290300369262695,90.9334487915039,48.197998046875,98.2398910522461,74.08905792236328,36.16440444603937
2021-11-04,436.7020263671875,65.93475341796875,69.80382537841797,45.32666015625,123.13286590576172,167.64999389648438,22.0,18.177181243896484,90.06912231445312,47.99919509887695,98.77202606201172,74.15812683105469,35.29270545398651
2021-11-05,438.2172546386719,66.184326171875,69.90632629394531,45.27330780029297,124.9743881225586,169.83999633789062,22.350000381469727,18.429521560668945,90.53008270263672,48.0597038269043,99.31271362304688,74.19259643554688,35.10516143300232
2021-11-08,438.59136962890625,66.10114288330078,69.89779663085938,45.691192626953125,124.7400894165039,170.4499969482422,22.649999618530273,18.542640686035156,90.45600128173828,48.094276428222656,98.88357543945312,74.10633087158203,38.804387493931465
2021-11-09,437.14166259765625,66.15412139892578,69.7440185546875,45.51336669921875,126.36395263671875,171.2899932861328,22.530000686645508,18.690561294555664,90.61241149902344,48.11156463623047,99.33847045898438,74.14949035644531,38.46267231801444
2021-11-10,433.6249084472656,65.78348541259766,68.89827728271484,45.32666015625,124.05361938476562,173.14999389648438,22.8700008392334,18.455625534057617,90.19258880615234,47.54971694946289,98.48876953125,74.0028305053711,37.327490106547835
2021-11-11,433.7652282714844,65.66999816894531,69.1460189819336,46.109073638916016,123.8695068359375,174.1199951171875,23.350000381469727,18.58614730834961,90.34075164794922,47.69666290283203,98.17120361328125,73.9510269165039,37.301491306825525
2021-11-12,437.0387878417969,65.69269561767578,69.52190399169922,46.233551025390625,123.325439453125,174.4499969482422,23.420000076293945,18.560041427612305,90.27490234375,47.85225296020508,98.377197265625,74.01139831542969,36.8454769811068
2021-11-15,437.18841552734375,65.61705780029297,69.39376068115234,46.082401275634766,121.77682495117188,174.17999267578125,23.239999771118164,18.568744659423828,90.90872192382812,47.68801498413086,97.99095153808594,74.0028305053711,36.501998490272044
2021-11-16,438.9187927246094,65.64732360839844,69.24000549316406,46.14463806152344,121.46704864501953,172.9199981689453,22.959999084472656,18.542640686035156,90.30782318115234,47.575645446777344,97.90512084960938,74.0028305053711,34.5512786425424
2021-11-17,437.85247802734375,65.5792465209961,69.1545639038086,45.904579162597656,122.42975616455078,174.5,23.170000076293945,18.377315521240234,90.58772277832031,47.68801498413086,98.25701904296875,74.02869415283203,34.670026460896125
2021-11-18,439.3396301269531,65.52627563476562,69.222900390625,45.34444046020508,122.8901138305664,173.94000244140625,22.959999084472656,18.43822479248047,90.60416412353516,47.73123550415039,98.31709289550781,74.02007293701172,32.70250800998065
2021-11-19,438.5540466308594,65.47333526611328,68.6334457397461,45.27330780029297,124.18758392333984,172.61000061035156,22.75,18.142377853393555,90.06912231445312,47.117523193359375,98.58317565917969,74.0028305053711,33.37872582051627
2021-11-22,437.31939697265625,65.2237319946289,68.23192596435547,44.908775329589844,122.73101806640625,168.74000549316406,22.34000015258789,18.272897720336914,89.62461853027344,46.77177047729492,97.8622055053711,73.91651916503906,32.3275702760269
2021-11-23,437.8992004394531,65.13296508789062,68.1635971069336,44.86431884765625,120.95648956298828,167.27999877929688,21.920000076293945,18.60354995727539,90.3489990234375,46.607540130615234,97.45882415771484,73.91651916503906,33.062565250487324
2021-11-24,439.0683898925781,65.1178207397461,67.7108154296875,44.80208206176758,122.89840698242188,167.1199951171875,21.790000915527344,18.533939361572266,91.44375610351562,46.36551284790039,97.75922393798828,73.8992691040039,32.32247999415875
2021-11-26,429.2757568359375,64.64888763427734,65.89118194580078,43.29949951171875,126.00408935546875,166.85000610351562,21.3700008392334,17.428863525390625,88.9002456665039,45.16401672363281,99.02090454101562,74.04591369628906,30.7657174527399
2021-11-29,434.54150390625,65.04977416992188,66.22434997558594,43.46842575073242,124.99115753173828,166.6199951171875,21.15999984741211,17.428863525390625,89.55877685546875,45.431976318359375,98.79773712158203,74.08045196533203,33.19895967843771
2021-11-30,426.0863037109375,64.77748107910156,65.64342498779297,43.42396926879883,126.89128112792969,165.5,21.059999465942383,16.950286865234375,87.86306762695312,45.12944030761719,99.38997650146484,74.02007293701172,32.73885562867949
2021-12-01,421.3537902832031,64.78654479980469,65.26754760742188,43.58401107788086,127.674072265625,166.16000366210938,20.56999969482422,16.802366256713867,86.41433715820312,44.904701232910156,99.57723236083984,74.02869415283203,32.867732412495826
2021-12-02,427.8072814941406,65.2646713256836,66.0791244506836,44.11747360229492,127.83330535888672,165.24000549316406,20.690000534057617,16.950286865234375,89.00725555419922,45.42333221435547,99.36247253417969,73.93372344970703,32.43584364482471
2021-12-03,424.0848083496094,65.2646713256836,65.80574798583984,43.49509811401367,129.35861206054688,166.6300048828125,20.850000381469727,16.967689514160156,88.7109146118164,45.112152099609375,99.94657135009766,73.97689056396484,30.782074105494697
2021-12-06,429.10748291015625,65.55300903320312,66.43792724609375,43.83295822143555,127.58187866210938,166.22000122070312,20.709999084472656,17.263538360595703,90.26667022705078,45.682647705078125,99.44837188720703,73.91646575927734,29.050169075999154
2021-12-07,437.9833984375,65.90215301513672,67.83895874023438,44.52646255493164,126.55104064941406,166.80999755859375,20.809999465942383,17.524578094482422,91.56725311279297,46.58160400390625,99.07044219970703,73.82148742675781,29.117628210320483
2021-12-08,439.1432189941406,65.88695526123047,67.96710205078125,44.70428466796875,124.3636703491211,166.89999389648438,20.760000228881836,17.7595157623291,92.22576904296875,46.74584197998047,98.75264739990234,73.84737396240234,29.005471510577866
2021-12-09,436.17828369140625,65.59098815917969,67.40325927734375,44.490901947021484,125.05919647216797,165.8800048828125,20.299999237060547,17.489774703979492,90.89225769042969,46.28771209716797,99.00171661376953,73.82148742675781,27.37863402670271
2021-12-10,440.28424072265625,65.7427749633789,67.54851531982422,44.52646255493164,124.7575454711914,166.5800018310547,20.5,17.689905166625977,91.1721420288086,46.4260139465332,99.07044219970703,73.85603332519531,27.132359953260995
2021-12-13,436.384033203125,65.7427749633789,66.91576385498047,43.82032775878906,126.60139465332031,167.0,20.610000610351562,17.60289192199707,92.02820587158203,46.03272247314453,99.54287719726562,73.89920806884766,26.841859429070666
2021-12-14,433.3818054199219,65.62895965576172,66.55940246582031,43.72113037109375,126.29959869384766,165.44000244140625,20.309999465942383,17.446266174316406,90.85111236572266,45.6656494140625,99.37106323242188,73.85603332519531,26.77015801929202
2021-12-15,440.1533508300781,65.87934875488281,67.46331787109375,43.59486770629883,125.08441162109375,166.14999389648438,20.40999984741211,17.533279418945312,92.12700653076172,46.26870346069336,99.22505187988281,73.8819580078125,28.081936444111015
2021-12-16,436.2718200683594,65.83063507080078,67.47199249267578,43.64897918701172,125.1330337524414,168.16000366210938,20.790000915527344,17.637697219848633,92.09405517578125,46.382320404052734,99.51392364501953,73.94063568115234,27.374788833612364
2021-12-17,431.6286315917969,65.76969909667969,66.62025451660156,43.43253707885742,126.55107116699219,167.8000030517578,20.68000030517578,17.428863525390625,91.97882080078125,45.7093505859375,99.7374496459961,73.90611267089844,26.534409993679887
2021-12-20,427.0389709472656,65.65550994873047,66.47250366210938,42.783203125,125.6029052734375,167.08999633789062,20.56999969482422,17.307044982910156,91.26268005371094,45.67438507080078,99.65148162841797,73.92339324951172,26.92386927656819
2021-12-21,434.6227111816406,66.00579071044922,67.21127319335938,43.50468444824219,125.12467193603516,167.02000427246094,20.770000457763672,17.672502517700195,92.29161834716797,46.31239700317383,99.25599670410156,73.88020324707031,28.10484607762247
2021-12-22,438.9684143066406,66.1809310913086,67.83705139160156,43.71210479736328,125.70361328125,168.58999633789062,21.100000381469727,17.88133430480957,93.23825073242188,46.88922882080078,99.35057067871094,73.87159729003906,27.927899893370377
2021-12-23,441.69970703125,66.37132263183594,68.23686981201172,43.93756103515625,124.61285400390625,168.97000122070312,21.15999984741211,17.97705078125,93.13947296142578,47.151432037353516,99.14424896240234,73.86290740966797,29.16613058757446
2021-12-27,447.9507141113281,66.43981170654297,68.76705932617188,44.13597106933594,124.91495513916016,169.3699951171875,21.329999923706055,18.20328712463379,94.72064971923828,47.62337875366211,99.17860412597656,73.83702850341797,29.08336022639104
2021-12-28,447.5846862792969,66.40937805175781,68.7931137084961,43.991668701171875,124.41986846923828,168.63999938964844,21.270000457763672,18.168479919433594,95.06961059570312,47.66706848144531,99.16142272949219,73.83702850341797,27.330813644022516
2021-12-29,448.1571960449219,66.3027572631836,68.76705932617188,43.793270111083984,123.06060791015625,168.58999633789062,21.110000610351562,18.255495071411133,95.70938110351562,47.71950912475586,98.65419006347656,73.82837677001953,26.67371860239128
2021-12-30,446.918212890625,66.27229309082031,68.58676147460938,44.29495620727539,124.09265899658203,169.8000030517578,21.34000015258789,18.168479919433594,96.12483215332031,47.57426071166992,98.98088073730469,73.87159729003906,27.094926527411786
2021-12-31,445.7919006347656,66.25707244873047,68.52579498291016,44.07840347290039,124.33596801757812,170.9600067138672,21.510000228881836,18.081466674804688,96.3907241821289,47.591758728027344,98.86915588378906,73.86290740966797,26.594311102609513
2022-01-03,448.37310791015625,66.22662353515625,68.96997833251953,44.39421844482422,121.07215118408203,168.3300018310547,21.18000030517578,18.151079177856445,95.6346206665039,48.0205192565918,97.94923400878906,73.77657318115234,26.68141796218479
2022-01-04,448.2228698730469,66.05908966064453,69.3619155883789,44.24082565307617,120.56871032714844,169.57000732421875,21.31999969482422,18.36861228942871,95.51829528808594,48.099273681640625,97.89766693115234,73.81973266601562,26.35949184592352
2022-01-05,439.6159973144531,65.54888153076172,68.75224304199219,43.51896667480469,119.91432189941406,169.05999755859375,21.0,18.290300369262695,92.78468322753906,47.74051284790039,97.4849853515625,73.72477722167969,25.022167788829268
2022-01-06,439.20306396484375,65.55650329589844,68.40386199951172,43.71747589111328,120.2247543334961,166.99000549316406,20.510000228881836,18.44692611694336,92.86775970458984,47.5042610168457,97.2442398071289,73.66433715820312,24.78780618639674
2022-01-07,437.46661376953125,65.38897705078125,68.60417175292969,44.114498138427734,119.36054992675781,167.75,20.6200008392334,18.48172950744629,92.25292205810547,47.79301071166992,96.92613220214844,73.64704895019531,23.86716959686847
2022-01-10,436.9223327636719,65.44229888916016,67.9683837890625,44.114498138427734,119.65416717529297,168.25999450683594,20.760000228881836,18.403417587280273,91.72113800048828,47.154258728027344,96.90031433105469,73.60388946533203,24.01841984083069
2022-01-11,440.9019470214844,65.74687194824219,68.70867919921875,45.13412094116211,120.4512710571289,170.2899932861328,21.049999237060547,18.760175704956055,91.86238861083984,47.749267578125,97.13246154785156,73.62979888916016,24.54368129322372
2022-01-12,442.0939025878906,65.8534927368164,69.37931823730469,45.8830451965332,119.98979187011719,170.74000549316406,21.450000762939453,18.908098220825195,91.97042083740234,48.15176773071289,97.14967346191406,73.60388946533203,25.24046213752022
2022-01-13,436.0024719238281,65.61740112304688,68.87417602539062,45.233375549316406,121.05538177490234,170.16000366210938,21.329999923706055,18.707963943481445,91.78762817382812,47.83676528930664,97.45918273925781,73.63844299316406,24.460816709105767
2022-01-14,436.1807861328125,65.55650329589844,68.80450439453125,45.215328216552734,119.22628021240234,169.6699981689453,21.200000762939453,18.95160484313965,90.95673370361328,47.775516510009766,96.7885513305664,73.54344940185547,24.752640841186004
2022-01-18,428.4561767578125,65.23668670654297,67.79420471191406,44.412261962890625,117.5481948852539,169.38999938964844,21.690000534057617,19.099529266357422,90.001220703125,47.11050796508789,96.05780792236328,73.4311752319336,24.336801380030842
2022-01-19,424.00726318359375,65.17577362060547,67.73323822021484,44.60174560546875,118.36205291748047,172.0800018310547,22.3700008392334,19.20394515991211,88.78814697265625,47.206764221191406,96.28993225097656,73.46573638916016,23.974236014742942
2022-01-20,419.31439208984375,65.0539321899414,67.40228271484375,44.863426208496094,119.09210205078125,171.64999389648438,22.6200008392334,19.13433265686035,87.64984130859375,46.90050506591797,96.4963150024414,73.44843292236328,23.363220474906186
2022-01-21,411.0828857421875,65.06153106689453,66.48779296875,44.21375274658203,120.5099868774414,171.08999633789062,22.3799991607666,19.151737213134766,87.43380737304688,46.165496826171875,97.05509185791016,73.50890350341797,20.937845864242124
2022-01-24,412.8287353515625,64.9930191040039,65.82587432861328,43.59115219116211,119.51992797851562,172.02999877929688,22.110000610351562,19.10822868347168,87.5999755859375,45.54424285888672,96.96912384033203,73.55206298828125,21.05099190479737
2022-01-25,407.78851318359375,64.80261993408203,65.42523956298828,43.50994110107422,119.32699584960938,172.5800018310547,22.020000457763672,19.282258987426758,87.25100708007812,45.3079833984375,96.84017944335938,73.5175552368164,21.22309906834008
2022-01-26,406.7654724121094,64.58180236816406,65.17266082763672,42.959529876708984,117.88383483886719,169.7899932861328,21.719999313354492,19.325763702392578,85.88835906982422,45.41298294067383,96.15238952636719,73.38801574707031,21.164586625993262
2022-01-27,404.7568664550781,64.30003356933594,64.86783599853516,42.46324920654297,120.04851531982422,167.60000610351562,21.020000457763672,19.421478271484375,84.46754455566406,45.29923629760742,96.55644989013672,73.32757568359375,21.328904693614334
2022-01-28,414.80914306640625,64.48280334472656,65.08557891845703,42.670780181884766,120.09052276611328,167.10000610351562,20.709999084472656,19.438880920410156,87.20115661621094,45.570491790771484,96.77999877929688,73.35347747802734,21.69996582683289
2022-01-31,422.28021240234375,64.49800109863281,66.03489685058594,44.06938171386719,119.46957397460938,168.08999633789062,20.799999237060547,19.508493423461914,88.27297973632812,46.14799880981445,96.77999877929688,73.35347747802734,22.10129046926311
2022-02-01,425.1336364746094,64.75406646728516,66.6619873046875,44.3400764465332,119.07302856445312,168.22999572753906,20.940000534057617,19.58680534362793,87.95726776123047,46.64675521850586,96.649169921875,73.347412109375,22.25069663579227
2022-02-02,429.263427734375,64.85340118408203,67.15840911865234,44.26789474487305,119.47633361816406,168.83999633789062,20.93000030517578,19.665117263793945,89.07894897460938,46.988014221191406,96.84712219238281,73.36470031738281,21.222513540104035
2022-02-03,419.1736755371094,64.27261352539062,66.09585571289062,43.798683166503906,118.54371643066406,168.60000610351562,20.709999084472656,19.70862579345703,88.1317367553711,46.24424743652344,96.43404388427734,73.30420684814453,21.338304553035897
2022-02-04,421.14459228515625,64.02037811279297,66.25262451171875,43.90696334838867,116.79607391357422,168.86000061035156,20.790000915527344,19.865249633789062,87.25930786132812,46.25299835205078,95.69397735595703,73.15741729736328,23.834418153504416
2022-02-07,419.79302978515625,63.97451400756836,66.36585998535156,43.816734313964844,116.8717041015625,170.11000061035156,21.270000457763672,19.908756256103516,87.13468933105469,46.34049987792969,95.71976470947266,73.17466735839844,25.177967654487652
2022-02-08,423.2470703125,63.90575408935547,66.70552825927734,44.24082565307617,116.0903091430664,170.6300048828125,21.450000762939453,19.734729766845703,86.7275619506836,46.45425033569336,95.40996551513672,73.09693145751953,25.337718153186934
2022-02-09,429.44171142578125,64.24201202392578,67.78549194335938,44.935611724853516,116.30872344970703,171.2100067138672,21.530000686645508,19.934860229492188,88.68841552734375,47.206764221191406,95.5390396118164,73.08831024169922,25.46426852788152
2022-02-10,421.7265319824219,63.393714904785156,66.92326354980469,44.637847900390625,114.46031188964844,170.55999755859375,21.420000076293945,19.830446243286133,86.59459686279297,46.655494689941406,94.66128540039062,72.71691131591797,25.019933359238845
2022-02-11,413.4106750488281,63.17208480834961,65.91297149658203,43.96110153198242,116.15753173828125,173.80999755859375,21.829999923706055,20.12628936767578,85.80526733398438,45.80674743652344,95.6423110961914,72.94145202636719,24.35535432452161
2022-02-14,412.05908203125,63.06511688232422,65.4862060546875,43.65431213378906,114.71236419677734,174.74000549316406,22.049999237060547,20.2307071685791,85.02424621582031,45.32548522949219,94.97969818115234,72.7859878540039,24.458144815890712
2022-02-15,418.7043762207031,63.17208480834961,66.68810272216797,44.60174560546875,113.41007995605469,173.0800018310547,21.610000610351562,19.900056838989258,85.78865814208984,46.28800582885742,94.6957015991211,72.81194305419922,25.600039289741407
2022-02-16,419.1736755371094,63.52365493774414,66.94068908691406,44.92658996582031,114.08224487304688,174.86000061035156,21.8700008392334,19.926158905029297,86.18746948242188,46.50675582885742,94.89362335205078,72.90692901611328,25.24778909238199
2022-02-17,410.2194519042969,63.25614547729492,65.86072540283203,44.40324401855469,114.93085479736328,177.25,22.040000915527344,20.091487884521484,85.27351379394531,45.6929931640625,95.4013671875,72.95011901855469,23.281434967728988
2022-02-18,407.563232421875,63.34785461425781,65.58200073242188,43.96110153198242,116.14071655273438,177.1199951171875,22.1200008392334,20.169797897338867,84.75835418701172,45.44799041748047,95.711181640625,72.95875549316406,22.99023898854566
2022-02-22,403.1893615722656,63.20265579223633,64.81556701660156,43.338497161865234,116.44316864013672,177.49000549316406,22.309999465942383,20.456945419311523,84.450927734375,44.76547622680664,95.70256805419922,72.88964080810547,21.988095073837396
2022-02-23,396.037353515625,63.0880126953125,64.28429412841797,42.833194732666016,114.83843231201172,178.2899932861328,22.729999542236328,20.648372650146484,83.05503845214844,44.46797180175781,95.20343017578125,72.84646606445312,21.419838799054332
2022-02-24,401.99737548828125,63.5389404296875,63.42206573486328,41.94892501831055,114.9140625,177.13999938964844,22.309999465942383,20.735387802124023,84.450927734375,43.55796813964844,95.42720794677734,72.90692901611328,22.014847657035993
2022-02-25,410.8670959472656,63.898101806640625,65.00718688964844,42.724918365478516,114.99803924560547,176.5500030517578,22.399999618530273,20.422138214111328,86.48658752441406,44.861732482910156,95.4013671875,72.90692901611328,22.521165812780893
2022-02-28,409.8158874511719,63.9439582824707,63.770450592041016,42.16548156738281,117.5186996459961,178.3800048828125,22.6200008392334,20.77019500732422,85.19872283935547,43.86422348022461,96.48567199707031,73.03649139404297,24.806359130887508
2022-03-01,403.5742492675781,63.76526641845703,62.3769416809082,41.606040954589844,118.87738800048828,181.6199951171875,23.540000915527344,21.605525970458984,84.75005340576172,42.65671157836914,97.42538452148438,73.20496368408203,25.473365527870644
2022-03-02,410.9985656738281,63.91864013671875,63.16077423095703,41.67823028564453,114.8138198852539,179.72999572753906,23.3700008392334,22.31033706665039,86.33704376220703,43.251712799072266,95.96112823486328,72.96306610107422,25.226113330632316
2022-03-03,408.9523620605469,63.726898193359375,61.915340423583984,41.09172058105469,115.98323059082031,180.8000030517578,23.290000915527344,22.553974151611328,87.04329681396484,42.16670227050781,96.37454986572266,72.96306610107422,24.380538768881145
2022-03-04,405.62969970703125,63.312644958496094,60.12118911743164,40.26158905029297,117.98558044433594,183.67999267578125,23.639999389648438,23.502426147460938,87.44212341308594,40.33794021606445,97.33067321777344,73.04081726074219,22.477165945755814
2022-03-07,393.67218017578125,62.76040267944336,58.21382522583008,38.75470733642578,117.08534240722656,186.41000366210938,23.700000762939453,24.015810012817383,85.71387481689453,39.06916809082031,96.91719055175781,72.94575500488281,21.8594560907606
2022-03-08,390.6874084472656,62.53794860839844,58.71897506713867,38.88103485107422,115.90760040283203,191.50999450683594,24.450000762939453,24.424772262573242,85.29843139648438,39.83917999267578,96.2884521484375,72.8507308959961,22.247248525068894
2022-03-09,401.1620178222656,63.0595588684082,61.17502975463867,39.98186492919922,114.771728515625,185.82000732421875,23.799999237060547,22.484365463256836,86.61122131347656,41.974205017089844,95.6941146850586,72.80752563476562,24.111265325799845
2022-03-10,399.35052490234375,62.53030014038086,60.44344711303711,39.23293685913086,113.12279510498047,186.39999389648438,24.010000228881836,22.214624404907227,86.82726287841797,40.96794128417969,95.25483703613281,72.74708557128906,22.649376305845873
2022-03-11,394.2727966308594,62.07771301269531,59.79023742675781,38.41181945800781,113.50138092041016,185.08999633789062,23.8700008392334,22.597484588623047,86.13761901855469,40.77544021606445,95.22896575927734,72.72112274169922,22.28038807718711
2022-03-14,391.391357421875,61.34135437011719,60.33892822265625,37.4824333190918,110.85124206542969,182.3000030517578,23.15999984741211,21.936176300048828,85.46461486816406,41.44044494628906,94.02313995361328,72.53105926513672,22.781061830472666
2022-03-15,399.9981689453125,61.80158615112305,60.91374588012695,37.53657150268555,110.65777587890625,178.88999938964844,23.0,21.396692276000977,86.03792572021484,41.81670379638672,93.9800796508789,72.55699157714844,22.59270569752891
2022-03-16,408.8678894042969,62.66836166381836,63.09981155395508,40.55935287475586,111.74305725097656,180.00999450683594,23.110000610351562,21.21396255493164,87.05989074707031,43.39171600341797,93.85086059570312,72.48786926269531,23.629420455599053
2022-03-17,413.98321533203125,63.09791946411133,63.6310920715332,40.35181427001953,110.91017150878906,180.88999938964844,23.329999923706055,22.23202133178711,88.40593719482422,43.802974700927734,93.66997528076172,72.46192932128906,23.518836381501906
2022-03-18,418.5174865722656,63.30500411987305,64.24946594238281,40.929298400878906,112.26468658447266,179.3000030517578,23.020000457763672,22.336442947387695,88.40593719482422,44.06547546386719,93.94559478759766,72.44466400146484,24.00687304454363
2022-03-21,418.39508056640625,62.57633590698242,63.84883499145508,40.29767990112305,109.6650161743164,180.6699981689453,23.280000686645508,23.17177391052246,87.8658676147461,43.65422058105469,92.72249603271484,72.20274353027344,23.59155405293162
2022-03-22,423.29083251953125,62.89847183227539,64.44977569580078,41.02855682373047,108.26000213623047,179.36000061035156,22.8799991607666,23.119565963745117,88.09020233154297,44.240474700927734,92.2143325805664,72.15091705322266,24.3271390424345
2022-03-23,417.8395690917969,62.69901657104492,63.613677978515625,40.75785827636719,110.63251495361328,181.80999755859375,23.239999771118164,23.693857192993164,87.10187530517578,43.40921401977539,92.83448791503906,72.21136474609375,24.633906483251497
2022-03-24,424.13824462890625,62.82942581176758,64.20592498779297,40.97441482543945,109.76598358154297,183.1300048828125,23.610000610351562,23.458919525146484,87.65325164794922,43.75047302246094,92.31766510009766,72.1941146850586,25.247257405822822
2022-03-25,426.2095947265625,62.37684631347656,64.24076080322266,40.64958190917969,108.24320220947266,182.3800048828125,23.479999542236328,23.63294792175293,88.7476806640625,43.74172592163086,91.37023162841797,71.99540710449219,25.46997350222735
2022-03-28,429.2411804199219,62.76804733276367,64.03173828125,40.78492736816406,109.16861724853516,179.05999755859375,22.93000030517578,22.606184005737305,89.69172668457031,43.86422348022461,91.5769271850586,71.92627716064453,27.066141420911055
2022-03-29,434.55126953125,63.54279708862305,65.45137023925781,41.47971725463867,109.99314880371094,179.13999938964844,22.90999984741211,22.693199157714844,92.32331848144531,44.90548324584961,92.03345489501953,71.96083068847656,27.260101575056495
2022-03-30,431.8680114746094,63.351036071777344,65.18136596679688,41.3624153137207,110.85124206542969,180.5800018310547,22.940000534057617,23.102161407470703,91.65496826171875,44.80048370361328,92.39520263671875,72.01266479492188,27.028616015530513
2022-03-31,425.220947265625,63.12092208862305,64.10140228271484,40.73981857299805,111.12049865722656,180.64999389648438,22.8799991607666,22.675796508789062,90.53549194335938,43.960479736328125,92.5674819946289,72.01266479492188,26.153372446416537
2022-04-01,426.42608642578125,63.116294860839844,64.70234680175781,41.416561126708984,111.54348754882812,179.5,22.739999771118164,22.823719024658203,92.2982406616211,44.4067268371582,91.96473693847656,71.86227416992188,26.580067735672163
2022-04-04,430.0791320800781,63.593814849853516,64.9636459350586,42.147430419921875,110.7682876586914,180.3699951171875,22.6299991607666,23.258787155151367,91.84712982177734,44.459232330322266,91.90433502197266,71.90547943115234,26.77592580892754
2022-04-05,424.6466369628906,62.76970672607422,64.08399963378906,41.371437072753906,108.26575469970703,179.24000549316406,22.360000610351562,23.067358016967773,91.39599609375,44.030479431152344,90.80924224853516,71.77583312988281,26.163317452816486
2022-04-06,420.40045166015625,62.276790618896484,63.31755065917969,40.83004379272461,107.38943481445312,179.66000366210938,22.56999969482422,22.884628295898438,92.48204040527344,43.514217376708984,90.49019622802734,71.82766723632812,24.814114575761096
2022-04-07,422.5188903808594,62.17667007446289,63.4569091796875,40.505210876464844,106.58052825927734,180.33999633789062,22.700000762939453,22.962942123413086,91.5630874633789,43.75047302246094,90.26598358154297,71.87958526611328,24.98474782339928
2022-04-08,421.38909912109375,61.799293518066406,63.48303985595703,40.54130172729492,105.42617797851562,181.47000122070312,22.81999969482422,23.25008773803711,91.71345520019531,43.829219818115234,89.80895233154297,71.79310607910156,24.28627993989395
2022-04-11,414.1865539550781,61.375694274902344,62.81241226196289,40.0359992980957,103.75782012939453,182.3699951171875,23.149999618530273,23.058656692504883,90.72764587402344,43.417972564697266,89.37777709960938,71.81037139892578,22.697871952890242
2022-04-12,412.6519470214844,61.84548568725586,62.342105865478516,39.909671783447266,103.6146011352539,183.77000427246094,23.469999313354492,23.746065139770508,90.59397888183594,43.120460510253906,89.80895233154297,71.9919662475586,23.045491766038175
2022-04-13,417.37823486328125,62.2151985168457,63.01272201538086,40.43302536010742,103.82525634765625,184.64999389648438,23.75,24.268146514892578,91.23726654052734,43.584224700927734,90.00727844238281,72.02650451660156,23.642515200096344
2022-04-14,412.1811828613281,61.799293518066406,62.725311279296875,39.909671783447266,101.74400329589844,184.0399932861328,23.639999389648438,24.450876235961914,90.84459686279297,43.39171600341797,89.19672393798828,71.89688110351562,22.93541470106496
2022-04-18,412.3505554199219,61.69916534423828,62.359519958496094,39.774330139160156,101.23844909667969,184.61000061035156,23.8700008392334,24.729320526123047,90.47703552246094,43.23421859741211,88.93802642822266,71.89688110351562,23.446953256063793
2022-04-19,419.00701904296875,61.64527130126953,62.65563201904297,39.5758171081543,100.4801254272461,181.82000732421875,23.239999771118164,24.0941219329834,92.44862365722656,43.39171600341797,88.35163116455078,71.73258972167969,23.835494987041972
2022-04-20,418.69635009765625,61.83777618408203,63.07369613647461,39.341217041015625,102.50238800048828,182.7100067138672,23.280000686645508,24.120223999023438,93.98583221435547,43.759220123291016,89.04146575927734,71.77583312988281,23.761770027574002
2022-04-21,412.4353942871094,61.41419982910156,62.39435577392578,38.5832633972168,101.74400329589844,182.05999755859375,22.790000915527344,24.085418701171875,93.33418273925781,43.295467376708984,88.54998779296875,71.65483093261719,23.275319450596967
2022-04-22,401.11846923828125,61.04450988769531,61.375362396240234,38.24038314819336,101.10365295410156,180.2899932861328,22.309999465942383,23.624244689941406,91.69673919677734,42.61296463012695,88.59310150146484,71.63751220703125,22.82331184299922
2022-04-25,403.44403076171875,61.56050491333008,61.0792350769043,37.96066665649414,102.11476135253906,177.0500030517578,21.829999923706055,23.450220108032227,91.46282196044922,42.31544876098633,89.16219329833984,71.74992370605469,23.235660568770147
2022-04-26,391.75994873046875,61.19855880737305,59.37217712402344,37.130531311035156,103.14273834228516,177.32000732421875,21.649999618530273,23.772171020507812,89.95905303955078,40.94169235229492,89.75721740722656,71.87958526611328,21.89128549540812
2022-04-27,392.8614807128906,60.8981819152832,59.64217758178711,37.56364440917969,101.81982421875,175.97999572753906,21.489999771118164,23.937496185302734,89.36587524414062,41.15169143676758,89.25706481933594,71.844970703125,22.536616130641587
2022-04-28,402.784912109375,61.23705291748047,60.48699188232422,38.105037689208984,101.9715347290039,176.92999267578125,21.420000076293945,24.13762664794922,91.0116958618164,41.72919845581055,89.12772369384766,71.79310607910156,22.842555755676585
2022-04-29,387.89971923828125,60.48228454589844,59.78152847290039,38.24038314819336,100.64863586425781,176.91000366210938,21.040000915527344,23.95490074157715,86.83453369140625,41.2479362487793,88.65342712402344,71.65483093261719,22.174055252160095
2022-05-02,390.234619140625,60.48615646362305,59.633460998535156,38.18624496459961,98.9040298461914,173.6300048828125,20.8700008392334,24.320358276367188,84.73761749267578,41.03794860839844,87.99299621582031,71.64962768554688,22.127825442350993
2022-05-03,392.0235900878906,60.80313491821289,60.0776481628418,38.46596908569336,99.57080841064453,174.08999633789062,20.829999923706055,23.981002807617188,85.7902603149414,41.370445251464844,88.0965805053711,71.61503601074219,21.680508790851217
2022-05-04,403.9618225097656,61.42167663574219,61.131492614746094,38.88103485107422,100.11944580078125,175.8000030517578,21.280000686645508,24.729320526123047,86.77607727050781,42.05295181274414,88.66641235351562,71.80529022216797,22.799219935999663
2022-05-05,389.6038818359375,60.33150100708008,59.16315460205078,37.44633865356445,97.37631225585938,175.1300048828125,20.780000686645508,24.598798751831055,84.46190643310547,40.80168914794922,87.77714538574219,71.68421936035156,21.005513635061355
2022-05-06,387.2782897949219,59.99132537841797,58.58833312988281,36.93201446533203,95.94143676757812,175.4199981689453,20.65999984741211,24.62490463256836,83.45941162109375,40.2416877746582,87.27642059326172,71.67554473876953,20.698705812986702
2022-05-09,374.8787536621094,59.35727310180664,56.820316314697266,35.867279052734375,96.78549194335938,172.8800048828125,20.030000686645508,23.51112937927246,79.78350830078125,39.060420989990234,87.9239273071289,71.85721588134766,17.39988011236805
2022-05-10,375.74493408203125,59.69748306274414,57.24708557128906,36.03871536254883,97.66329956054688,171.4199981689453,19.549999237060547,23.371906280517578,78.32987976074219,39.45417404174805,88.21745300292969,71.81394958496094,17.816803137270373
2022-05-11,369.77581787109375,59.3418083190918,56.90740966796875,35.78607177734375,99.5455093383789,172.82000732421875,19.8700008392334,23.946195602416992,78.16278076171875,39.244171142578125,88.7613754272461,71.82258605957031,16.618473612439058
2022-05-12,369.3897399902344,59.31865692138672,56.76806640625,35.55146408081055,99.35982513427734,170.1699981689453,19.1200008392334,24.059314727783203,78.77263641357422,39.051673889160156,89.05493927001953,71.92637634277344,16.682449863287363
2022-05-13,378.2210693359375,59.388206481933594,58.3444709777832,36.534996032714844,97.89117431640625,168.7899932861328,19.420000076293945,24.38996696472168,80.85285949707031,40.11043167114258,88.58872985839844,71.90043640136719,16.817614906282373
2022-05-16,376.6864013671875,59.30316162109375,58.396724700927734,36.390625,97.78990173339844,170.39999389648438,19.93000030517578,24.79022979736328,80.34325408935547,40.232933044433594,88.95995330810547,71.94368743896484,17.15060885224681
2022-05-17,384.4350891113281,59.249061584472656,59.48540496826172,37.28391647338867,96.60823822021484,169.3300018310547,19.920000076293945,24.520488739013672,81.43767547607422,41.20419692993164,88.28654479980469,71.78802490234375,17.47391129637326
2022-05-18,368.9378356933594,58.76194763183594,58.065765380859375,36.390625,98.6677017211914,169.4199981689453,19.729999542236328,23.989702224731445,79.07341003417969,40.005428314208984,88.91677856445312,71.82258605957031,16.494374155744012
2022-05-19,366.6782531738281,59.15627670288086,58.623172760009766,36.968116760253906,98.9040298461914,171.91000366210938,20.270000457763672,24.29425048828125,78.72251892089844,40.346683502197266,89.23624420166016,71.92637634277344,17.40986213492085
2022-05-20,366.8382568359375,59.11761474609375,59.023799896240234,37.12150573730469,100.02658081054688,172.02999877929688,20.06999969482422,24.329055786132812,79.2237777709961,40.53043746948242,89.65064239501953,71.978271484375,16.77031274974213
2022-05-23,373.7018737792969,59.34956741333008,60.02539825439453,37.40122604370117,98.3807144165039,172.8300018310547,20.100000381469727,24.51178741455078,80.14275360107422,41.41419982910156,89.10672760009766,71.94368743896484,16.71183059333855
2022-05-24,370.8491516113281,59.705230712890625,59.92958450317383,36.751548767089844,100.32199096679688,174.1300048828125,20.389999389648438,24.494382858276367,80.81944274902344,41.431697845458984,89.87511444091797,72.10797119140625,17.031535740428613
2022-05-25,374.1255187988281,60.609867095947266,59.94700622558594,36.93201446533203,100.71868133544922,173.0800018310547,20.34000015258789,24.668413162231445,81.50450897216797,41.40544509887695,90.0564193725586,72.15986633300781,16.977995801281768
2022-05-26,381.6011047363281,61.45261764526367,60.608924865722656,37.50950241088867,100.26290893554688,172.75999450683594,20.309999465942383,24.938152313232422,81.6047592163086,41.965450286865234,90.01325225830078,72.17717742919922,16.808495472261217
2022-05-27,390.96905517578125,62.00160217285156,61.34051513671875,37.9426155090332,100.50768280029297,172.85000610351562,20.360000610351562,25.233999252319336,83.79358673095703,42.48170471191406,90.14273834228516,72.19447326660156,16.4411370760296
2022-05-31,388.77532958984375,61.468055725097656,60.9747200012207,38.4749870300293,98.3807144165039,171.13999938964844,19.84000015258789,25.059972763061523,82.76599884033203,42.35920715332031,89.20166778564453,72.08202362060547,18.258680657703902
2022-06-01,385.63067626953125,61.24066162109375,60.33021545410156,38.204288482666016,98.26826477050781,172.22999572753906,20.1299991607666,25.181793212890625,82.08094024658203,41.685447692871094,88.69947814941406,71.94788360595703,17.113946035397912
2022-06-02,392.9744567871094,61.49679183959961,61.584381103515625,38.86298370361328,98.31900024414062,174.35000610351562,20.59000015258789,25.756084442138672,83.20877838134766,42.64796447753906,88.82910919189453,71.96524047851562,17.497820366011755
2022-06-03,386.52508544921875,61.0388298034668,60.7047233581543,38.231361389160156,98.10759735107422,172.5800018310547,20.229999542236328,25.99972152709961,82.09767150878906,42.070457458496094,88.65623474121094,71.93924713134766,17.059564820049854
2022-06-06,387.7020263671875,60.580936431884766,60.948604583740234,38.43889236450195,96.29814147949219,171.82000732421875,20.3700008392334,26.112838745117188,81.83867645263672,42.27170944213867,87.99061584472656,71.84406280517578,18.01652883764813
2022-06-07,391.4209289550781,60.72063446044922,61.131492614746094,38.556190490722656,97.33817291259766,172.94000244140625,20.520000457763672,26.286867141723633,82.96650695800781,42.42921447753906,88.34502410888672,71.8526840209961,17.892940876883422
2022-06-08,387.16534423828125,60.20058822631836,60.277957916259766,38.76373291015625,96.47571563720703,172.77999877929688,20.350000381469727,26.521804809570312,81.05337524414062,41.781700134277344,88.01654815673828,71.8007583618164,17.35244335163561
2022-06-09,377.9574890136719,59.71935272216797,59.012088775634766,37.846458435058594,96.79704284667969,172.22999572753906,19.969999313354492,26.5653133392334,79.13188934326172,40.717559814453125,87.93872833251953,71.74884033203125,17.293658335799595
2022-06-10,366.9983215332031,58.70256042480469,57.58774948120117,37.42786407470703,96.19669342041016,174.5399932861328,20.190000534057617,26.304269790649414,77.37747955322266,39.64084243774414,87.07433319091797,71.44593048095703,16.703155353151637
2022-06-13,353.0641174316406,56.738826751708984,55.68269348144531,36.11747741699219,93.17813110351562,169.92999267578125,19.5,26.0084228515625,73.50944519042969,38.312896728515625,85.52700805664062,71.0824203491211,12.914759623401846
2022-06-14,352.00018310546875,57.11136245727539,55.15747833251953,36.617977142333984,92.00282287597656,168.57000732421875,19.3700008392334,25.721277236938477,72.94970703125,37.80146408081055,84.84407806396484,70.94392395019531,12.753610362805345
2022-06-15,357.0184326171875,58.221336364746094,56.19011688232422,37.10026931762695,93.71927642822266,170.77000427246094,19.959999084472656,25.73868179321289,74.67903900146484,38.69872283935547,86.02838134765625,71.22088623046875,12.963835190174251
2022-06-16,345.2025451660156,57.29766082763672,54.952720642089844,35.96278381347656,94.46334075927734,172.69000244140625,20.239999771118164,25.851797103881836,72.71578979492188,37.78351974487305,86.5902328491211,71.31612396240234,11.705410502036232
2022-06-17,345.9466552734375,57.47620391845703,54.73017120361328,36.099281311035156,94.76776123046875,171.27000427246094,19.979999542236328,24.929454803466797,73.26715850830078,37.71173095703125,86.61618041992188,71.29875183105469,11.757002045501066
2022-06-21,354.6554260253906,57.43737030029297,55.558067321777344,36.68167495727539,93.16121673583984,170.6300048828125,19.979999542236328,24.86854362487793,74.286376953125,38.41160202026367,86.16668701171875,71.27284240722656,11.894328607482397
2022-06-22,354.01239013671875,57.42185974121094,55.18417739868164,36.02648162841797,95.72319030761719,171.30999755859375,19.760000228881836,24.424772262573242,75.23043060302734,38.16036605834961,87.255859375,71.48051452636719,11.47877518023565
2022-06-23,357.482666015625,57.83320999145508,55.121864318847656,36.13568115234375,96.50955200195312,170.25999450683594,19.3700008392334,23.876585006713867,76.65970611572266,37.93605422973633,87.74860382080078,71.54112243652344,12.109855718322153
2022-06-24,368.8484191894531,58.24460983276367,56.76875686645508,36.99106979370117,95.1736068725586,170.08999633789062,19.510000228881836,24.102821350097656,78.29076385498047,39.26399612426758,87.43736267089844,71.5237808227539,12.193578404165347
2022-06-27,367.4394836425781,57.88756561279297,56.528404235839844,37.03657150268555,94.36186981201172,169.89999389648438,19.489999771118164,24.050613403320312,78.17305755615234,39.13837814331055,86.94464111328125,71.44593048095703,11.908617964185414
2022-06-28,359.9317321777344,57.25109100341797,56.145606994628906,36.80906677246094,94.80155944824219,169.6199951171875,19.190000534057617,24.337759017944336,77.2229995727539,38.79742431640625,87.05704498291016,71.4285888671875,11.64739609520053
2022-06-29,359.6385498046875,57.16571807861328,55.93196105957031,36.663475036621094,96.28128814697266,169.49000549316406,19.139999389648438,23.920093536376953,76.7437744140625,38.58208084106445,87.7572021484375,71.5151596069336,11.54596622787419
2022-06-30,356.7167663574219,57.134674072265625,55.62928771972656,36.49057388305664,97.12681579589844,168.4600067138672,18.639999389648438,23.18047523498535,76.60084533691406,38.321876525878906,88.43147277832031,71.65364837646484,11.36259045004162
2022-07-01,360.4895935058594,57.679664611816406,55.76280975341797,36.26307678222656,98.12397003173828,168.32000732421875,18.309999465942383,23.29359245300293,77.97970581054688,38.357765197753906,89.37947845458984,71.86933898925781,11.066613778632194
2022-07-05,361.17041015625,57.62507629394531,54.5699348449707,35.98098373413086,98.89490509033203,164.75,17.729999542236328,21.727344512939453,77.76109313964844,37.3079719543457,89.70844268798828,71.86067199707031,11.595409712771925
2022-07-06,362.39019775390625,57.406761169433594,54.614444732666016,35.76258087158203,97.23438262939453,162.13999938964844,17.690000534057617,21.4053955078125,77.61817169189453,37.3438606262207,88.94656372070312,71.66143035888672,11.801088283549474
2022-07-07,367.8177490234375,58.342369079589844,55.44233703613281,36.481475830078125,96.37871551513672,162.22999572753906,17.75,22.29293441772461,77.8283462524414,37.89118957519531,88.40118408203125,71.60944366455078,12.426709499940902
2022-07-08,367.5152587890625,58.3891487121582,55.5046501159668,36.481475830078125,95.31121826171875,162.3000030517578,17.790000915527344,22.68449592590332,77.4163818359375,37.89118957519531,87.86443328857422,71.52281188964844,12.480424424537599
2022-07-11,363.31683349609375,58.06167984008789,54.60554122924805,35.507789611816406,96.95479583740234,161.42999267578125,17.579999923706055,22.6409912109375,77.24822235107422,37.31694412231445,88.55699920654297,71.54878234863281,11.4693147489276
2022-07-12,360.10186767578125,58.295589447021484,54.596641540527344,35.37128829956055,97.5309066772461,160.8300018310547,17.440000534057617,21.614227294921875,76.94556427001953,37.31694412231445,88.76480102539062,71.58345794677734,11.097940660962191
2022-07-13,358.2106628417969,58.23320770263672,54.5699348449707,35.28939437866211,98.64922332763672,161.60000610351562,17.690000534057617,21.736047744750977,76.57563018798828,37.29003143310547,89.14572143554688,71.50552368164062,11.608021003878921
2022-07-14,357.3408508300781,58.124080657958984,53.80434799194336,34.970890045166016,97.84437561035156,159.3300018310547,17.0,21.53591537475586,75.88622283935547,36.67091751098633,88.6522445678711,71.47949981689453,11.813535806222632
2022-07-15,364.1678466796875,58.8647346496582,54.658958435058594,35.152889251708984,98.3950424194336,159.00999450683594,17.190000534057617,21.814359664916992,77.17255401611328,37.379756927490234,88.95524597167969,71.53146362304688,11.966537026384978
2022-07-18,361.16094970703125,58.295589447021484,54.881507873535156,35.39859390258789,97.36994934082031,159.16000366210938,17.219999313354492,22.223325729370117,76.62608337402344,37.586124420166016,88.6955337524414,71.48817443847656,12.913783743008437
2022-07-19,370.919189453125,59.06745529174805,56.37705612182617,35.98098373413086,96.84466552734375,159.5399932861328,17.290000915527344,22.31033706665039,78.61023712158203,38.84228515625,88.28865814208984,71.41020965576172,13.43281414300448
2022-07-20,373.28314208984375,59.32474136352539,56.003173828125,35.8262825012207,97.09882354736328,158.0399932861328,17.190000534057617,22.29293441772461,78.42527770996094,38.36674118041992,88.20208740234375,71.40155029296875,13.34224459058501
2022-07-21,377.0843200683594,60.026466369628906,56.58180618286133,36.235782623291016,98.77629089355469,160.27000427246094,17.399999618530273,21.91877555847168,79.04743194580078,38.824337005615234,89.20632934570312,71.60077667236328,13.303706288658207
2022-07-22,373.5857238769531,59.948490142822266,56.43937683105469,35.87178039550781,100.43685913085938,160.6699981689453,17.139999389648438,21.657732009887695,79.45940399169922,38.62693786621094,90.2279052734375,71.78271484375,13.045467024232027
2022-07-25,374.0396423339844,59.93288040161133,56.875579833984375,35.99918746948242,99.45410919189453,160.22999572753906,16.979999542236328,22.04929542541504,79.59391784667969,39.0037956237793,89.9075698852539,71.72209930419922,12.268264661905901
2022-07-26,369.6143798828125,59.51188278198242,56.083290100097656,35.71708679199219,99.53033447265625,160.0399932861328,17.15999984741211,22.092803955078125,79.6780014038086,38.46543884277344,89.94220733642578,71.6874008178711,12.198228979005656
2022-07-27,379.2118835449219,60.16679000854492,57.40970993041992,36.38137435913086,98.97116088867188,161.6699981689453,17.600000381469727,22.597484588623047,80.15723419189453,39.317832946777344,90.12401580810547,71.80001068115234,13.169271473405848
2022-07-28,383.9681091308594,60.7827033996582,57.70347595214844,36.53607940673828,99.75907897949219,163.63999938964844,18.43000030517578,22.614883422851562,82.7551498413086,39.54214096069336,91.01573181152344,71.95596313476562,13.69381167166904
2022-07-29,389.5658874511719,60.962059020996094,58.504669189453125,36.36317825317383,99.48796081542969,164.10000610351562,18.700000762939453,22.719303131103516,83.20073699951172,40.143310546875,91.05036163330078,71.94732666015625,13.671267712879715
2022-08-01,388.41229248046875,60.98082733154297,58.58478546142578,36.05377960205078,101.88397216796875,165.02999877929688,18.790000915527344,22.258129119873047,82.52813720703125,40.0894775390625,91.5828628540039,71.94557189941406,13.38960619731014
2022-08-02,385.8498229980469,60.699073791503906,57.650062561035156,35.880882263183594,99.7281723022461,164.0500030517578,18.40999984741211,22.14501190185547,81.46881103515625,39.49728012084961,90.31668090820312,71.69408416748047,13.196590515913263
2022-08-03,391.8919677734375,61.23127746582031,57.98834228515625,36.16298294067383,101.29833221435547,164.4499969482422,18.489999771118164,21.953580856323242,81.72943115234375,39.82926559448242,90.6895523071289,71.72010040283203,13.121005775189813
2022-08-04,391.6272888183594,61.39567565917969,58.28211975097656,36.41777801513672,101.26441192626953,167.1699981689453,18.639999389648438,21.718643188476562,81.60332489013672,40.134334564208984,91.14920043945312,71.81547546386719,12.997212543032006
2022-08-05,390.9653625488281,61.08256149291992,57.872623443603516,36.45417785644531,98.85395050048828,165.2899932861328,18.329999923706055,21.64033317565918,81.830322265625,39.78440475463867,89.83099365234375,71.52062225341797,13.375314597203921
2022-08-08,390.5114440917969,61.13736343383789,58.00614929199219,36.49968338012695,100.44959259033203,166.69000244140625,19.030000686645508,21.9013729095459,82.56177520751953,39.91899490356445,90.36005401611328,71.59002685546875,13.674055141359736
2022-08-09,388.9607238769531,60.683414459228516,57.694576263427734,36.36317825317383,100.05915069580078,167.1999969482422,18.93000030517578,22.0841007232666,83.01578521728516,39.75749206542969,90.09120178222656,71.52062225341797,13.30352793810355
2022-08-10,397.1304626464844,61.59135818481445,58.994285583496094,36.818172454833984,99.40563201904297,166.77999877929688,18.950000762939453,22.388648986816406,84.27693176269531,40.591941833496094,90.14318084716797,71.59002685546875,13.753399825851812
2022-08-11,397.1304626464844,61.23910903930664,58.976478576660156,36.96377182006836,97.08855438232422,166.33999633789062,18.670000076293945,22.823719024658203,84.07514190673828,40.54707336425781,89.54478454589844,71.56399536132812,13.759077879359204
2022-08-12,403.8534240722656,61.787017822265625,59.430484771728516,37.35505676269531,98.0730972290039,167.8699951171875,19.170000076293945,22.701900482177734,85.521240234375,40.771385192871094,89.90037536621094,71.58136749267578,14.014812384108971
2022-08-15,405.51763916015625,61.677433013916016,59.074405670166016,37.18217086791992,97.98818969726562,165.7100067138672,18.68000030517578,22.42345428466797,85.8659439086914,40.43043518066406,90.18657684326172,71.64204406738281,13.862134214007892
2022-08-16,406.3119812011719,61.387821197509766,59.05658721923828,37.173065185546875,98.3956298828125,165.4199981689453,18.56999969482422,22.171113967895508,85.63893127441406,40.4663200378418,90.08251953125,71.58136749267578,13.71644200148169
2022-08-17,403.4279479980469,60.75385665893555,58.58478546142578,37.01837158203125,97.36866760253906,164.35000610351562,18.25,22.258129119873047,85.12606811523438,40.0894775390625,89.47537994384766,71.52062225341797,13.402125508885804
2022-08-18,404.6004943847656,60.847782135009766,58.388938903808594,36.80906677246094,97.51290130615234,163.9199981689453,18.040000915527344,22.597484588623047,84.5627670288086,39.9279670715332,89.64889526367188,71.62467956542969,13.331336042509271
2022-08-19,399.1634521484375,60.22941589355469,57.58774948120117,36.30857849121094,95.94275665283203,162.72000122070312,17.549999237060547,22.58877944946289,83.67156219482422,39.40755844116211,88.87699127197266,71.5726547241211,11.990212782090337
2022-08-22,390.85186767578125,59.54846954345703,56.608516693115234,35.990081787109375,95.62023162841797,161.63999938964844,17.5,22.788915634155273,81.84712982177734,38.5731086730957,88.48674011230469,71.47728729248047,12.289633077416731
2022-08-23,389.9063415527344,59.697174072265625,56.635223388671875,36.18117904663086,95.09397888183594,162.77000427246094,17.6200008392334,23.163070678710938,80.79620361328125,38.54619216918945,88.26992797851562,71.511962890625,12.36382242134777
2022-08-24,391.1544494628906,59.76763916015625,56.70643997192383,36.17207336425781,94.39802551269531,163.25,17.6299991607666,23.40671157836914,81.25860595703125,38.6448860168457,87.97506713867188,71.43389892578125,12.287399769527909
2022-08-25,396.6766357421875,60.33116912841797,57.329593658447266,36.95466995239258,95.71353149414062,163.75,17.729999542236328,23.076059341430664,82.46929168701172,39.01275634765625,88.53875732421875,71.47728729248047,12.405641700459306
2022-08-26,383.24951171875,59.337135314941406,55.82513427734375,36.40867233276367,96.43499755859375,161.75999450683594,17.360000610351562,23.17177391052246,80.39263916015625,37.86427307128906,88.43468475341797,71.45995330810547,11.635556534795448
2022-08-29,380.71539306640625,59.11015319824219,55.700504302978516,36.18117904663086,95.63716888427734,161.86000061035156,17.290000915527344,23.51112937927246,79.66958618164062,37.87324523925781,87.93168640136719,71.40789031982422,11.657365779035715
2022-08-30,376.53594970703125,58.65617752075195,55.299903869628906,35.753482818603516,95.87483215332031,160.50999450683594,16.959999084472656,22.858524322509766,78.5682144165039,37.648929595947266,87.90565490722656,71.37320709228516,11.369529296149231
2022-08-31,373.67083740234375,58.335262298583984,54.92601776123047,35.880882263183594,94.95820617675781,159.27000427246094,16.579999923706055,22.379947662353516,78.19828033447266,37.29899978637695,87.5414047241211,71.3645248413086,11.51480423567963
2022-09-01,374.8433532714844,58.48942947387695,54.18714141845703,35.598785400390625,93.21967315673828,157.8699951171875,16.3799991607666,21.9013729095459,78.34120178222656,36.73373031616211,86.84552001953125,71.31242370605469,11.559242688030945
2022-09-02,370.89093017578125,58.45011520385742,53.831058502197266,35.27118682861328,93.74699401855469,159.25999450683594,16.56999969482422,22.04929542541504,77.24822235107422,36.52736282348633,87.33206176757812,71.46874237060547,11.46886382488375
2022-09-06,369.49139404296875,58.29279708862305,53.697532653808594,34.85259246826172,91.42501068115234,158.3300018310547,16.540000915527344,21.91877555847168,77.94606018066406,36.63503646850586,86.35899353027344,71.31242370605469,10.818684073626489
2022-09-07,376.1293029785156,59.134437561035156,54.16933822631836,35.16199493408203,92.87094116210938,159.94000244140625,17.0,21.396692276000977,79.4677963256836,37.155433654785156,86.92369842529297,71.41661834716797,11.078649636817559
2022-09-08,378.58782958984375,59.39399719238281,54.20494079589844,34.970890045166016,91.91834259033203,158.97999572753906,17.030000686645508,21.483705520629883,79.6864242553711,37.03879165649414,86.60223388671875,71.3298110961914,11.101340538516697
2022-09-09,384.4692077636719,59.62996292114258,55.58477020263672,35.48958969116211,92.12244415283203,159.82000732421875,17.31999969482422,22.092803955078125,80.55238342285156,38.043724060058594,86.61093139648438,71.26901245117188,12.279435688156418
2022-09-12,388.6014404296875,59.81085205078125,56.3592529296875,36.01738357543945,91.36546325683594,160.6300048828125,18.170000076293945,22.39735221862793,81.33426666259766,38.7705078125,86.40239715576172,71.26034545898438,12.84759998340815
2022-09-13,371.7041015625,58.45011520385742,54.40079879760742,34.90719223022461,91.57810974121094,158.5399932861328,17.829999923706055,22.28423500061035,78.22349548339844,37.44255828857422,85.91588592529297,71.01721954345703,11.656626577680248
2022-09-14,373.12237548828125,58.53663635253906,54.57884216308594,35.0800895690918,91.89280700683594,157.92999267578125,18.0,22.379947662353516,77.3322982788086,37.46050262451172,85.95935821533203,70.95643615722656,11.624685002872564
2022-09-15,368.8862609863281,58.16693878173828,54.09811782836914,34.70699691772461,91.83325958251953,154.97999572753906,17.6299991607666,21.727344512939453,75.90304565429688,37.10160446166992,85.66394805908203,70.87830352783203,11.314626489556419
2022-09-16,366.0720520019531,58.36360168457031,53.76873779296875,34.38850402832031,91.06778717041016,155.83999633789062,17.989999771118164,21.649032592773438,75.91143798828125,36.80551528930664,85.73343658447266,70.91302490234375,11.35561683118436
2022-09-19,368.91094970703125,58.583839416503906,53.955692291259766,34.49769973754883,91.28043365478516,155.9600067138672,17.989999771118164,21.718643188476562,75.8021469116211,36.868324279785156,85.49022674560547,70.83487701416016,11.224412516544662
2022-09-20,364.67633056640625,57.98603057861328,53.03877258300781,34.30659866333008,90.37035369873047,155.07000732421875,17.729999542236328,21.69253921508789,73.96089935302734,36.11461639404297,84.96019744873047,70.80013275146484,10.849192113787304
2022-09-21,358.31500244140625,57.81300354003906,52.34440612792969,33.733306884765625,91.88431549072266,155.7899932861328,18.059999465942383,21.5620174407959,72.7922592163086,35.65701675415039,85.29901885986328,70.73936462402344,10.651980146698772
2022-09-22,355.3052673339844,57.46690368652344,52.19307327270508,33.56951141357422,89.53681182861328,155.6999969482422,18.09000015258789,21.622928619384766,71.86742401123047,35.432701110839844,84.01323699951172,70.60912322998047,11.149420034266864
2022-09-23,349.35211181640625,56.73537063598633,50.528377532958984,32.741416931152344,89.90252685546875,153.00999450683594,17.360000610351562,20.892011642456055,70.91220092773438,34.095794677734375,84.11746215820312,70.52229309082031,11.08285040931562
2022-09-26,345.8961486816406,56.066795349121094,49.78059387207031,32.341026306152344,88.18445587158203,151.22999572753906,16.920000076293945,20.404735565185547,68.92353057861328,33.58435821533203,82.71869659423828,70.36602020263672,11.039796136740703
2022-09-27,345.01312255859375,55.948829650878906,49.442317962646484,32.304622650146484,85.86246490478516,151.5399932861328,16.899999618530273,20.622270584106445,68.00566101074219,33.44976806640625,82.15398406982422,70.36602020263672,10.975401491194996
2022-09-28,351.8017578125,56.947757720947266,50.63520050048828,32.58672332763672,88.73731231689453,154.69000244140625,17.450000762939453,21.19655990600586,69.41642761230469,34.32908248901367,84.00450134277344,70.6698989868164,11.156983668166577
2022-09-29,344.4529724121094,56.412899017333984,50.03875732421875,31.858728408813477,88.27800750732422,154.66000366210938,17.3700008392334,21.0660400390625,67.37677001953125,33.925315856933594,83.61357116699219,70.57439422607422,11.241022673861426
2022-09-30,339.12646484375,56.153316497802734,49.86071014404297,31.740436553955078,87.1382827758789,154.6699981689453,17.5,20.80499839782715,68.13314819335938,33.88044738769531,83.3963623046875,70.51362609863281,11.159894483822777
2022-10-03,348.0799255371094,56.889251708984375,50.84885787963867,32.25912857055664,88.5228500366211,158.42999267578125,19.100000381469727,21.274873733520508,69.34844207763672,34.63414764404297,84.38612365722656,70.66837310791016,11.270042215996895
2022-10-04,358.86566162109375,58.11445236206055,52.88743591308594,33.3147087097168,88.2756118774414,160.6999969482422,19.360000610351562,21.849163055419922,70.75071716308594,36.21331787109375,84.56022644042969,70.69444274902344,11.679677545593504
2022-10-05,358.0301818847656,57.88522720336914,52.32660675048828,33.332908630371094,87.43156433105469,159.80999755859375,18.989999771118164,22.240726470947266,69.36544799804688,35.710853576660156,83.75936889648438,70.62487030029297,11.578525860264365
2022-10-06,354.3368225097656,57.71132278442383,51.40968322753906,33.13270950317383,86.94558715820312,159.6300048828125,19.040000915527344,22.379947662353516,67.43626403808594,34.9212646484375,83.2979736328125,70.53797149658203,11.460635021934277
2022-10-07,344.4529724121094,57.007808685302734,50.5906982421875,32.44112777709961,86.1015396118164,157.8800048828125,18.5,22.614883422851562,65.81304168701172,34.29318618774414,82.88887023925781,70.45098876953125,11.225975046875716
2022-10-10,341.8229675292969,56.312217712402344,50.30583190917969,31.986127853393555,84.76301574707031,155.47999572753906,18.09000015258789,22.362545013427734,65.19263458251953,34.13167953491211,82.40140533447266,70.42495727539062,10.99316924456463
2022-10-11,339.65826416015625,56.486114501953125,49.7538948059082,31.476531982421875,85.13814544677734,155.16000366210938,17.68000030517578,22.04059410095215,65.85551452636719,33.71894454956055,82.61028289794922,70.45973205566406,10.941443096907602
2022-10-12,338.537841796875,56.58096694946289,49.593650817871094,31.51293182373047,85.55590057373047,155.99000549316406,17.59000015258789,22.04059410095215,65.1671371459961,33.68305587768555,82.88015747070312,70.5292739868164,11.002335790053056
2022-10-13,347.4721374511719,56.70742416381836,50.61739730834961,31.60393524169922,84.7374038696289,154.91000366210938,17.389999389648438,22.345142364501953,66.35693359375,34.60723114013672,82.53194427490234,70.32061004638672,11.13181941443587
2022-10-14,339.5538024902344,56.525634765625,49.86071014404297,31.130735397338867,84.03831481933594,152.97999572753906,16.809999465942383,21.9013729095459,64.70822143554688,34.086822509765625,82.07058715820312,70.28582000732422,11.01853764798683
2022-10-17,348.2792663574219,57.22123336791992,51.08920669555664,31.986127853393555,83.62908172607422,153.4199981689453,17.1200008392334,21.849163055419922,67.1473159790039,35.16353225708008,82.15765380859375,70.36408233642578,11.228219571780555
2022-10-18,352.3714294433594,57.624385833740234,51.454193115234375,31.995222091674805,83.8251724243164,153.75,17.229999542236328,21.614227294921875,67.87818908691406,35.648048400878906,82.36656951904297,70.39883422851562,11.103972050474093
2022-10-19,349.8743591308594,57.07105255126953,50.822139739990234,31.4128360748291,82.299072265625,151.69000244140625,17.010000228881836,21.605525970458984,66.18698120117188,35.05585861206055,81.50475311279297,70.26842498779297,10.992049786366215
2022-10-20,346.9405212402344,56.75486755371094,50.70641326904297,31.613037109375,80.8923110961914,151.4499969482422,17.170000076293945,21.622928619384766,65.89802551269531,34.96612548828125,80.89539337158203,70.19019317626953,10.942776800111925
2022-10-21,355.3717041015625,57.30027770996094,51.62333679199219,32.0953254699707,79.43441772460938,154.14999389648438,17.760000228881836,21.649032592773438,66.41643524169922,35.56729507446289,81.0782470703125,70.37276458740234,11.010963918772704
2022-10-24,359.72021484375,57.33979797363281,51.63223648071289,30.875940322875977,78.77790069580078,153.64999389648438,17.68000030517578,21.709941864013672,66.4079360961914,35.8633918762207,80.9737319946289,70.3553695678711,11.110379210022538
2022-10-25,365.4643859863281,57.893123626708984,52.77170944213867,31.130735397338867,81.07133483886719,154.0,17.860000610351562,21.831764221191406,69.01700592041016,36.679893493652344,81.9835433959961,70.42495727539062,11.541276393477824
2022-10-26,362.7109680175781,58.05122375488281,53.27022933959961,31.640335083007812,82.2394027709961,154.97999572753906,17.979999542236328,22.240726470947266,68.97449493408203,37.03879165649414,82.40140533447266,70.48576354980469,11.928697544555984
2022-10-27,360.7740478515625,58.47807312011719,52.77170944213867,31.394636154174805,83.1004867553711,154.74000549316406,17.979999542236328,22.27553367614746,69.07649993896484,36.742698669433594,82.98462677001953,70.63360595703125,11.650383186565639
2022-10-28,369.357177734375,58.92862319946289,53.29692840576172,31.203540802001953,82.52928161621094,153.16000366210938,17.739999771118164,22.014490127563477,70.59773254394531,37.11955261230469,82.55807495117188,70.5292739868164,11.828141482777305
2022-10-31,366.6892395019531,58.0433235168457,52.79841995239258,31.11254119873047,81.94096374511719,151.91000366210938,17.6200008392334,21.857866287231445,70.52127075195312,36.68886947631836,82.18376922607422,70.42495727539062,11.770952648320394
2022-11-01,365.0846252441406,58.39243698120117,53.21681213378906,31.685834884643555,82.70674896240234,153.4600067138672,18.049999237060547,22.188518524169922,70.49574279785156,36.98496627807617,82.16895294189453,70.35611724853516,11.764922380510093
2022-11-02,355.9223937988281,57.86081314086914,52.44233322143555,31.42193031311035,82.34782409667969,152.38999938964844,17.729999542236328,22.388648986816406,68.55807495117188,36.29407501220703,82.02935791015625,70.32128143310547,11.577829283569761
2022-11-03,352.2575378417969,57.448184967041016,51.997222900390625,31.60393524169922,81.90338897705078,151.80999755859375,17.940000534057617,22.371246337890625,68.46458435058594,35.91722106933594,81.67166900634766,70.19065856933594,11.606823026568392
2022-11-04,357.3276062011719,57.844966888427734,54.080318450927734,32.941619873046875,80.52733612060547,156.47000122070312,19.260000228881836,23.128267288208008,69.39942169189453,37.56817626953125,81.49720764160156,70.26904296875,12.14509173073379
2022-11-07,360.7456359863281,57.837005615234375,54.24946212768555,32.95981979370117,79.72393798828125,155.85000610351562,19.149999618530273,22.928136825561523,69.39942169189453,37.7207145690918,81.20931243896484,70.20806884765625,11.83242862629869
2022-11-08,362.6920166015625,57.78145217895508,54.863704681396484,33.196414947509766,80.59571838378906,159.4499969482422,19.700000762939453,22.649690628051758,69.61190032958984,38.142425537109375,81.75016784667969,70.27774047851562,10.648460247072894
2022-11-09,355.21978759765625,57.091129302978516,54.09811782836914,32.62311935424805,80.8606948852539,158.64999389648438,19.360000610351562,22.127609252929688,68.89801788330078,37.622013092041016,82.02935791015625,70.39095306396484,9.120510293844012
2022-11-10,374.7405700683594,58.86854553222656,57.13373947143555,33.80610656738281,83.97169494628906,163.47999572753906,19.969999313354492,22.32773780822754,73.93766784667969,39.68571090698242,83.87006378173828,70.774169921875,10.100280187555596
2022-11-11,378.3675842285156,59.07484436035156,58.27320861816406,34.72520065307617,83.66398620605469,164.55999755859375,19.950000762939453,22.754106521606445,73.9291763305664,40.45734786987305,83.69561004638672,70.75674438476562,9.782985577207413
2022-11-14,375.1488342285156,58.63840866088867,57.65896224975586,34.51589584350586,83.45886993408203,164.9199981689453,20.239999771118164,22.41475486755371,72.12747192382812,39.95487976074219,83.49493408203125,70.6958236694336,9.544018267998636
2022-11-15,378.34844970703125,59.154178619384766,58.04175567626953,35.307586669921875,84.80929565429688,165.5,19.8799991607666,22.675796508789062,72.90936279296875,40.20611572265625,84.11431884765625,70.76546478271484,9.697022853265787
2022-11-16,375.46221923828125,59.02721405029297,57.908226013183594,34.74339294433594,86.66388702392578,165.1199951171875,19.739999771118164,22.42345428466797,72.24646759033203,40.18817138671875,84.73368072509766,70.774169921875,9.573446109517095
2022-11-17,374.31329345703125,58.773319244384766,57.88151550292969,34.80709457397461,85.74939727783203,163.9199981689453,19.290000915527344,22.04929542541504,71.7535400390625,40.17022705078125,84.157958984375,70.68708801269531,9.583828579541674
2022-11-18,376.01287841796875,58.900264739990234,57.99725341796875,34.60689163208008,85.15967559814453,162.7899932861328,19.25,21.89267349243164,72.66288757324219,40.259952545166016,83.86134338378906,70.60867309570312,9.589720878054976
2022-11-21,374.64556884765625,58.87646484375,57.5610466003418,34.170101165771484,85.51866149902344,161.8800048828125,19.200000762939453,21.814359664916992,73.04532623291016,40.02666091918945,83.80896759033203,70.5912857055664,9.066814438174541
2022-11-22,379.6872253417969,59.30493927001953,58.36223220825195,34.25200271606445,86.73229217529297,162.07000732421875,19.43000030517578,22.04059410095215,73.44475555419922,40.627830505371094,84.288818359375,70.64350891113281,9.29796629147404
2022-11-23,382.07989501953125,59.6381950378418,59.0031852722168,34.53409957885742,88.24505615234375,163.0800018310547,19.809999465942383,21.736047744750977,73.50426483154297,41.058509826660156,84.74241638183594,70.70450592041016,9.53971542065483
2022-11-25,381.994384765625,59.519195556640625,59.30585861206055,34.370296478271484,87.94590759277344,163.22000122070312,19.719999313354492,21.54461669921875,73.97167205810547,41.3187141418457,84.71625518798828,70.71322631835938,9.488679119482795
2022-11-28,375.89898681640625,58.892337799072266,58.540279388427734,34.21560287475586,88.19375610351562,161.92999267578125,19.260000228881836,21.41409683227539,71.99150848388672,40.735504150390625,84.75115966796875,70.73065185546875,9.31379013596807
2022-11-29,375.2533264160156,59.14623260498047,58.70941162109375,34.95269012451172,87.15961456298828,162.72999572753906,19.559999465942383,21.69253921508789,73.18131256103516,40.789329528808594,84.39347076416016,70.70450592041016,9.444537918055909
2022-11-30,387.07403564453125,60.03496170043945,59.7509651184082,35.96278381347656,87.80062866210938,164.80999755859375,20.43000030517578,22.17981719970703,74.85552978515625,41.623779296875,85.1524658203125,70.91352844238281,9.860100318915471
2022-12-01,386.7892150878906,60.25724792480469,60.32958984375,35.844482421875,90.60548400878906,167.83999633789062,20.979999542236328,22.06669807434082,74.69405364990234,42.081390380859375,86.08251953125,71.0662612915039,9.744414745934163
2022-12-02,386.34295654296875,60.209449768066406,60.28509521484375,35.98098373413086,91.7448959350586,167.25999450683594,21.290000915527344,21.831764221191406,74.47309875488281,42.072410583496094,86.25730895996094,71.04881286621094,9.81420926299006
2022-12-05,379.3929443359375,59.6357307434082,59.492801666259766,35.57148361206055,90.45984649658203,164.38999938964844,20.440000534057617,21.266172409057617,73.11332702636719,41.69556427001953,85.38322448730469,70.84809875488281,9.748833128542937
2022-12-06,373.9240417480469,59.42057418823242,59.22574234008789,35.52598571777344,91.62496185302734,164.83999633789062,20.440000534057617,20.926816940307617,72.42494201660156,41.39049530029297,85.90768432617188,70.9266128540039,9.81469383808196
2022-12-07,373.2879333496094,59.7473030090332,59.22574234008789,35.31669616699219,93.78388977050781,166.3300018310547,20.920000076293945,20.822402954101562,72.56940460205078,41.36357879638672,86.6594009399414,71.07499694824219,9.676068345645955
2022-12-08,376.2122497558594,59.79512023925781,59.528411865234375,35.744384765625,93.52684020996094,166.47000122070312,21.209999084472656,20.787595748901367,73.0793228149414,41.453304290771484,86.16990661621094,71.00518035888672,9.897377828242053
2022-12-09,373.40185546875,59.79512023925781,59.56402587890625,35.507789611816406,91.0938491821289,167.05999755859375,21.559999465942383,20.813697814941406,72.94334411621094,41.50713348388672,85.53179931640625,70.97025299072266,9.839761625474926
2022-12-12,378.7853088378906,60.02617263793945,59.74205780029297,35.39859390258789,91.38510131835938,165.67999267578125,21.459999084472656,21.039934158325195,73.50426483154297,41.587890625,85.409423828125,70.9266128540039,9.88185011297085
2022-12-13,381.65264892578125,60.64772415161133,60.58936309814453,35.65172576904297,92.26751708984375,168.50999450683594,21.829999923706055,21.387990951538086,74.86402893066406,42.255653381347656,86.17864990234375,71.13607788085938,10.212010640689597
2022-12-14,379.21246337890625,60.305084228515625,60.53574752807617,35.670204162597656,92.66159057617188,168.10000610351562,21.989999771118164,21.55331802368164,74.35411834716797,42.22861862182617,86.4146728515625,71.14482116699219,10.231727911442844
2022-12-15,369.9363708496094,60.07758331298828,58.989498138427734,34.847965240478516,93.02313995361328,165.35000610351562,21.239999771118164,21.292274475097656,73.35977172851562,41.1021614074707,86.58283996582031,71.15441131591797,9.972836938386124
2022-12-16,365.5688171386719,59.75719451904297,58.47110366821289,34.94959259033203,91.98400115966797,166.7899932861328,21.3700008392334,21.022533416748047,71.4645767211914,40.68762969970703,86.36385345458984,71.22439575195312,9.560837061813302
2022-12-19,362.4689025878906,59.452781677246094,58.32810592651367,34.9773063659668,90.4382095336914,166.32000732421875,21.1200008392334,20.983139038085938,70.55523681640625,40.61553192138672,85.66320037841797,71.13693237304688,9.441492498207516
2022-12-20,362.96490478515625,59.30059814453125,58.560482025146484,34.96806716918945,88.83228302001953,169.0800018310547,22.229999542236328,21.07943344116211,70.37676239013672,40.67861557006836,85.04139709472656,71.13693237304688,9.709480471253361
2022-12-21,368.3921203613281,59.80524826049805,59.16825485229492,35.28218460083008,89.0555648803711,168.8000030517578,22.06999969482422,21.350807189941406,70.98017120361328,41.18327713012695,85.14647674560547,71.20693969726562,9.658499133459806
2022-12-22,363.1365966796875,59.436767578125,58.685611724853516,34.96806716918945,89.03838348388672,166.75999450683594,21.690000534057617,21.07943344116211,70.68196868896484,40.81378936767578,85.12022399902344,71.1631851196289,9.665854130861618
2022-12-23,365.2254638671875,59.58894348144531,58.89118194580078,34.921871185302734,87.73303985595703,167.25999450683594,21.850000381469727,21.4646053314209,71.31111907958984,41.0030403137207,84.7348861694336,71.12818908691406,9.646678641981952
2022-12-27,363.78521728515625,58.972164154052734,58.980560302734375,35.43924331665039,85.99830627441406,168.6699981689453,22.110000610351562,21.65719223022461,71.28526306152344,41.08414077758789,84.02548217773438,71.0319595336914,9.600860496660648
2022-12-28,359.26409912109375,58.17913818359375,58.354923248291016,34.921871185302734,85.49161529541016,167.91000366210938,21.600000381469727,21.41208267211914,70.07002258300781,40.66059112548828,83.82398986816406,71.0319595336914,9.506327972482659
2022-12-29,365.7309265136719,58.932106018066406,59.27550506591797,35.503910064697266,86.46205139160156,168.85000610351562,21.969999313354492,21.385820388793945,71.60416412353516,41.28239822387695,84.23564147949219,71.08443450927734,9.557883621496241
2022-12-30,364.7676696777344,58.98016357421875,58.6677360534668,35.01426315307617,85.50020599365234,169.63999938964844,22.020000457763672,21.578407287597656,71.08704376220703,40.81378936767578,83.88532257080078,70.99701690673828,9.535051385395299
2023-01-03,363.2319641113281,59.09232711791992,59.186126708984375,35.30990219116211,87.13188171386719,171.05999755859375,22.049999237060547,21.06192398071289,71.1559829711914,41.417572021484375,84.54218292236328,71.0582275390625,9.579429265860126
2023-01-04,366.0362548828125,59.77320861816406,59.97265625,36.37232971191406,88.32560729980469,172.6699981689453,21.889999389648438,20.68550682067871,72.76768493652344,42.210594177246094,85.19029235839844,71.12818908691406,9.684746950937676
2023-01-05,361.8584899902344,59.65302658081055,59.373817443847656,36.261470794677734,88.69486999511719,170.52000427246094,21.389999389648438,20.580461502075195,70.81123352050781,41.87717056274414,85.0676498413086,71.0319595336914,9.669526581905316
2023-01-06,370.1567077636719,60.502132415771484,60.89324188232422,37.01903533935547,90.32656860351562,173.7100067138672,21.920000076293945,20.69426155090332,72.71597290039062,42.95856475830078,86.16244506835938,71.30313110351562,9.735705854699198
2023-01-09,369.94683837890625,60.718414306640625,61.152442932128906,37.29619598388672,90.8074722290039,174.10000610351562,21.739999771118164,20.939369201660156,72.74182891845703,43.27397918701172,86.38138580322266,71.37308502197266,9.876174302866662
2023-01-10,372.54119873046875,60.646324157714844,61.331199645996094,37.56411361694336,89.30462646484375,174.74000549316406,21.729999542236328,20.939369201660156,72.90557098388672,43.42717361450195,85.83838653564453,71.3118896484375,10.019601799859196
2023-01-11,377.2530822753906,61.04684829711914,61.795963287353516,37.72117233276367,90.75596618652344,174.6199951171875,21.549999237060547,21.3157901763916,75.51705932617188,43.75159454345703,86.39015197753906,71.37308502197266,10.300212281028053
2023-01-12,378.62652587890625,61.39128494262695,62.707618713378906,37.90594482421875,92.54222106933594,176.63999938964844,21.8799991607666,21.49086570739746,76.47372436523438,44.148109436035156,87.16087341308594,71.53055572509766,10.837016042901737
2023-01-13,380.0954284667969,61.39128494262695,63.03831481933594,38.15538024902344,91.67483520507812,178.75999450683594,22.329999923706055,21.700963973999023,75.99970245361328,44.418453216552734,86.6966552734375,71.40808868408203,11.43429185982027
2023-01-17,379.399169921875,61.18302536010742,63.234954833984375,37.942901611328125,91.08229064941406,177.58999633789062,22.010000228881836,21.849777221679688,76.21517181396484,44.544612884521484,86.4251708984375,71.45181274414062,12.15329809965123
2023-01-18,373.4092102050781,61.2551155090332,63.01150894165039,37.68421936035156,93.28936767578125,177.0800018310547,21.56999969482422,21.613422393798828,75.10335540771484,44.37339782714844,87.5987777709961,71.6092758178711,11.88179920059232
2023-01-19,370.6908264160156,60.894657135009766,62.91318893432617,37.970611572265625,92.70536041259766,179.88999938964844,21.959999084472656,21.832271575927734,74.68965911865234,44.18415069580078,87.43238067626953,71.5917739868164,12.110381796373312
2023-01-20,377.59649658203125,61.014801025390625,63.46733474731445,38.552642822265625,91.20252227783203,179.2899932861328,22.020000457763672,21.963581085205078,75.57738494873047,44.55363082885742,86.8543472290039,71.53055572509766,13.023398666921787
2023-01-23,382.1270446777344,61.006797790527344,63.72653579711914,38.82979965209961,90.77313232421875,179.6300048828125,21.579999923706055,22.016101837158203,75.92213439941406,44.733863830566406,86.5740737915039,71.4605712890625,13.171501416189866
2023-01-24,381.7169189453125,61.04684829711914,63.646095275878906,38.85751724243164,92.07847595214844,180.27999877929688,21.760000228881836,21.8935489654541,76.11174011230469,44.66177749633789,87.0732650756836,71.48678588867188,13.000377984951774
2023-01-25,381.86004638671875,61.03884506225586,64.066162109375,38.89447021484375,92.3017807006836,181.11000061035156,21.969999313354492,21.832271575927734,76.14622497558594,44.787933349609375,87.16964721679688,71.53055572509766,13.276846022105854
2023-01-26,386.05682373046875,61.191017150878906,64.11978149414062,39.26401901245117,91.87237548828125,179.47000122070312,21.989999771118164,21.928564071655273,76.99947357177734,44.85101318359375,86.8543472290039,71.48678588867188,13.227982456936155
2023-01-27,386.94384765625,61.006797790527344,63.99467086791992,39.079246520996094,91.6404800415039,179.22000122070312,21.68000030517578,21.683454513549805,77.86133575439453,44.65275955200195,86.72293090820312,71.48678588867188,13.25437273051743
2023-01-30,382.0889587402344,60.67038345336914,63.58352279663086,38.29396438598633,91.30557250976562,178.75999450683594,21.65999984741211,21.403329849243164,76.87019348144531,44.4635124206543,86.45145416259766,71.4168472290039,13.117347906266934
2023-01-31,387.70697021484375,61.14297103881836,63.949981689453125,38.210811614990234,92.0355453491211,179.41000366210938,21.829999923706055,21.770994186401367,78.48188781738281,44.69781494140625,86.88935852050781,71.54804992675781,13.289149966974005
2023-02-01,391.8273010253906,61.78526306152344,64.52201080322266,38.681983947753906,93.14189147949219,181.6699981689453,22.079999923706055,21.35955810546875,78.96453857421875,45.16642379760742,87.51426696777344,71.67247009277344,13.62482702316951
2023-02-02,397.5312194824219,62.13945770263672,64.43262481689453,38.45101547241211,93.26245880126953,177.89999389648438,21.56999969482422,21.201988220214844,80.7572250366211,45.247528076171875,87.47917938232422,71.68124389648438,13.480158924205588
2023-02-03,393.3057556152344,61.48746109008789,63.83378601074219,37.76736068725586,91.86764526367188,173.4600067138672,20.56999969482422,20.668001174926758,79.24034118652344,44.86904525756836,86.54007720947266,71.41832733154297,13.467208879214905
2023-02-06,390.90216064453125,61.09305953979492,63.18132019042969,37.213050842285156,91.18745422363281,173.82000732421875,20.479999542236328,20.729278564453125,78.66287231445312,44.32834243774414,85.79405212402344,71.21680450439453,13.071386183140623
2023-02-07,396.01458740234375,61.31039047241211,63.71759033203125,37.360862731933594,90.45562744140625,173.97999572753906,20.3799991607666,21.12320327758789,78.49049377441406,44.670780181884766,85.58338165283203,71.25183868408203,13.360943356283988
2023-02-08,391.684326171875,61.05282211303711,63.3243408203125,37.31467056274414,90.8861312866211,174.41000366210938,20.479999542236328,21.16697120666504,78.11990356445312,44.490543365478516,85.89933013916016,71.27812194824219,13.174353903362782
2023-02-09,388.2887878417969,60.65841293334961,63.440521240234375,37.49020767211914,90.02511596679688,173.02999877929688,20.18000030517578,21.000646591186523,77.26666259765625,44.56264114379883,85.51314544677734,71.22555541992188,12.53091894383605
2023-02-10,389.1948547363281,60.19157028198242,63.1634521484375,37.12989807128906,89.01778411865234,173.36000061035156,20.239999771118164,21.298280715942383,77.53382873535156,44.292293548583984,85.10062408447266,71.19052124023438,12.434517664789766
2023-02-13,393.7635498046875,60.344486236572266,63.79802703857422,37.43477249145508,89.76683044433594,172.47999572753906,20.200000762939453,21.254512786865234,78.22331237792969,44.83298873901367,85.302490234375,71.20802307128906,12.524637414866989
2023-02-14,393.5823974609375,60.360591888427734,63.91423034667969,37.3701057434082,89.56018829345703,172.61000061035156,20.1200008392334,21.324542999267578,77.602783203125,45.04025650024414,84.91635131835938,71.0590591430664,12.761657450095354
2023-02-15,394.8605041503906,60.26400375366211,63.62821960449219,37.055992126464844,88.72502899169922,170.88999938964844,19.889999389648438,21.096940994262695,77.91305541992188,44.99520492553711,84.66179656982422,71.06782531738281,13.960266278625474
2023-02-16,389.4237365722656,59.781044006347656,63.31538772583008,37.06523132324219,87.46795654296875,170.75,19.84000015258789,21.035663604736328,77.15460968017578,44.688804626464844,84.38093566894531,71.07656860351562,13.567226524224807
2023-02-17,388.4508056640625,60.014488220214844,63.47626495361328,36.65873336791992,88.14818572998047,171.25999450683594,20.010000228881836,20.878093719482422,76.85295867919922,44.96816635131836,84.61791229248047,71.13793182373047,14.108300604095852
2023-02-21,380.65826416015625,59.08881759643555,62.77912521362305,36.196800231933594,86.43480682373047,170.6199951171875,20.06999969482422,20.904354095458984,75.31021118164062,44.4635124206543,83.69634246826172,70.99771118164062,14.034072000608758
2023-02-22,380.1336669921875,59.475189208984375,62.430545806884766,36.02127456665039,87.22689819335938,169.66000366210938,19.75,20.632984161376953,74.62932586669922,44.19316101074219,83.84552764892578,71.03279113769531,13.891924365143671
2023-02-23,382.1556701660156,60.062782287597656,62.75231170654297,36.196800231933594,88.07926177978516,169.57000732421875,19.6299991607666,20.79055404663086,75.18953704833984,44.42746353149414,84.17029571533203,71.07656860351562,13.753313454828488
2023-02-24,378.0733337402344,59.7005615234375,61.70659255981445,35.38380813598633,86.9341812133789,168.35000610351562,19.09000015258789,20.720523834228516,73.8708724975586,43.643455505371094,83.66122436523438,70.92761993408203,13.322944592827564
2023-02-27,379.3610534667969,60.10302734375,62.439491271972656,35.568580627441406,87.17527770996094,169.00999450683594,18.93000030517578,20.73802947998047,73.98294067382812,44.22019958496094,83.91572570800781,70.98895263671875,13.509448796427046
2023-02-28,377.95892333984375,59.990325927734375,61.9836540222168,35.31913757324219,87.57130432128906,169.77999877929688,19.219999313354492,20.79930877685547,73.87950134277344,43.805660247802734,84.04739379882812,70.97144317626953,13.293784837991893
2023-03-01,376.5090637207031,59.82027053833008,62.31435775756836,36.076698303222656,86.6305160522461,170.75999450683594,19.290000915527344,21.158218383789062,72.94869232177734,44.112060546875,83.37548828125,70.84148406982422,13.580479428647928
2023-03-02,379.4372863769531,59.89313507080078,62.439491271972656,36.20603942871094,85.86233520507812,170.66000366210938,19.239999771118164,21.07943344116211,73.80194091796875,44.18415069580078,83.03246307373047,70.8678207397461,13.482223976854167
2023-03-03,385.5226745605469,60.508628845214844,63.35114669799805,36.529388427734375,87.94242858886719,172.49000549316406,19.549999237060547,21.41208267211914,74.92237091064453,44.733863830566406,83.70089721679688,70.9117431640625,12.843137854436913
2023-03-06,385.7896423339844,60.508628845214844,63.19025802612305,36.40005111694336,87.26058197021484,171.6199951171875,19.31999969482422,21.307035446166992,74.62932586669922,44.670780181884766,83.55135345458984,70.87659454345703,12.881661574242893
2023-03-07,379.87603759765625,60.07941818237305,62.13560485839844,35.79030227661133,87.79572296142578,168.6199951171875,18.450000762939453,20.869338989257812,72.88835144042969,43.67950439453125,83.5601577758789,70.72732543945312,12.761062948246497
2023-03-08,380.4959716796875,59.79596710205078,62.475242614746094,35.93812561035156,87.88202667236328,168.5399932861328,18.399999618530273,20.755537033081055,73.724365234375,43.841712951660156,83.53379821777344,70.69222259521484,12.472937066346796
2023-03-09,373.4759521484375,59.463958740234375,62.01941680908203,35.14360427856445,88.0978012084961,170.1999969482422,18.440000534057617,20.501676559448242,72.03511047363281,43.47222900390625,84.05268096923828,70.92050170898438,11.694711712159997
2023-03-10,368.0868835449219,59.47205352783203,61.358009338378906,34.958831787109375,91.13595581054688,173.8699951171875,18.860000610351562,20.720523834228516,69.64772033691406,43.129791259765625,85.60057067871094,71.3068618774414,11.593760811417546
2023-03-13,367.5622863769531,59.14813232421875,60.93794250488281,35.01426315307617,91.34310913085938,177.86000061035156,20.0,20.589214324951172,70.56129455566406,42.832401275634766,86.63836669921875,72.01807403564453,13.896914815569271
2023-03-14,373.6380920410156,59.57731628417969,61.75126647949219,35.032737731933594,89.84127044677734,176.8300018310547,19.889999389648438,20.326595306396484,71.24217987060547,43.6074104309082,85.8204574584961,71.74588775634766,14.211948075488593
2023-03-15,371.3012390136719,59.38296127319336,59.83858108520508,34.432228088378906,91.57611846923828,178.2100067138672,20.0,19.853885650634766,71.19047546386719,41.99431610107422,87.06050872802734,72.16735076904297,13.999387865385117
2023-03-16,377.8157653808594,59.771663665771484,60.76811599731445,34.958831787109375,90.85975646972656,178.57000732421875,19.920000076293945,19.915163040161133,71.03533172607422,42.670196533203125,86.27776336669922,71.87757110595703,14.388097851603536
2023-03-17,373.3980712890625,59.41535186767578,60.044158935546875,34.74634552001953,92.22348022460938,183.77000427246094,20.6299991607666,19.853885650634766,69.42362213134766,42.01234436035156,87.29801177978516,72.2375717163086,15.749870516806663
2023-03-20,376.98858642578125,59.2534065246582,60.98262405395508,34.87568283081055,91.41217041015625,183.83999633789062,20.690000534057617,19.93267059326172,70.21654510498047,42.82339859008789,86.94621276855469,72.14974975585938,15.947035372427926
2023-03-21,381.9386291503906,59.90127182006836,61.903221130371094,35.18980026245117,90.62667846679688,180.3699951171875,20.540000915527344,20.002700805664062,69.9062728881836,43.62542724609375,86.18983459472656,71.87757110595703,16.181687495575275
2023-03-22,375.4279479980469,59.95793533325195,61.68871307373047,35.32837677001953,91.83506774902344,183.44000244140625,21.100000381469727,20.055225372314453,67.29480743408203,43.436187744140625,87.32440948486328,72.21125030517578,15.682967746479738
2023-03-23,376.4428405761719,59.72309494018555,61.69765853881836,35.81801986694336,91.83506774902344,185.74000549316406,21.280000686645508,20.002700805664062,66.87249755859375,43.41816329956055,87.82569122314453,72.42196655273438,16.272518404467924
2023-03-24,378.91302490234375,59.60161209106445,61.50995635986328,35.72563171386719,92.22348022460938,183.64999389648438,21.219999313354492,20.0989933013916,68.58740234375,43.12078094482422,87.85208892822266,72.45708465576172,15.78970214068013
2023-03-27,379.6216125488281,59.45587158203125,62.090919494628906,35.53162384033203,90.05705261230469,181.9499969482422,21.219999313354492,20.475414276123047,68.50904083251953,43.67048645019531,86.77030181884766,72.14974975585938,15.586742574584907
2023-03-28,378.76947021484375,59.4234733581543,62.11772918701172,36.03974533081055,90.22105407714844,183.44000244140625,21.43000030517578,20.571706771850586,68.34365844726562,43.643455505371094,86.71755981445312,72.07074737548828,15.660393501747167
2023-03-29,384.2748107910156,60.168495178222656,62.86849594116211,36.14136505126953,90.03981018066406,182.52999877929688,21.440000534057617,20.440399169921875,69.85833740234375,44.3103141784668,86.56803131103516,72.04442596435547,16.280827969932712
2023-03-30,386.5248718261719,60.524803161621094,63.601409912109375,36.501670837402344,90.4541015625,184.17999267578125,21.940000534057617,20.589214324951172,70.77236938476562,44.977176666259766,86.699951171875,72.0531997680664,16.099989481123004
2023-03-31,391.9728088378906,61.18073654174805,63.92315673828125,36.455482482910156,91.80918884277344,183.22000122070312,22.1200008392334,20.781801223754883,72.28707122802734,45.0763053894043,87.17487335205078,72.14100646972656,16.355513105971667
2023-04-03,393.46636962890625,61.13357925415039,64.43262481689453,36.529388427734375,92.24098205566406,184.5399932861328,22.059999465942383,21.12320327758789,71.7125244140625,45.436767578125,87.58550262451172,72.2289810180664,15.960235556875771
2023-04-04,391.2834167480469,60.954593658447266,64.44155883789062,36.529388427734375,92.69956970214844,187.97999572753906,22.969999313354492,21.096940994262695,71.61677551269531,45.47282028198242,88.14950561523438,72.39619445800781,16.177250044039273
2023-04-05,390.2589111328125,60.612945556640625,63.99467086791992,36.24299240112305,93.6687240600586,187.8300018310547,22.940000534057617,21.17572784423828,71.23375701904297,45.31962203979492,88.51961517333984,72.49297332763672,16.182932584353072
2023-04-06,391.78125,60.881370544433594,64.29855346679688,36.390811920166016,93.91097259521484,186.49000549316406,22.889999389648438,21.114450454711914,71.72124481201172,45.653053283691406,88.54605865478516,72.46659088134766,16.10606461699737
2023-04-10,392.183349609375,60.82442855834961,64.25386810302734,36.42776870727539,92.396728515625,185.11000061035156,22.8799991607666,21.114450454711914,72.05203247070312,45.64404296875,87.67363739013672,72.21139526367188,17.030039390492053
2023-04-11,392.2887268066406,60.954593658447266,64.4683609008789,36.64949417114258,92.58706665039062,186.27999877929688,23.040000915527344,21.22825050354004,72.35670471191406,45.76119613647461,87.63838958740234,72.20260620117188,17.364333388612764
2023-04-12,390.6897888183594,60.938331604003906,64.87950134277344,36.390811920166016,92.49188995361328,187.19000244140625,23.43000030517578,21.394575119018555,72.00850677490234,46.1577033996582,87.89396667480469,72.28180694580078,17.309196146385215
2023-04-13,395.8791809082031,61.35319519042969,65.71073150634766,36.88969802856445,91.76504516601562,189.72000122070312,23.739999771118164,21.394575119018555,71.79087829589844,46.833580017089844,87.60313415527344,72.32579803466797,17.45852491550386
2023-04-14,394.91217041015625,61.23930358886719,65.44258880615234,36.6956901550293,90.92571258544922,186.36000061035156,23.309999465942383,21.420835494995117,70.67662048339844,46.662353515625,87.17134094238281,72.15859985351562,17.508279111745246
2023-04-17,396.3291931152344,61.07661056518555,65.32640075683594,36.85274124145508,89.84410095214844,185.52999877929688,23.020000457763672,21.333297729492188,72.14777374267578,46.500144958496094,86.61617279052734,72.05301666259766,16.91061967287896
2023-04-18,396.5876770019531,61.117279052734375,65.68391418457031,36.80655288696289,90.16424560546875,186.25,23.149999618530273,21.37706756591797,71.98239135742188,46.752479553222656,86.75719451904297,72.03538513183594,17.457655596762606
2023-04-19,396.52069091796875,60.87323760986328,65.47834014892578,36.437007904052734,90.07771301269531,185.36000061035156,23.229999542236328,21.07943344116211,72.40892791748047,46.698402404785156,86.57211303710938,71.97380065917969,16.553188335821666
2023-04-20,394.3568420410156,60.816280364990234,65.47834014892578,36.38157272338867,90.84781646728516,186.08999633789062,23.170000076293945,20.89560317993164,71.69512939453125,46.64432907104492,87.07442474365234,72.1497802734375,16.22198799071822
2023-04-21,394.66326904296875,61.00339889526367,65.80905151367188,36.03974533081055,90.33732604980469,184.25,22.979999542236328,20.851831436157227,71.70381164550781,46.96875,86.86288452148438,72.10582733154297,15.665435550446443
2023-04-24,395.07489013671875,61.17423629760742,65.97885131835938,35.956600189208984,91.21128845214844,184.80999755859375,23.079999923706055,21.018156051635742,71.4339599609375,47.14898681640625,87.28592681884766,72.18498992919922,15.808111507365892
2023-04-25,388.8034973144531,61.07661056518555,65.05827331542969,35.28218460083008,92.5524673461914,185.75,22.989999771118164,20.720523834228516,70.72884368896484,46.45508575439453,88.14950561523438,72.46659088134766,16.25737094603967
2023-04-26,387.1567687988281,60.8406982421875,65.01356506347656,35.48543167114258,91.5660400390625,184.74000549316406,22.829999923706055,20.40538215637207,70.04985809326172,46.42805480957031,87.80585479736328,72.37858581542969,16.323476186527845
2023-04-27,394.8642883300781,61.04405975341797,65.82691955566406,35.96583938598633,90.65747833251953,184.75,22.889999389648438,20.431644439697266,71.6341781616211,46.93271255493164,87.23302459716797,72.23779296875,16.927126633648374
2023-04-28,398.2344970703125,61.30439758300781,65.80009460449219,36.15060806274414,92.11983489990234,184.8000030517578,23.0,20.624229431152344,72.51338958740234,46.99578857421875,87.8851547241211,72.31700897216797,16.850441503653734
2023-05-01,397.8323669433594,61.0233268737793,65.70178985595703,36.03050994873047,89.46358489990234,183.97000122070312,22.889999389648438,20.44915199279785,71.97368621826172,46.93271255493164,86.85075378417969,72.15911102294922,16.13330289698947
2023-05-02,393.3610534667969,60.96615219116211,65.04037475585938,35.679443359375,91.69304656982422,187.52000427246094,23.350000381469727,19.985193252563477,70.75496673583984,46.41904067993164,87.98141479492188,72.39723205566406,16.471554258360687
2023-05-03,390.6610412597656,60.933475494384766,65.210205078125,35.62401580810547,92.204833984375,189.11000061035156,23.43000030517578,19.73133087158203,70.47640991210938,46.572242736816406,88.55561828613281,72.57365417480469,16.65864847700262
2023-05-04,387.8940124511719,60.75369644165039,65.07614135742188,35.91040802001953,91.29397583007812,190.44000244140625,23.940000534057617,19.810115814208984,71.05964660644531,46.38299560546875,88.53791809082031,72.68833923339844,16.56756406354801
2023-05-05,395.07489013671875,61.08049774169922,66.03248596191406,36.390811920166016,90.9903793334961,187.4600067138672,23.56999969482422,20.25656509399414,72.24352264404297,47.03183364868164,88.06092834472656,72.51189422607422,16.961928547540186
2023-05-08,395.18023681640625,60.90895080566406,66.05036926269531,36.4092903137207,89.71515655517578,187.69000244140625,23.489999771118164,20.35285758972168,71.82569122314453,47.058868408203125,87.52208709716797,72.39723205566406,15.90513196569627
2023-05-09,393.4472961425781,60.75369644165039,65.7822265625,36.18756103515625,89.39418029785156,189.02000427246094,23.479999542236328,20.414134979248047,71.52100372314453,46.68939208984375,87.41606903076172,72.37962341308594,15.884745039086857
2023-05-10,395.2855224609375,61.121368408203125,65.64815521240234,36.16908645629883,90.26165771484375,188.75,23.309999465942383,20.35285758972168,72.2087173461914,46.626312255859375,88.06974792480469,72.55603790283203,15.863484306929783
2023-05-11,394.5962829589844,61.0233268737793,65.48728942871094,36.03974533081055,91.21591186523438,187.1300048828125,22.200000762939453,20.002700805664062,71.41654205322266,46.44607925415039,88.39657592773438,72.60011291503906,15.50685610821925
2023-05-12,394.0792236328125,60.802730560302734,65.37108612060547,35.61477279663086,90.4525146484375,186.80999755859375,22.020000457763672,19.84513282775879,71.40785217285156,46.32892608642578,87.8665771484375,72.47663116455078,15.39440664435861
2023-05-15,395.43878173828125,60.78639221191406,65.8716049194336,36.27070617675781,89.51566314697266,187.2100067138672,22.100000381469727,20.072734832763672,71.28598022460938,46.59927749633789,87.67223358154297,72.4854736328125,15.617068899086261
2023-05-16,392.7962646484375,60.361541748046875,65.24596405029297,36.01203155517578,89.24673461914062,184.8699951171875,21.809999465942383,19.853885650634766,69.50142669677734,46.166717529296875,87.38957977294922,72.39723205566406,15.527451671326563
2023-05-17,397.5643005371094,60.52497100830078,65.54984283447266,36.17832565307617,88.98648071289062,184.22999572753906,21.81999969482422,20.090242385864258,70.44158172607422,46.33793640136719,87.10691833496094,72.31786346435547,15.735439825701842
2023-05-18,401.39410400390625,60.55763244628906,65.45152282714844,35.984317779541016,88.32718658447266,181.83999633789062,21.559999465942383,19.906410217285156,70.10208892822266,46.3018913269043,86.56804656982422,72.1855697631836,15.410038677878763
2023-05-19,400.8100280761719,60.62299728393555,65.83585357666016,36.01203155517578,87.70259857177734,183.63999938964844,21.860000610351562,19.880146026611328,69.98892211914062,46.626312255859375,86.24124145507812,72.13263702392578,15.443302738874756
2023-05-22,400.9728088378906,60.892608642578125,65.85372924804688,36.30766296386719,87.39031982421875,183.2100067138672,21.670000076293945,19.897653579711914,70.41546630859375,46.56322479248047,86.08221435546875,72.10619354248047,15.420989850615364
2023-05-23,396.4728088378906,60.57398223876953,64.88844299316406,35.74410629272461,87.64187622070312,183.42999267578125,21.510000228881836,19.9764404296875,69.75386810302734,45.860321044921875,86.22357940673828,72.09738159179688,15.636040238274433
2023-05-24,393.6004638671875,60.14911651611328,63.9410400390625,35.4761962890625,87.2081298828125,181.9499969482422,21.15999984741211,19.985193252563477,68.2566146850586,45.14839553833008,86.0027084350586,72.00914001464844,15.124381661204225
2023-05-25,397.0090026855469,60.108272552490234,63.85166931152344,35.40228271484375,86.99126434326172,180.1999969482422,20.860000610351562,19.67005157470703,68.2479019165039,45.06729507446289,85.46388244628906,71.85040283203125,15.20558276184698
2023-05-26,402.1504821777344,60.47592544555664,64.47731018066406,36.03050994873047,87.69390106201172,180.9199981689453,21.3799991607666,19.985193252563477,69.03135681152344,45.54491424560547,85.62287902832031,71.832763671875,15.3451886214828
2023-05-30,402.3037109375,60.737369537353516,63.824851989746094,35.61477279663086,88.57007598876953,182.0399932861328,21.299999237060547,19.521236419677734,69.29251861572266,45.05828094482422,86.29421997070312,71.973876953125,15.909770201818962
2023-05-31,400.0728759765625,60.54948806762695,63.1634521484375,35.28218460083008,89.34214782714844,182.32000732421875,21.610000610351562,19.30238914489746,69.64071655273438,44.55363082885742,86.6210708618164,72.04442596435547,15.632555111398204
2023-06-01,403.8739318847656,60.91314697265625,64.10192108154297,35.91040802001953,89.69266510009766,183.75999450683594,21.950000762939453,19.617528915405273,69.64942169189453,45.094329833984375,86.86190795898438,72.15674591064453,15.403011217344625
2023-06-02,409.7143859863281,61.225093841552734,64.93314361572266,36.529388427734375,88.70980834960938,181.0500030517578,21.690000534057617,19.87139320373535,71.34690856933594,45.62602233886719,86.1712646484375,71.953369140625,15.649745188443005
2023-06-05,408.9293212890625,61.17584228515625,64.55775451660156,36.52014923095703,88.5445785522461,182.13999938964844,21.639999389648438,19.81886863708496,70.85071563720703,45.26554489135742,86.14469909667969,71.97105407714844,14.794313113016813
2023-06-06,409.8197326660156,61.274356842041016,65.09400939941406,36.843505859375,89.06640625,182.33999633789062,21.649999618530273,19.84513282775879,71.52972412109375,45.49985885620117,86.19781494140625,71.93571472167969,15.643538813481252
2023-06-07,408.4027099609375,60.93776321411133,64.52151489257812,36.685218811035156,87.74432373046875,180.14999389648438,21.510000228881836,19.923917770385742,72.84417724609375,45.24466323852539,85.56915283203125,71.88264465332031,15.130802281171889
2023-06-08,410.87298583984375,61.32360076904297,65.20414733886719,36.945926666259766,88.77070617675781,182.52999877929688,22.299999237060547,19.95893096923828,72.39152526855469,45.760581970214844,86.14469909667969,71.99756622314453,15.223966329395903
2023-06-09,411.6101989746094,61.34004592895508,65.09492492675781,37.11351776123047,88.64891052246094,182.0399932861328,22.270000457763672,19.836376190185547,71.97368621826172,45.557899475097656,85.83479309082031,71.86495971679688,15.207976473064834
2023-06-12,415.3442687988281,61.274356842041016,65.3770751953125,37.188011169433594,88.90986633300781,181.8800048828125,22.079999923706055,19.56500816345215,71.99108123779297,45.68688201904297,85.97644805908203,71.92684173583984,14.876096376790807
2023-06-13,418.0826110839844,61.34821701049805,65.9959945678711,37.560447692871094,88.0313720703125,180.5399932861328,21.739999771118164,19.82762336730957,72.45246887207031,46.046180725097656,85.3655014038086,71.79420471191406,14.885416595398654
2023-06-14,418.5804443359375,61.37285232543945,66.24173736572266,37.83977508544922,88.73591613769531,180.63999938964844,21.969999313354492,19.87139320373535,72.72232055664062,46.24886703491211,85.48059844970703,71.75000762939453,14.429383200752701
2023-06-15,423.7699279785156,61.66841506958008,66.94255828857422,38.19359588623047,89.58828735351562,181.91000366210938,21.940000534057617,20.291580200195312,73.10533905029297,46.85691833496094,86.14469909667969,71.90032958984375,14.688810347174996
2023-06-16,422.3264465332031,61.512428283691406,66.79692840576172,38.0632438659668,89.24039459228516,181.6300048828125,22.18000030517578,20.54544448852539,73.0531005859375,46.820064544677734,85.77281951904297,71.80308532714844,15.12015733297253
2023-06-20,420.13531494140625,61.34821701049805,65.91407775878906,37.318363189697266,89.85794830322266,179.75,21.260000228881836,20.36161231994629,72.1913070678711,46.221221923828125,86.02959442138672,71.82957458496094,16.26879435515055
2023-06-21,417.98260498046875,61.19229507446289,66.0141830444336,37.14145278930664,90.07536315917969,179.49000549316406,20.84000015258789,20.65924644470215,71.75606536865234,46.18437957763672,86.10928344726562,71.82957458496094,17.245013502442212
2023-06-22,419.491455078125,61.01164245605469,65.60462188720703,37.01110076904297,88.98817443847656,177.7100067138672,20.530000686645508,20.27407455444336,70.72884368896484,46.0001220703125,85.6222915649414,71.75000762939453,17.17895873852611
2023-06-23,416.32012939453125,60.9049186706543,64.58523559570312,36.471065521240234,89.87530517578125,178.1999969482422,20.579999923706055,20.055225372314453,69.75386810302734,45.43812561035156,85.97644805908203,71.81192016601562,17.62875210716226
2023-06-26,414.619140625,60.93776321411133,64.66715240478516,36.59210968017578,89.97100067138672,178.50999450683594,20.899999618530273,20.08148765563965,71.36433410644531,45.493412017822266,86.1889877319336,71.86495971679688,17.385050095493053
2023-06-27,419.1647033691406,61.14297866821289,65.2314453125,36.96454620361328,89.73615264892578,177.69000244140625,20.979999542236328,19.757591247558594,72.24352264404297,45.99089813232422,85.88792419433594,71.75886535644531,17.624556943172205
2023-06-28,419.3761901855469,61.496009826660156,65.27696990966797,36.741085052490234,90.11885833740234,177.27999877929688,20.84000015258789,19.69631576538086,72.34797668457031,45.907989501953125,86.23320007324219,71.83843231201172,17.278868700182258
2023-06-29,421.0290222167969,61.331825256347656,65.18594360351562,36.54555130004883,88.49234771728516,177.08999633789062,20.719999313354492,19.705068588256836,73.1561508178711,45.834285736083984,85.34778594970703,71.66162109375,17.485107000059013
2023-06-30,425.99749755859375,61.627349853515625,65.98689270019531,36.83419418334961,89.5361099243164,178.27000427246094,20.889999389648438,19.87139320373535,73.56108856201172,46.562103271484375,85.53374481201172,71.68811798095703,17.503427752318245
2023-07-03,426.4876403808594,61.530799865722656,65.91407775878906,37.243873596191406,89.02852630615234,178.47000122070312,21.010000228881836,19.87139320373535,74.28297424316406,46.405479431152344,85.16273498535156,71.60482025146484,17.89349275407142
2023-07-05,425.85333251953125,61.34095001220703,65.17684173583984,37.02041244506836,88.18255615234375,177.83999633789062,21.209999084472656,19.993947982788086,74.45024871826172,45.77899932861328,84.75444793701172,71.58709716796875,17.524627912588834
2023-07-06,422.51861572265625,60.89524841308594,64.04824829101562,36.266231536865234,86.93538665771484,177.30999755859375,20.829999923706055,19.950180053710938,73.8780288696289,44.931419372558594,84.0621566772461,71.5427474975586,17.17726833421247
2023-07-07,421.451904296875,60.95301055908203,64.53062438964844,36.675907135009766,86.41206359863281,178.63999938964844,21.18000030517578,20.11650276184082,73.71076202392578,45.19859313964844,83.95562744140625,71.62254333496094,17.425903589525596
2023-07-10,422.51861572265625,61.258399963378906,64.71266174316406,36.70383834838867,86.52548217773438,178.77999877929688,21.239999771118164,20.1602725982666,74.02767181396484,45.511837005615234,84.39054870605469,71.7289047241211,17.467371776035826
2023-07-11,425.20947265625,61.58857345581055,65.29515838623047,37.07627868652344,86.97027587890625,179.4499969482422,21.200000762939453,20.39662742614746,75.08409881591797,45.93562698364258,84.56803894042969,71.72005462646484,17.585955825955715
2023-07-12,428.6307373046875,62.067264556884766,66.54208374023438,37.90495300292969,87.93834686279297,181.8800048828125,22.149999618530273,20.54544448852539,75.48905944824219,46.96747589111328,85.39348602294922,71.93278503417969,17.454263571119313
2023-07-13,432.03265380859375,62.43871307373047,67.60697174072266,38.3984375,88.8628158569336,182.00999450683594,22.780000686645508,20.834321975708008,75.9732437133789,47.68607711791992,86.10356903076172,72.13665771484375,18.077048004160247
2023-07-14,431.7635803222656,61.984737396240234,67.2247085571289,38.18428039550781,88.33952331542969,181.42999267578125,22.860000610351562,20.69426155090332,75.82357025146484,47.52946090698242,85.67752838134766,71.95052337646484,17.421195807903604
2023-07-17,433.2627258300781,62.100284576416016,67.14279174804688,38.23084259033203,88.38312530517578,181.55999755859375,22.790000915527344,20.527936935424805,75.33058166503906,47.474185943603516,85.81956481933594,71.97708129882812,17.313122101990878
2023-07-18,436.4821472167969,62.27360916137695,67.57967376708984,37.95151138305664,88.78433990478516,183.63999938964844,22.989999771118164,20.79930877685547,74.91682434082031,47.704505920410156,85.91719055175781,71.97708129882812,17.146958835235143
2023-07-19,437.4527587890625,62.323116302490234,67.54326629638672,37.87702178955078,89.78727722167969,183.6699981689453,23.100000381469727,20.913108825683594,75.76194763183594,47.6768684387207,86.21006774902344,72.00369262695312,17.179902089573073
2023-07-20,434.5505065917969,62.050750732421875,67.1974105834961,37.59769821166992,88.69709777832031,182.74000549316406,22.68000030517578,20.97438621520996,75.51544952392578,47.52946090698242,85.52661895751953,71.91506958007812,17.10988884070486
2023-07-21,434.5505065917969,62.207576751708984,67.33393096923828,37.541831970214844,88.72325897216797,182.17999267578125,22.56999969482422,21.08819007873535,75.86758422851562,47.713722229003906,85.5976333618164,71.92391204833984,17.17692733692558
2023-07-24,436.49176025390625,62.100284576416016,67.17009735107422,38.053932189941406,88.40058898925781,181.39999389648438,22.329999923706055,21.4646053314209,76.49263000488281,47.46497344970703,85.39348602294922,71.83528137207031,16.756630233605588
2023-07-25,437.68341064453125,62.05902099609375,67.24291229248047,38.37049865722656,88.23485565185547,182.41000366210938,22.6200008392334,21.543392181396484,75.94680786132812,47.54788589477539,85.23374938964844,71.82640838623047,16.78561836809621
2023-07-26,437.75067138671875,62.306602478027344,67.4249496459961,38.593971252441406,88.32209014892578,183.3000030517578,22.90999984741211,21.438344955444336,76.29015350341797,47.61237335205078,85.52661895751953,71.89729309082031,16.858890160117124
2023-07-27,434.8484191894531,61.81138610839844,67.27021789550781,38.119110107421875,86.60395812988281,180.4199981689453,22.110000610351562,21.385820388793945,74.6351089477539,47.40969467163086,84.59468078613281,71.79096221923828,16.77602669770077
2023-07-28,439.1057434082031,62.16629409790039,67.75260925292969,39.0408935546875,87.04875183105469,181.86000061035156,22.31999969482422,21.51712989807129,74.57350158691406,47.79663848876953,84.86986541748047,71.88845825195312,16.83837199442032
2023-07-31,439.9418029785156,62.314884185791016,67.77081298828125,39.059513092041016,87.25808715820312,182.35000610351562,22.690000534057617,21.60466957092285,75.05768585205078,47.722930908203125,84.97635650634766,71.90619659423828,16.787180898427266
2023-08-01,438.682861328125,62.006370544433594,66.92435455322266,38.566036224365234,85.82820892333984,180.4600067138672,22.290000915527344,21.49086570739746,74.93444061279297,47.26228332519531,84.47980499267578,71.84573364257812,17.043106092449307
2023-08-02,432.5804443359375,61.74100112915039,65.67743682861328,37.64424514770508,84.90989685058594,179.60000610351562,21.75,21.16697120666504,74.50305938720703,46.37784957885742,84.31075286865234,71.88130950927734,16.74229713054011
2023-08-03,431.3406982421875,61.541969299316406,65.49540710449219,37.7932243347168,82.95091247558594,179.5399932861328,21.6299991607666,21.36831283569336,73.69315338134766,46.24886703491211,83.68788146972656,71.90798950195312,16.75764313015185
2023-08-04,429.38983154296875,61.9068603515625,65.67743682861328,37.74666976928711,84.4201431274414,180.19000244140625,21.65999984741211,21.403329849243164,73.09452056884766,46.33177947998047,84.57772064208984,72.0501480102539,16.69757713108679
2023-08-07,433.13775634765625,62.02295684814453,66.23262023925781,37.69080352783203,83.58934020996094,179.77999877929688,21.209999084472656,21.41208267211914,74.01006317138672,46.70951461791992,84.37305450439453,72.0768051147461,16.758733424108623
2023-08-08,431.2541809082031,62.155662536621094,65.83216857910156,37.23456573486328,84.56009674072266,178.63999938964844,20.899999618530273,21.385820388793945,73.53470611572266,46.5252571105957,84.80014038085938,72.11237335205078,17.09465613295488
2023-08-09,428.37115478515625,62.163963317871094,65.81394958496094,37.32767868041992,84.99735260009766,177.7899932861328,20.799999237060547,21.534639358520508,73.52588653564453,46.67266082763672,84.85354614257812,72.06794738769531,16.97749776577065
2023-08-10,428.52496337890625,62.147369384765625,66.09611511230469,37.383541107177734,83.59809112548828,177.60000610351562,20.829999923706055,21.420835494995117,73.24418640136719,46.875343322753906,84.2039794921875,72.03241729736328,16.901744769806953
2023-08-11,428.27508544921875,62.05613327026367,65.6501235961914,36.83419418334961,83.40569305419922,177.60000610351562,20.799999237060547,21.385820388793945,73.3586196899414,46.50682830810547,83.7590560913086,71.96126556396484,16.88343747796694
2023-08-14,430.63916015625,62.0478515625,65.35887908935547,36.657283782958984,83.2220230102539,177.05999755859375,20.719999313354492,21.280773162841797,72.87442779541016,46.39627456665039,83.62560272216797,71.8990707397461,16.88959898486463
2023-08-15,425.62274169921875,61.848812103271484,64.548828125,36.23828887939453,82.71479797363281,176.58999633789062,20.670000076293945,21.026912689208984,72.05573272705078,45.797428131103516,83.4654312133789,71.92573547363281,16.752857951119346
2023-08-16,422.4994201660156,61.65810775756836,64.02092742919922,35.91240692138672,82.06761169433594,175.57000732421875,20.559999465942383,20.939369201660156,71.16657257080078,45.511837005615234,83.14508819580078,71.89018249511719,16.48375388497989
2023-08-17,419.280029296875,61.400997161865234,63.56584548950195,35.99620819091797,81.7177963256836,175.3000030517578,20.799999237060547,20.99189567565918,70.59436798095703,45.14331817626953,83.03828430175781,71.9701919555664,15.313750690694242
2023-08-18,419.4817810058594,61.442466735839844,63.56584548950195,35.75412368774414,82.00639343261719,175.3300018310547,20.8700008392334,21.140710830688477,70.81446075439453,45.097251892089844,83.28743743896484,71.99683380126953,14.960552655481457
2023-08-21,422.21112060546875,61.425865173339844,63.802494049072266,35.83791732788086,80.91322326660156,175.80999755859375,21.360000610351562,21.08819007873535,70.16300201416016,45.39206314086914,82.77134704589844,71.9168472290039,15.003387074542458
2023-08-22,421.0675354003906,61.459049224853516,63.684165954589844,35.763431549072266,81.53416442871094,176.10000610351562,21.459999084472656,21.096940994262695,70.36547088623047,45.24466323852539,82.80694580078125,71.88130950927734,14.950272260302626
2023-08-23,425.75726318359375,61.95663833618164,64.37590026855469,36.33140182495117,83.55435180664062,177.88999938964844,22.290000915527344,21.140710830688477,71.47470092773438,45.640811920166016,83.7056655883789,72.01460266113281,15.179987774701253
2023-08-24,419.85662841796875,61.616607666015625,63.493038177490234,36.191734313964844,83.00338745117188,177.85000610351562,22.110000610351562,21.158218383789062,71.20178985595703,44.986698150634766,83.39425659179688,71.9701919555664,15.025344383394138
2023-08-25,422.8165283203125,61.87370681762695,63.92082214355469,36.228981018066406,83.27450561523438,177.6199951171875,22.219999313354492,21.36831283569336,71.2546157836914,45.28150939941406,83.36754608154297,71.92573547363281,14.959467970032692
2023-08-28,425.4977722167969,62.10588836669922,64.5943374633789,36.58279800415039,83.3619384765625,178.1300048828125,22.219999313354492,21.333297729492188,71.92366027832031,45.77899932861328,83.5988998413086,71.9701919555664,14.99305508108995
2023-08-29,431.6482238769531,62.49565887451172,65.3952865600586,37.048343658447266,84.22773742675781,179.8699951171875,22.709999084472656,21.41208267211914,72.79521179199219,46.39627456665039,84.19508361816406,72.1301498413086,15.924152659754913
2023-08-30,433.42620849609375,62.470794677734375,65.35887908935547,36.92730712890625,84.14029693603516,180.32000732421875,22.56999969482422,21.438344955444336,73.0593032836914,46.36863708496094,84.18620300292969,72.1301498413086,15.67712592453851
2023-08-31,432.7918701171875,62.429325103759766,65.10403442382812,36.471065521240234,84.516357421875,180.02000427246094,22.389999389648438,21.525882720947266,72.52230834960938,45.907989501953125,84.35523986816406,72.20124053955078,14.892735698349213
2023-09-01,433.5990905761719,62.54680252075195,65.06761932373047,36.89937210083008,83.1997299194336,180.11000061035156,22.170000076293945,21.779747009277344,72.64555358886719,45.769798278808594,83.83961486816406,72.16205596923828,14.817645628032075
2023-09-05,431.72515869140625,62.1385498046875,64.50332641601562,36.601417541503906,82.03308868408203,178.63999938964844,21.59000015258789,21.884794235229492,71.80043029785156,45.22623062133789,83.33114624023438,72.07295989990234,14.805733157022889
2023-09-06,428.8228759765625,61.98857498168945,64.3667984008789,36.39657974243164,82.23483276367188,177.8300018310547,21.239999771118164,21.93731689453125,71.65076446533203,45.060401916503906,83.11701965332031,71.99275207519531,14.790372575290327
2023-09-07,427.50628662109375,62.19686508178711,64.15746307373047,35.96826934814453,82.462890625,178.02000427246094,21.049999237060547,21.8935489654541,72.0997543334961,44.94062423706055,83.4024658203125,72.12641143798828,15.070038583710621
2023-09-08,428.1501770019531,62.17189025878906,64.06645202636719,36.04275894165039,82.77867126464844,178.0800018310547,21.010000228881836,21.93731689453125,71.81803131103516,45.02354049682617,83.42030334472656,72.09077453613281,14.87790792487742
2023-09-11,430.96588134765625,62.280174255371094,64.73086547851562,36.489688873291016,82.18219757080078,178.41000366210938,21.15999984741211,22.06862449645996,71.82682037353516,45.44734191894531,83.277587890625,72.10858917236328,14.451194688396171
2023-09-12,428.6018371582031,62.18019485473633,64.46691131591797,36.377952575683594,82.6558837890625,177.49000549316406,21.1299991607666,22.147411346435547,71.7916259765625,45.217018127441406,83.39356231689453,72.07295989990234,14.836379166480704
2023-09-13,429.1015625,62.34684753417969,64.26667785644531,36.33140182495117,82.63833618164062,177.0800018310547,20.93000030517578,22.21744155883789,71.00812530517578,44.99591064453125,83.49169158935547,72.13529968261719,15.063220881375985
2023-09-14,432.80145263671875,62.421810150146484,65.1131362915039,36.573486328125,82.04185485839844,177.1699981689453,20.729999542236328,22.401275634765625,72.29340362548828,45.54868698120117,83.30435180664062,72.11751556396484,15.242032455391568
2023-09-15,427.5869140625,62.18851852416992,64.96749877929688,36.43382263183594,81.54188537597656,178.33999633789062,21.110000610351562,22.348752975463867,72.0205078125,45.52104187011719,83.0456314086914,72.08184814453125,15.281671146589558
2023-09-18,427.8377380371094,62.23020553588867,64.73995971679688,36.387271881103516,82.00675964355469,179.38999938964844,21.299999237060547,22.339998245239258,71.37787628173828,45.18016815185547,83.12593078613281,72.07295989990234,15.365283905675792
2023-09-19,426.9504089355469,62.0385627746582,64.79457092285156,36.17311477661133,81.40153503417969,179.22000122070312,21.270000457763672,22.357507705688477,71.05213928222656,45.22623062133789,82.8226318359375,72.01947784423828,15.627649910294327
2023-09-20,423.0253601074219,61.98857498168945,64.63984680175781,36.02413558959961,81.65587615966797,179.35000610351562,21.34000015258789,22.173673629760742,71.11375427246094,45.29072189331055,82.76016235351562,71.97493743896484,15.582216508622377
2023-09-21,416.0334167480469,61.5469856262207,63.56584548950195,35.400299072265625,79.55945587158203,178.0500030517578,21.440000534057617,22.103641510009766,68.69282531738281,44.6366081237793,82.1446304321289,72.01060485839844,15.258089613818736
2023-09-22,415.0979309082031,61.65530014038086,63.620460510253906,35.81930160522461,80.19977569580078,178.6199951171875,21.579999923706055,22.12114906311035,68.17342376708984,44.53526306152344,82.46578979492188,72.08184814453125,15.264944332306225
2023-09-25,416.8435363769531,61.571983337402344,63.33831024169922,35.6610107421875,78.22615814208984,177.6999969482422,21.200000762939453,22.016101837158203,68.11181640625,44.24045181274414,81.85914611816406,72.0551528930664,15.103512402906116
2023-09-26,410.7195739746094,61.30535888671875,62.519161224365234,35.15821838378906,77.95423889160156,176.27999877929688,20.959999084472656,21.98984146118164,66.87052917480469,43.71531295776367,81.83238220214844,72.06403350830078,15.056860833294808
2023-09-27,410.8835144042969,61.2220458984375,62.400840759277344,35.21408462524414,77.55075073242188,174.10000610351562,20.700000762939453,22.112396240234375,66.42156219482422,43.5218505859375,81.46659851074219,72.01060485839844,15.134660934681456
2023-09-28,413.26556396484375,61.51364517211914,62.9105339050293,35.30718994140625,77.7875747680664,173.22999572753906,20.739999771118164,22.08613395690918,67.05889892578125,43.95485305786133,81.68966674804688,72.13529968261719,15.518777552841248
2023-09-29,412.2626037597656,61.4220085144043,62.7285041809082,35.33512496948242,77.79635620117188,171.4499969482422,20.34000015258789,21.849777221679688,67.25447082519531,43.973270416259766,81.7074966430664,72.14421844482422,15.455703150080646
2023-10-02,412.0986022949219,61.049278259277344,61.809242248535156,35.15821838378906,76.49402618408203,169.64999389648438,19.420000076293945,21.683454513549805,66.01887512207031,43.24545669555664,81.04472351074219,72.07185363769531,15.811238811431204
2023-10-03,406.5822448730469,60.42949676513672,61.03559875488281,34.69266891479492,74.84851837158203,169.16000366210938,19.440000534057617,21.587160110473633,64.72998046875,42.77559280395508,80.37387084960938,72.01827239990234,15.753344426666875
2023-10-04,409.54302978515625,60.7393913269043,61.14482116699219,34.59025192260742,75.90444946289062,169.13999938964844,19.309999465942383,20.983139038085938,65.52108764648438,43.01512908935547,80.88372039794922,72.17906188964844,15.965504189298573
2023-10-05,409.3886413574219,60.79802322387695,61.68180465698242,34.720603942871094,75.52608489990234,168.8300018310547,19.25,20.860586166381836,65.88555145263672,43.28230285644531,81.03578186035156,72.25051879882812,15.74526593173202
2023-10-06,414.2492370605469,60.88178634643555,62.36444091796875,35.22339630126953,74.61092376708984,169.6999969482422,19.729999542236328,20.939369201660156,66.0633316040039,43.82586669921875,80.56173706054688,72.18799591064453,16.050044595609346
2023-10-09,416.90130615234375,61.334075927734375,62.27341842651367,35.05580139160156,76.36203002929688,172.82000732421875,20.059999465942383,21.37706756591797,66.78334045410156,43.71531295776367,81.59032440185547,72.40240478515625,15.841615612504631
2023-10-10,419.0712585449219,61.31732940673828,63.128971099853516,35.55859375,76.25640869140625,172.52999877929688,19.979999542236328,21.324542999267578,67.10334014892578,44.36943054199219,81.42932891845703,72.35774993896484,15.730969844819393
2023-10-11,420.7879638671875,61.30893325805664,63.39292907714844,35.78205871582031,77.84912109375,173.7899932861328,20.18000030517578,21.201988220214844,68.26781463623047,44.6918830871582,81.87653350830078,72.3398666381836,15.433649374891228
2023-10-12,418.22259521484375,60.982295989990234,62.865028381347656,35.381683349609375,75.7372817993164,173.25999450683594,19.959999084472656,21.193233489990234,67.27224731445312,44.21281433105469,81.08940124511719,72.25051879882812,15.366729779040279
2023-10-13,416.1394348144531,60.93204879760742,62.28252029418945,35.2513313293457,77.09237670898438,178.8300018310547,20.780000686645508,21.75348472595215,67.10334014892578,43.80744552612305,81.60821533203125,72.295166015625,15.427363359115759
2023-10-16,420.51788330078125,60.915287017822266,62.73759841918945,35.51204299926758,75.85166931152344,177.9600067138672,20.68000030517578,21.683454513549805,67.90336608886719,44.20359802246094,81.12518310546875,72.25051879882812,16.379049770678424
2023-10-17,420.4986267089844,60.63051223754883,62.774009704589844,35.41893005371094,75.0157241821289,178.2899932861328,20.920000076293945,21.744731903076172,67.80557250976562,44.139102935791016,80.32917022705078,72.08973693847656,16.319482928826083
2023-10-18,414.8953552246094,60.337371826171875,61.68180465698242,34.8788948059082,74.3557357788086,180.8699951171875,20.950000762939453,21.93731689453125,66.36554718017578,43.35601043701172,79.95348358154297,72.08973693847656,16.26928453875046
2023-10-19,411.2499694824219,60.119598388671875,61.13570785522461,34.674049377441406,72.83341979980469,183.08999633789062,21.110000610351562,22.164918899536133,64.79219818115234,43.00591278076172,79.55994415283203,72.18799591064453,16.494107190762826
2023-10-20,406.1965026855469,60.2452392578125,60.58961486816406,34.25505447387695,73.24700927734375,183.58999633789062,21.399999618530273,21.998594284057617,64.35664367675781,42.56370162963867,80.02505493164062,72.30413055419922,17.047250779867287
2023-10-23,405.4924621582031,60.488136291503906,60.635128021240234,34.22712326049805,74.126953125,182.97000122070312,21.049999237060547,21.858531951904297,63.72551345825195,42.655826568603516,80.4007339477539,72.34880065917969,19.00179563005845
2023-10-24,408.5496520996094,60.79802322387695,60.98099136352539,34.66473388671875,75.10370635986328,182.9499969482422,21.020000457763672,21.622177124023438,64.5433120727539,42.821659088134766,80.5438232421875,72.33091735839844,19.470027529621998
2023-10-25,402.68603515625,60.47138214111328,60.544105529785156,34.208499908447266,73.4317855834961,183.72000122070312,20.940000534057617,21.779747009277344,63.1566162109375,42.508419036865234,79.83721923828125,72.25051879882812,19.815356828099432
2023-10-26,397.864013671875,60.68075942993164,60.10723114013672,34.04090118408203,74.55814361572266,184.00999450683594,20.850000381469727,21.595914840698242,64.36553192138672,42.28731155395508,80.4454574584961,72.39347076416016,19.616546436228592
2023-10-27,396.0606384277344,60.605369567871094,59.92518997192383,34.01297378540039,74.24136352539062,186.14999389648438,21.18000030517578,21.884794235229492,63.33440399169922,41.94642639160156,80.57064819335938,72.43811798095703,19.474779057606455
2023-10-30,400.79583740234375,60.62213897705078,60.68973159790039,34.366790771484375,73.90699005126953,185.10000610351562,21.34000015258789,21.534639358520508,63.73439407348633,42.572906494140625,80.3023452758789,72.41130828857422,19.815094349924653
2023-10-31,403.31298828125,60.78126907348633,60.908172607421875,34.1712532043457,73.54618835449219,184.08999633789062,20.979999542236328,21.455852508544922,64.81886291503906,42.62818908691406,80.13236999511719,72.384521484375,19.910095745372118
2023-11-01,407.61419677734375,61.360591888427734,61.48158645629883,34.487831115722656,75.1408462524414,183.50999450683594,20.969999313354492,21.49086570739746,65.2188949584961,42.941429138183594,81.0553207397461,72.54576110839844,20.3520125253617
2023-11-02,415.42584228515625,62.051090240478516,62.73759841918945,35.093040466308594,76.85381317138672,184.1199951171875,20.8700008392334,21.718469619750977,67.36112213134766,43.82586669921875,81.55760192871094,72.55472564697266,20.06542449635782
2023-11-03,419.2159118652344,62.65736770629883,63.40203094482422,35.80998229980469,77.3747329711914,184.7899932861328,21.219999313354492,21.60466957092285,68.97002410888672,44.1298942565918,82.18544006347656,72.75181579589844,19.947163496499197
2023-11-06,420.1802673339844,62.404762268066406,63.083465576171875,36.098628997802734,76.62420654296875,183.35000610351562,21.079999923706055,21.69220733642578,67.97447204589844,44.03776931762695,81.71007537841797,72.61743927001953,20.122355339446358
2023-11-07,421.37615966796875,62.41318130493164,62.70119857788086,36.033451080322266,77.75444030761719,182.58999633789062,20.729999542236328,21.22825050354004,67.41445922851562,43.8350830078125,82.17647552490234,72.67118835449219,20.35563562153493
2023-11-08,421.684814453125,62.44684982299805,62.619285583496094,35.79136276245117,79.0788803100586,180.77000427246094,20.649999618530273,20.99189567565918,67.63668823242188,44.046974182128906,82.50835418701172,72.65325927734375,20.477225831747155
2023-11-09,418.3962097167969,62.059505462646484,62.61018371582031,35.4561767578125,77.25995635986328,181.49000549316406,20.690000534057617,20.939369201660156,66.56999969482422,44.010128021240234,81.6921615600586,72.54576110839844,21.073273385411916
2023-11-10,424.9251708984375,62.3626708984375,62.892330169677734,35.70756149291992,77.69261169433594,179.50999450683594,20.34000015258789,21.044418334960938,67.19222259521484,44.21281433105469,81.7818374633789,72.56368255615234,21.42983091692155
2023-11-13,424.5201416015625,62.303714752197266,63.0561637878418,35.6982536315918,77.5160140991211,180.50999450683594,20.43000030517578,21.350807189941406,66.63220977783203,44.35100555419922,81.73696899414062,72.5905532836914,20.963712303175445
2023-11-14,432.756103515625,62.935245513916016,64.66715240478516,36.647972106933594,79.27313995361328,182.1199951171875,21.170000076293945,21.3157901763916,70.330078125,45.53947067260742,82.96578216552734,72.87724304199219,20.409665744281682
2023-11-15,433.67230224609375,62.73314666748047,64.5670394897461,36.955238342285156,78.16058349609375,181.63999938964844,21.450000762939453,21.17572784423828,70.5345230102539,45.54868698120117,82.31999969482422,72.74286651611328,21.75524328176064
2023-11-16,434.2027587890625,62.81735610961914,64.52151489257812,36.601417541503906,79.13187408447266,183.69000244140625,21.760000228881836,20.668001174926758,70.38340759277344,45.484195709228516,82.93887329101562,72.86827087402344,20.764089799345037
2023-11-17,434.7427978515625,62.96049499511719,65.3952865600586,36.647972106933594,79.5027084350586,183.6699981689453,21.75,20.965633392333984,70.330078125,46.11067581176758,82.99270629882812,72.81452941894531,21.017886003727206
2023-11-20,438.08929443359375,63.02788162231445,65.64103698730469,37.104209899902344,79.98834991455078,183.3699951171875,21.479999542236328,21.22825050354004,70.84563446044922,46.28572463989258,83.10928344726562,72.82347106933594,21.5234369155766
2023-11-21,437.13446044921875,63.112064361572266,65.38619232177734,36.871437072753906,79.95303344726562,185.35000610351562,21.770000457763672,21.350807189941406,70.34785461425781,46.165950775146484,83.21692657470703,72.86827087402344,20.568274350750517
2023-11-22,438.8221435546875,63.22153854370117,65.54090118408203,36.79695510864258,80.23555755615234,184.55999755859375,21.670000076293945,21.16697120666504,70.69451904296875,46.21200942993164,83.19001770019531,72.87724304199219,21.49781276418923
2023-11-24,439.09222412109375,63.154205322265625,66.04148864746094,36.81557083129883,79.29080200195312,185.52000427246094,22.270000457763672,21.026912689208984,70.89896392822266,46.6818733215332,82.75947570800781,72.82347106933594,21.663180744509418
2023-11-27,438.30145263671875,63.2468147277832,65.81394958496094,36.66659927368164,80.61526489257812,186.77000427246094,22.559999465942383,20.88684844970703,71.1567611694336,46.5252571105957,83.38733673095703,72.91307067871094,21.395486657283197
2023-11-28,438.7354431152344,63.524696350097656,65.83216857910156,36.97385787963867,80.774169921875,189.25999450683594,22.920000076293945,21.140710830688477,71.62786865234375,46.51604461669922,83.75507354736328,73.04744720458984,21.72681711977243
2023-11-29,438.4267578125,63.869930267333984,65.96868896484375,36.75970458984375,81.78963470458984,189.5399932861328,22.8799991607666,21.289527893066406,72.12565612792969,46.70029830932617,84.194580078125,73.1907730102539,21.74255683664634
2023-11-30,440.15313720703125,63.75204849243164,65.91407775878906,36.83419418334961,80.84481048583984,188.75,23.1299991607666,20.93061637878418,72.65010833740234,46.65423583984375,83.781982421875,73.14598083496094,21.658853219730375
2023-12-01,442.7569580078125,64.27989959716797,66.60579681396484,36.99248123168945,82.36746978759766,192.00999450683594,23.329999923706055,20.834321975708008,74.43679809570312,47.09645462036133,84.5724868774414,73.35892486572266,22.219383213881493
2023-12-04,440.4327697753906,64.1191635131836,66.08700561523438,36.573486328125,82.03974151611328,187.86000061035156,22.459999084472656,20.69426155090332,74.97904205322266,46.875343322753906,84.22176361083984,73.25112915039062,24.1096411018807
2023-12-05,440.3459777832031,64.17839050292969,65.8503646850586,36.35002517700195,83.80241394042969,187.14999389648438,22.1200008392334,20.510427474975586,74.48123931884766,46.80164337158203,84.8153076171875,73.34098052978516,25.316010983792417
2023-12-06,438.5715026855469,64.18685913085938,66.05059814453125,36.303470611572266,84.91844940185547,187.83999633789062,21.93000030517578,20.011457443237305,74.25901794433594,46.755577087402344,85.16605377197266,73.322998046875,25.124074379336296
2023-12-07,441.91796875,64.29682922363281,66.36915588378906,36.48037338256836,84.43128967285156,188.14999389648438,21.790000915527344,20.046470642089844,74.47235870361328,46.95825958251953,85.0401382446289,73.37693786621094,24.863462716022692
2023-12-08,443.8178405761719,64.169921875,66.56938934326172,36.32209014892578,83.74039459228516,185.63999938964844,21.100000381469727,20.134010314941406,74.34790802001953,47.20701217651367,84.4915542602539,73.21519470214844,25.365374827876437
2023-12-11,445.5440979003906,64.12761688232422,66.73321533203125,36.53624725341797,83.56324768066406,183.58999633789062,20.90999984741211,20.06397819519043,74.5523681640625,47.28071594238281,84.50052642822266,73.233154296875,23.68679549252183
2023-12-12,447.5789794921875,64.27142333984375,66.85154724121094,36.54555130004883,83.8112564086914,183.49000549316406,20.84000015258789,19.757591247558594,74.50791931152344,47.391265869140625,84.68040466308594,73.24213409423828,23.805327944168045
2023-12-13,453.75115966796875,65.25267791748047,67.82540893554688,36.9086799621582,85.77766418457031,187.6300048828125,21.770000457763672,19.985193252563477,77.36129760742188,48.036170959472656,85.9394760131836,73.61054229736328,24.63263447363526
2023-12-14,455.2073669433594,65.54086303710938,68.32601165771484,37.4487190246582,88.00900268554688,188.72999572753906,22.149999618530273,20.317842483520508,79.59244537353516,48.459964752197266,86.6538314819336,73.73675537109375,24.709150226688056
2023-12-15,454.4579162597656,65.3963394165039,67.6615982055664,37.22525405883789,88.10673522949219,187.0,21.829999923706055,20.35285758972168,78.47241973876953,47.94404220581055,86.58170318603516,73.65562438964844,24.08073036480059
2023-12-18,457.0142517089844,65.43882751464844,67.82540893554688,37.20663070678711,87.40473175048828,187.85000610351562,21.799999237060547,20.498884201049805,78.29464721679688,48.10066223144531,86.39225006103516,73.6466064453125,24.479176720921057
2023-12-19,459.79327392578125,65.62586212158203,68.39881896972656,37.5232048034668,87.8757095336914,189.1300048828125,22.030000686645508,20.655014038085938,78.89022064208984,48.57052230834961,86.55461120605469,73.67365264892578,24.276438130041353
2023-12-20,453.4217834472656,65.63434600830078,67.70855712890625,36.84772872924805,88.47108459472656,188.10000610351562,22.040000915527344,20.416229248046875,77.9301986694336,47.98520278930664,86.97856140136719,73.77279663085938,25.069976954493445
2023-12-21,457.7211608886719,65.93189239501953,68.80523681640625,37.540283203125,87.9112319946289,189.42999267578125,22.309999465942383,20.452964782714844,78.62129211425781,48.680908203125,86.84325408935547,73.84492492675781,25.19454640415957
2023-12-22,458.6410217285156,65.8553695678711,68.86975860595703,37.36002731323242,87.5113525390625,190.27000427246094,22.1200008392334,20.416229248046875,78.92723846435547,48.7458381652832,86.76206970214844,73.8719711303711,25.268488973738254
2023-12-26,460.5776672363281,65.9828872680664,69.18309020996094,37.65412902832031,87.76017761230469,191.72000122070312,22.200000762939453,20.61827850341797,79.51215362548828,49.01484680175781,86.81619262695312,73.83592224121094,24.419944146145998
2023-12-27,461.410400390625,66.25492095947266,69.55172729492188,37.87232208251953,89.31526184082031,192.58999633789062,22.229999542236328,20.526437759399414,79.89909362792969,49.25602340698242,87.49267578125,73.92607116699219,24.949719325783942
2023-12-28,461.584716796875,66.04240417480469,69.36739349365234,38.16642761230469,88.66658020019531,191.47000122070312,21.989999771118164,20.351940155029297,80.46602630615234,48.96846389770508,87.15895080566406,73.91703033447266,24.481655681460634
2023-12-29,460.2484436035156,65.78736114501953,69.44113159179688,38.14745330810547,87.86679077148438,191.1699981689453,21.780000686645508,20.241731643676758,79.51215362548828,49.03340148925781,86.94246673583984,73.9531021118164,24.178159122513957
2024-01-02,457.67266845703125,65.56635284423828,68.66699981689453,37.70156478881836,87.36029052734375,190.72000122070312,21.649999618530273,20.076417922973633,80.19606018066406,48.476829528808594,86.61774444580078,73.86296081542969,25.819865882820164
2024-01-03,453.93499755859375,65.3878402709961,68.15092468261719,37.49284744262695,87.72463989257812,189.1300048828125,21.059999465942383,20.33357048034668,78.27935791015625,48.08723449707031,86.82521057128906,73.88098907470703,24.60818810892959
2024-01-04,452.472900390625,65.13279724121094,68.30758666992188,37.36951446533203,86.39168548583984,189.32000732421875,21.079999923706055,20.223363876342773,78.13536834716797,48.33769226074219,86.30207824707031,73.83592224121094,25.373024832799477
2024-01-05,453.09271240234375,65.1838150024414,68.35365295410156,37.41695022583008,85.5652847290039,189.35000610351562,21.209999084472656,20.324386596679688,77.93738555908203,48.28203201293945,85.98637390136719,73.81790161132812,25.363129181269997
2024-01-08,459.5609436035156,65.54935455322266,69.08171844482422,37.521305084228516,86.40948486328125,187.8699951171875,21.1299991607666,20.03049659729004,79.05323028564453,48.80149459838867,86.27501678466797,73.88098907470703,26.975687403756552
2024-01-09,458.86376953125,65.65135955810547,68.46424102783203,36.99003601074219,85.85852813720703,187.92999267578125,21.0,20.177440643310547,78.52230834960938,48.29131317138672,86.23894500732422,73.89899444580078,26.49856489729857
2024-01-10,461.4588317871094,65.77037811279297,68.90660858154297,36.90464782714844,85.45865631103516,187.5,20.940000534057617,20.03968048095703,78.6122817993164,48.46755599975586,86.10363006591797,73.89899444580078,26.778855693510966
2024-01-11,461.2554626464844,65.9828872680664,68.89739227294922,37.05644607543945,85.9384994506836,187.8699951171875,20.81999969482422,20.186626434326172,77.88340759277344,48.31913757324219,86.56365203857422,74.0702896118164,26.6299991607666
2024-01-12,461.5750427246094,66.05088806152344,69.18309020996094,37.18926239013672,85.76968383789062,189.7100067138672,21.190000534057617,20.260099411010742,78.35132598876953,48.42117691040039,86.79814910888672,74.2235107421875,24.969999313354492
2024-01-16,459.88043212890625,65.63434600830078,68.02188110351562,36.28799057006836,84.2590103149414,187.91000366210938,20.959999084472656,20.085603713989258,77.7754135131836,47.539947509765625,86.09458923339844,74.10630798339844,24.719999313354492
2024-01-17,457.3241271972656,65.35382843017578,67.37678527832031,35.747230529785156,84.12572479248047,185.83999633789062,20.649999618530273,20.05805015563965,76.35362243652344,47.17818069458008,85.81497955322266,73.96212005615234,24.40999984741211
2024-01-18,461.3909912109375,65.48983764648438,67.97582244873047,36.04132843017578,83.34374237060547,187.3699951171875,20.809999465942383,20.186626434326172,75.93968963623047,47.61415481567383,85.62557983398438,73.9981918334961,23.34000015258789
2024-01-19,467.1428527832031,65.60034942626953,68.13247680664062,36.42081069946289,83.61032104492188,187.92999267578125,20.670000076293945,20.149890899658203,76.84854888916016,47.69763946533203,85.63457489013672,73.94406127929688,23.799999237060547
2024-01-22,468.13055419921875,65.65135955810547,68.34445190429688,36.098243713378906,84.10794067382812,187.22000122070312,20.219999313354492,20.232547760009766,77.3074951171875,47.7254753112793,85.89614868164062,73.98014831542969,22.950000762939453
2024-01-23,469.4958190917969,65.57485961914062,68.15092468261719,36.41132354736328,83.44148254394531,187.9499969482422,20.530000686645508,20.342756271362305,76.77656555175781,47.595603942871094,85.6796875,73.97113037109375,22.31999969482422
2024-01-24,470.0090637207031,65.54086303710938,68.66699981689453,36.819271087646484,82.95275115966797,186.39999389648438,20.709999084472656,20.517253875732422,75.67872619628906,48.059410095214844,85.43614196777344,73.93505096435547,22.600000381469727
2024-01-25,472.5653076171875,66.04240417480469,68.86053466796875,36.86669921875,83.49479675292969,187.13999938964844,20.940000534057617,20.673383712768555,76.65056610107422,48.29131317138672,85.80595397949219,74.0702896118164,22.760000228881836
2024-01-26,471.9649963378906,65.99140167236328,69.1646499633789,36.89516067504883,83.33484649658203,187.00999450683594,20.860000610351562,20.76522445678711,76.43461608886719,48.7736701965332,85.6526107788086,74.02520751953125,23.989999771118164
2024-01-29,475.70269775390625,66.13589477539062,69.57014465332031,36.91413497924805,84.29454040527344,188.3300018310547,21.209999084472656,20.59072494506836,76.93853759765625,48.91280746459961,86.16676330566406,74.09733581542969,24.670000076293945
2024-01-30,475.3346862792969,66.05088806152344,69.47798919677734,36.620033264160156,85.05878448486328,188.58999633789062,21.190000534057617,20.72848892211914,76.2186508178711,48.95919418334961,86.2840347290039,74.0522689819336,24.8799991607666
2024-01-31,467.5785217285156,65.86387634277344,69.12779235839844,36.42081069946289,85.89408111572266,188.4499969482422,20.90999984741211,20.50806999206543,75.4897689819336,48.57887268066406,87.0055923461914,74.1874771118164,24.299999237060547
2024-02-01,473.69830322265625,66.24320220947266,69.80976104736328,36.771827697753906,87.57896423339844,190.41000366210938,21.209999084472656,20.260099411010742,76.85755920410156,49.061222076416016,87.54452514648438,74.29777526855469,24.540000915527344
2024-02-02,478.6850891113281,65.9442138671875,69.25680541992188,36.6674690246582,85.64445495605469,188.61000061035156,20.75,20.03049659729004,75.90369415283203,48.5881462097168,86.40523529052734,74.06269073486328,24.5
2024-02-05,476.9421081542969,65.63664245605469,68.88818359375,36.714908599853516,83.91500091552734,187.57000732421875,20.469999313354492,20.11315155029297,74.31095123291016,48.34696578979492,85.56429290771484,73.91804504394531,24.190000534057617
2024-02-06,478.3268127441406,65.8758316040039,69.3121109008789,37.54977035522461,84.73515319824219,188.5500030517578,20.510000228881836,20.186626434326172,75.30979919433594,48.70873260498047,86.02545166015625,74.03560638427734,24.600000381469727
2024-02-07,482.3163146972656,65.98689270019531,69.27523803710938,37.597206115722656,84.3250732421875,188.5,20.329999923706055,20.278467178344727,75.20181274414062,48.57887268066406,85.87175750732422,74.00845336914062,25.219999313354492
2024-02-08,482.529296875,65.95272064208984,69.15544128417969,37.38848876953125,83.83477020263672,188.3300018310547,20.649999618530273,20.3886775970459,75.81371307373047,48.56959533691406,85.5914306640625,73.99037170410156,26.030000686645508
2024-02-09,485.3180236816406,66.08939361572266,69.39505004882812,37.54977035522461,83.66537475585938,187.60000610351562,20.68000030517578,20.44378089904785,75.93069458007812,48.70873260498047,85.43775177001953,73.96324920654297,27.149999618530273
2024-02-12,485.1050109863281,65.9442138671875,69.51486206054688,37.84386444091797,83.76343536376953,187.11000061035156,20.760000228881836,20.452964782714844,75.94867706298828,48.690185546875,85.51909637451172,73.9722900390625,28.65999984741211
2024-02-13,478.42364501953125,65.4145278930664,68.44581604003906,37.13233947753906,82.32816314697266,184.52999877929688,20.200000762939453,20.33357048034668,74.3829345703125,47.82750701904297,84.57874298095703,73.73722076416016,28.219999313354492
2024-02-14,482.7713623046875,65.6707992553711,69.21073913574219,37.66361618041992,82.74716186523438,184.4199981689453,20.440000534057617,20.140705108642578,74.96783447265625,48.476829528808594,84.89521026611328,73.84571838378906,29.549999237060547
2024-02-15,486.1024169921875,65.90147399902344,69.99407958984375,37.84386444091797,83.17506408691406,185.66000366210938,20.940000534057617,20.186626434326172,76.71357727050781,49.01484680175781,85.13031005859375,73.91804504394531,29.520000457763672
2024-02-16,483.68157958984375,65.70497131347656,70.10467529296875,38.02412033081055,82.69367980957031,186.33999633789062,21.389999389648438,20.232547760009766,75.92170715332031,49.11688232421875,84.75956726074219,73.8276596069336,29.6200008392334
2024-02-20,481.01873779296875,65.84164428710938,70.3903579711914,38.0810432434082,82.76497650146484,187.47000122070312,21.06999969482422,20.122337341308594,75.78671264648438,49.38589096069336,84.9042739868164,73.87284851074219,29.670000076293945
2024-02-21,481.4544982910156,65.72208404541016,70.4456558227539,38.14745330810547,82.1766128540039,187.47999572753906,20.959999084472656,20.204994201660156,76.20964813232422,49.46009826660156,84.63300323486328,73.80953979492188,29.079999923706055
2024-02-22,491.41839599609375,66.03815460205078,71.23821258544922,38.53642272949219,82.5777816772461,187.55999755859375,20.81999969482422,20.260099411010742,76.35362243652344,49.93317413330078,84.64203643798828,73.8005142211914,29.719999313354492
2024-02-23,491.7572937011719,66.08086395263672,71.33036804199219,38.51744842529297,83.68321228027344,188.6199951171875,20.989999771118164,19.96620750427246,76.31763458251953,49.988834381103516,85.0308609008789,73.8366928100586,29.15999984741211
2024-02-26,489.9562072753906,65.8673095703125,71.22899627685547,38.3466796875,83.43358612060547,188.1999969482422,20.6200008392334,20.149890899658203,75.48075103759766,49.93317413330078,84.9042739868164,73.78243255615234,31.1200008392334
2024-02-27,490.8664855957031,65.95272064208984,71.42252349853516,38.42258071899414,82.84519958496094,188.0,20.56999969482422,20.306018829345703,75.57073211669922,50.035213470458984,84.71434783935547,73.78243255615234,32.59000015258789
2024-02-28,490.2176818847656,65.9442138671875,71.00782012939453,37.919761657714844,83.37120056152344,188.33999633789062,20.549999237060547,20.223363876342773,76.33563232421875,49.77548599243164,85.02179718017578,73.85474395751953,34.45000076293945
2024-02-29,491.98004150390625,66.06378936767578,71.19213104248047,37.93873977661133,83.95958709716797,189.30999755859375,20.729999542236328,20.195810317993164,76.98355865478516,49.794036865234375,85.19361114501953,73.89997100830078,35.41999816894531
2024-03-01,496.5988464355469,66.31122589111328,71.8833236694336,38.40360641479492,84.48271942138672,192.88999938964844,21.170000076293945,20.29683494567871,77.9013900756836,50.183631896972656,85.58252716064453,74.04505920410156,35.9900016784668
2024-03-04,496.0662536621094,66.2940444946289,71.69900512695312,38.31822204589844,84.14289093017578,196.00999450683594,21.860000610351562,20.36112403869629,78.63029479980469,50.13725280761719,85.39214324951172,73.97249603271484,38.650001525878906
2024-03-05,491.1085510253906,66.24250793457031,71.56998443603516,37.976680755615234,85.34123992919922,197.19000244140625,21.670000076293945,20.204994201660156,77.67642974853516,49.988834381103516,85.91793823242188,74.02689361572266,35.31999969482422
2024-03-06,493.59710693359375,66.40572357177734,72.41783905029297,38.52693557739258,85.84199523925781,198.80999755859375,22.100000381469727,20.37030792236328,78.0633773803711,50.461917877197266,86.12648010253906,74.04505920410156,38.290000915527344
2024-03-07,498.4966735839844,66.48307037353516,73.27490234375,38.76411437988281,85.76154327392578,199.94000244140625,22.239999771118164,20.425413131713867,78.04537963867188,51.31531524658203,86.27152252197266,74.1357192993164,38.630001068115234
2024-03-08,495.5047302246094,66.50025177001953,73.03529357910156,38.726165771484375,85.6095199584961,201.6300048828125,22.229999542236328,20.36112403869629,78.94524383544922,51.05558395385742,86.33497619628906,74.1719970703125,39.54999923706055
2024-03-11,495.07861328125,66.49163818359375,72.62059020996094,38.811546325683594,85.56480407714844,202.0,22.350000381469727,20.53562355041504,78.56729125976562,51.06486129760742,86.22623443603516,74.10852813720703,41.119998931884766
2024-03-12,500.4043884277344,66.55179595947266,73.20118713378906,39.23846435546875,84.849365234375,199.7899932861328,22.09000015258789,20.48051643371582,78.39633178710938,51.56576919555664,85.87263488769531,74.03597259521484,40.72999954223633
2024-03-13,499.6199951171875,66.57754516601562,73.21039581298828,39.115135192871094,84.43799591064453,201.19000244140625,22.790000915527344,20.76522445678711,78.0003890991211,51.667808532714844,85.6822509765625,73.99971008300781,41.95000076293945
2024-03-14,498.6324157714844,66.25967407226562,72.67587280273438,38.9159049987793,83.14128112792969,200.35000610351562,22.729999542236328,20.829513549804688,76.83055114746094,51.2874870300293,85.04764556884766,73.9362564086914,39.5099983215332
2024-03-15,495.2084655761719,66.21670532226562,72.7035140991211,38.67873001098633,83.11446380615234,199.7100067138672,23.030000686645508,20.902986526489258,76.65959167480469,51.25038146972656,84.90258026123047,73.8908920288086,39.38999938964844
2024-03-18,498.1515197753906,66.37138366699219,72.68509674072266,38.745140075683594,82.86407470703125,200.02999877929688,22.90999984741211,21.095849990844727,76.69558715820312,50.953548431396484,84.8028564453125,73.89996337890625,38.13999938964844
2024-03-19,500.91986083984375,66.63772583007812,72.8141098022461,38.55539321899414,83.09658813476562,199.8000030517578,22.790000915527344,21.086666107177734,76.66858673095703,51.00920486450195,85.04764556884766,73.96343231201172,36.70000076293945
2024-03-20,505.5529479980469,66.861083984375,73.58824157714844,38.99180221557617,83.06976318359375,202.17999267578125,23.290000915527344,21.03156280517578,77.17251586914062,51.60287094116211,85.24707794189453,74.08131408691406,37.54999923706055
2024-03-21,507.2236633300781,66.82672119140625,73.55138397216797,39.039241790771484,83.24858856201172,201.97000122070312,22.649999618530273,21.004011154174805,77.73043060302734,51.4637336730957,85.25617218017578,74.08131408691406,37.150001525878906
2024-03-22,506.2621154785156,66.75801086425781,73.39470672607422,38.76411437988281,84.04452514648438,200.35000610351562,22.559999465942383,20.857065200805664,76.75208282470703,51.33386993408203,85.67318725585938,74.1357192993164,36.40999984741211
2024-03-25,504.8634033203125,66.65489196777344,73.238037109375,38.79257583618164,83.62422943115234,200.99000549316406,22.579999923706055,21.03156280517578,76.28015899658203,51.408077239990234,85.446533203125,74.09944915771484,40.54999923706055
2024-03-26,503.93084716796875,66.57754516601562,73.32098388671875,38.76411437988281,83.85671997070312,201.63999938964844,22.34000015258789,20.866249084472656,75.97158813476562,51.43590545654297,85.5734634399414,74.11759185791016,39.630001068115234
2024-03-27,508.16583251953125,66.9298324584961,73.76335144042969,38.83052444458008,84.68840026855469,203.10000610351562,22.510000228881836,20.847881317138672,77.9319076538086,51.760562896728516,85.89983367919922,74.19918823242188,39.130001068115234
2024-03-28,508.0686340332031,66.78376770019531,73.59745788574219,38.97283172607422,84.61685943603516,205.72000122070312,22.75,21.095849990844727,78.48551177978516,51.639976501464844,85.81822967529297,74.15385437011719,40.470001220703125
2024-04-01,507.1848449707031,66.51174926757812,73.28412628173828,39.039241790771484,83.03950500488281,207.82000732421875,22.860000610351562,21.196876525878906,77.1695556640625,51.58432388305664,85.04173278808594,73.9991683959961,39.75
2024-04-02,503.9600830078125,66.39948272705078,72.76803588867188,39.162567138671875,82.58192443847656,210.88999938964844,23.84000015258789,21.389741897583008,76.1984634399414,51.12051773071289,84.85990142822266,74.03559112548828,37.599998474121094
2024-04-03,504.51361083984375,66.45130157470703,73.17353820800781,39.1910285949707,82.56396484375,212.74000549316406,24.729999542236328,21.646896362304688,76.28015899658203,51.43590545654297,84.95992279052734,74.09017944335938,37.540000915527344
2024-04-04,498.35552978515625,66.39948272705078,72.54685974121094,39.04872512817383,83.1561279296875,211.52000427246094,24.489999771118164,21.702001571655273,75.79006958007812,51.03703308105469,85.25086975097656,74.16294860839844,39.08000183105469
2024-04-05,503.5617370605469,66.33904266357422,72.77725982666016,39.13410568237305,81.99871063232422,215.13999938964844,25.030000686645508,21.812210083007812,76.1803207397461,51.17617416381836,84.6871337890625,74.044677734375,38.40999984741211
2024-04-08,503.8434143066406,66.49451446533203,73.13666534423828,39.3902587890625,81.98975372314453,216.47999572753906,25.399999618530273,21.80302619934082,76.99710845947266,51.4266242980957,84.49618530273438,73.97191619873047,40.95000076293945
2024-04-09,504.42620849609375,66.63263702392578,73.12744903564453,39.65589904785156,82.75238800048828,217.6699981689453,25.719999313354492,21.68363380432129,78.02265930175781,51.2967643737793,84.83262634277344,74.044677734375,39.33000183105469
2024-04-10,499.3753967285156,66.04544067382812,72.15979766845703,39.115135192871094,80.94894409179688,215.61000061035156,25.450000762939453,21.793842315673828,74.79175567626953,50.72164535522461,83.70515441894531,73.74445343017578,40.0
2024-04-11,503.1441650390625,65.98497772216797,72.35331726074219,39.3523063659668,80.58110046386719,219.8000030517578,26.010000228881836,21.757104873657227,75.04586029052734,50.74946975708008,83.58695983886719,73.83544158935547,40.16999816894531
2024-04-12,496.19921875,65.95045471191406,71.18292236328125,38.4510383605957,81.01175689697266,216.88999938964844,25.6299991607666,21.784656524658203,74.15645599365234,49.88679885864258,83.93246459960938,73.88093566894531,38.13999938964844
2024-04-15,489.98272705078125,65.57046508789062,70.97095489501953,38.204376220703125,79.75562286376953,220.9499969482422,26.40999984741211,21.812210083007812,72.89496612548828,49.840415954589844,83.39601135253906,73.85365295410156,36.08000183105469
2024-04-16,489.08905029296875,65.3545913696289,70.27055358886719,37.70156478881836,79.22622680664062,221.22000122070312,25.799999237060547,21.77547264099121,71.86942291259766,49.4786491394043,83.06866455078125,73.80816650390625,35.75
2024-04-17,486.1946105957031,65.4409408569336,70.31663513183594,37.673099517822266,80.10555267333984,219.58999633789062,25.850000381469727,21.43566131591797,71.34303283691406,49.66417694091797,83.59603118896484,73.86273956298828,34.7599983215332
2024-04-18,485.1940612792969,65.49274444580078,70.12308502197266,37.824893951416016,79.70176696777344,220.33999633789062,25.860000610351562,21.426477432250977,71.35211944580078,49.52503204345703,83.3050765991211,73.82633972167969,36.209999084472656
2024-04-19,480.95916748046875,65.61366271972656,70.15074157714844,37.673099517822266,79.9889144897461,221.02999877929688,26.200000762939453,21.527503967285156,71.69697570800781,49.65489959716797,83.4141845703125,73.84452819824219,36.66999816894531
2024-04-22,485.388427734375,65.97636413574219,70.97095489501953,38.0810432434082,79.85432434082031,215.57000732421875,24.93000030517578,21.527503967285156,72.33226776123047,50.23001480102539,83.42328643798828,73.88093566894531,37.93000030517578
2024-04-23,491.1483154296875,66.24404907226562,71.74507904052734,38.39411926269531,79.88121795654297,215.0399932861328,24.989999771118164,21.61934471130371,72.99478912353516,50.953548431396484,83.53236389160156,73.94461059570312,37.900001525878906
2024-04-24,490.91522216796875,66.09725952148438,71.60684204101562,38.52693557739258,79.31595611572266,214.63999938964844,24.899999618530273,21.5917911529541,73.13091278076172,50.72164535522461,83.27780151367188,73.91731262207031,36.40999984741211
2024-04-25,489.0502624511719,65.95906829833984,71.27507019042969,38.6123161315918,78.75967407226562,215.9199981689453,25.059999465942383,21.711183547973633,72.71344757080078,50.61960983276367,82.95956420898438,73.86273956298828,36.86000061035156
2024-04-26,493.6834716796875,66.16632080078125,71.84645080566406,39.05821228027344,79.17242431640625,216.6199951171875,24.889999389648438,21.72955322265625,72.74976348876953,51.06486129760742,83.1868896484375,73.88093566894531,36.31999969482422
2024-04-29,495.43182373046875,66.36494445800781,72.1229248046875,39.43769073486328,79.83637237548828,216.17999267578125,24.829999923706055,21.711183547973633,73.49395751953125,51.148345947265625,83.52330780029297,73.91731262207031,35.869998931884766
2024-04-30,487.5835876464844,65.8813705444336,71.21056365966797,38.88744354248047,79.1544418334961,211.8699951171875,24.049999237060547,21.43566131591797,72.25060272216797,50.41553497314453,83.13232421875,73.82633972167969,33.56999969482422
2024-05-01,486.00030517578125,66.22862243652344,71.05389404296875,38.92538833618164,79.7379150390625,213.7899932861328,24.270000457763672,21.123403549194336,72.27782440185547,50.20218276977539,83.46154022216797,73.97420501708984,32.38999938964844
2024-05-02,490.5461120605469,66.6366195678711,72.01233673095703,39.93101501464844,80.08007049560547,213.1300048828125,24.360000610351562,21.196876525878906,73.29429626464844,50.777305603027344,83.85367584228516,74.08373260498047,33.79999923706055
2024-05-03,496.6265869140625,66.9144287109375,72.73117065429688,40.29153060913086,80.89039611816406,212.9600067138672,24.219999313354492,21.224430084228516,73.78436279296875,51.22256088256836,84.31876373291016,74.202392578125,35.400001525878906
2024-05-06,501.75506591796875,66.99253845214844,73.22883605957031,40.32947540283203,81.20553588867188,215.1999969482422,25.06999969482422,21.463214874267578,73.84788513183594,51.60287094116211,84.39173126220703,74.19326782226562,36.0099983215332
2024-05-07,502.30877685546875,67.00121307373047,73.42236328125,40.10178756713867,81.70074462890625,214.2100067138672,24.920000076293945,21.444847106933594,74.54672241210938,51.96464538574219,84.61061096191406,74.202392578125,35.93000030517578
2024-05-08,502.3573303222656,66.844970703125,73.33942413330078,40.111270904541016,81.20553588867188,213.5800018310547,24.950000762939453,21.334636688232422,73.92050170898438,52.14088439941406,84.37348937988281,74.18413543701172,35.380001068115234
2024-05-09,505.2518615722656,66.8623046875,73.90158081054688,40.23460388183594,81.6017074584961,216.9499969482422,25.860000610351562,21.417293548583984,75.43611907958984,52.69745635986328,84.62881469726562,74.2480239868164,35.58000183105469
2024-05-10,505.9026794433594,66.75813293457031,74.03981018066406,40.31998825073242,81.14252471923828,218.7100067138672,25.770000457763672,21.38055992126465,75.22738647460938,52.901519775390625,84.3552474975586,74.18413543701172,34.58000183105469
2024-05-13,505.97064208984375,66.74079895019531,74.03981018066406,40.62357711791992,81.34960174560547,216.25999450683594,25.799999237060547,21.518320083618164,75.472412109375,52.929359436035156,84.45553588867188,74.202392578125,36.0
2024-05-14,508.2919921875,66.844970703125,74.59276580810547,40.841773986816406,81.80879974365234,218.08999633789062,26.1299991607666,21.426477432250977,76.05326080322266,53.34677505493164,84.70178985595703,74.275390625,35.06999969482422
2024-05-15,514.5863647460938,67.2356185913086,75.38532257080078,41.27818298339844,82.92525482177734,220.88999938964844,27.1200008392334,21.499950408935547,77.10601806640625,53.884796142578125,85.34013366699219,74.41227722167969,37.66999816894531
2024-05-16,513.527587890625,67.079345703125,74.97982788085938,41.36355972290039,82.84425354003906,220.02999877929688,27.059999465942383,21.5550537109375,77.05156707763672,53.56013488769531,85.1760025024414,74.3575210571289,37.150001525878906
2024-05-17,514.2657470703125,67.08802032470703,75.23787689208984,41.543819427490234,82.2859878540039,223.66000366210938,28.790000915527344,21.77547264099121,77.04248809814453,53.72709655761719,84.91152954101562,74.31190490722656,38.279998779296875
2024-05-20,514.8582153320312,67.12277221679688,75.29316711425781,41.392024993896484,82.04290008544922,224.55999755859375,28.979999542236328,21.968339920043945,76.5887222290039,53.66216278076172,84.78386688232422,74.29364776611328,39.970001220703125
2024-05-21,516.1210327148438,67.07066345214844,75.1733627319336,41.1358757019043,82.466064453125,224.22999572753906,29.270000457763672,21.876497268676758,76.5615005493164,53.68070983886719,85.00271606445312,74.3301773071289,39.470001220703125
2024-05-22,514.634765625,66.92308807373047,74.46375274658203,41.00305938720703,82.56513977050781,220.11000061035156,28.219999313354492,21.564237594604492,75.87175750732422,53.2447395324707,84.89329528808594,74.275390625,39.709999084472656
2024-05-23,510.87591552734375,66.68870544433594,74.08589935302734,40.6994743347168,82.03385162353516,215.72000122070312,27.549999237060547,21.454030990600586,74.23815155029297,52.994285583496094,84.59234619140625,74.23890686035156,38.27000045776367
2024-05-24,514.2560424804688,66.92308807373047,74.69414520263672,40.81331253051758,82.2770004272461,215.9199981689453,27.739999771118164,21.600976943969727,74.29261016845703,53.37460708618164,84.70178985595703,74.26626586914062,39.459999084472656
2024-05-28,514.6153564453125,66.65399932861328,74.66650390625,40.75639343261719,81.09749603271484,218.19000244140625,29.239999771118164,21.986709594726562,73.80252075195312,53.31895065307617,84.22758483886719,74.202392578125,38.97999954223633
2024-05-29,511.0117492675781,66.4543228149414,73.48686981201172,40.14922332763672,80.11607360839844,216.16000366210938,29.170000076293945,21.757104873657227,73.08555603027344,52.47482681274414,83.81719207763672,74.17500305175781,38.31999969482422
2024-05-30,507.6219482421875,66.72342681884766,74.10433959960938,40.035377502441406,80.89039611816406,216.57000732421875,28.420000076293945,21.47239875793457,74.15645599365234,52.957183837890625,84.23668670654297,74.25714111328125,39.15999984741211
2024-05-31,512.2454833984375,66.95780181884766,74.81394958496094,39.64640808105469,81.43964385986328,215.3000030517578,27.760000228881836,21.371374130249023,75.54502868652344,53.41171646118164,84.62881469726562,74.3575210571289,38.54999923706055
2024-06-03,512.6630859375,67.16539764404297,75.02590942382812,40.063838958740234,82.75688171386719,217.22000122070312,27.889999389648438,21.06829833984375,75.37258911132812,53.476646423339844,85.18312072753906,74.4417724609375,39.439998626708984
2024-06-04,513.2361450195312,67.13050079345703,74.93374633789062,39.50410079956055,83.72360229492188,215.27000427246094,27.020000457763672,20.857065200805664,75.95343017578125,53.38388442993164,85.64961242675781,74.5150375366211,40.16999816894531
2024-06-05,519.3359375,67.34855651855469,75.45906066894531,40.13973617553711,84.33792114257812,217.82000732421875,27.399999618530273,20.930538177490234,75.86266326904297,53.894065856933594,85.96058654785156,74.58830261230469,40.66999816894531
2024-06-06,519.3263549804688,67.23516082763672,75.71710205078125,40.338966369628906,84.21144104003906,219.42999267578125,28.530000686645508,21.2060604095459,76.00786590576172,54.14452362060547,85.92401123046875,74.59742736816406,40.15999984741211
2024-06-07,518.6948852539062,67.06072998046875,74.89688873291016,39.883583068847656,82.66654205322266,211.60000610351562,26.670000076293945,20.902986526489258,75.29090881347656,53.48591995239258,85.01849365234375,74.40514373779297,39.41999816894531
2024-06-10,520.297607421875,67.12178039550781,74.84158325195312,40.12076187133789,82.11543273925781,213.5399932861328,27.1200008392334,21.2060604095459,75.54502868652344,53.29112243652344,84.83553314208984,74.4142837524414,39.59000015258789
2024-06-11,521.5506591796875,67.2090072631836,73.99114227294922,39.98702621459961,82.9646987915039,214.14999389648438,26.709999084472656,21.178508758544922,75.27275085449219,52.64175033569336,85.28373718261719,74.49671936035156,38.43000030517578
2024-06-12,525.8341674804688,67.47940063476562,74.86315155029297,40.38823318481445,83.58807373046875,214.72000122070312,27.030000686645508,21.25197982788086,75.94434356689453,53.4285774230957,85.75936126708984,74.59742736816406,38.45000076293945
2024-06-13,526.8929443359375,67.47066497802734,73.79422760009766,40.29270553588867,84.81678771972656,212.97000122070312,26.43000030517578,21.270347595214844,76.25292205810547,52.64175033569336,86.32646179199219,74.71648406982422,37.900001525878906
2024-06-14,527.2135009765625,67.2090072631836,72.97845458984375,40.34046936035156,85.5304946899414,215.72999572753906,27.010000228881836,21.187692642211914,76.23477935791016,51.8170051574707,86.52769470214844,74.72563171386719,37.29999923706055
2024-06-17,531.4094848632812,67.25259399414062,73.26913452148438,40.598384857177734,84.68125915527344,214.61000061035156,26.920000076293945,21.26116371154785,75.93526458740234,52.2056770324707,86.125244140625,74.65235900878906,37.97999954223633
2024-06-18,532.7597045898438,67.4619369506836,73.55980682373047,40.97093963623047,85.458251953125,215.47000122070312,26.959999084472656,21.43566131591797,76.23477935791016,52.42371368408203,86.500244140625,74.75309753417969,36.63999938964844
2024-06-20,531.3124389648438,67.41832733154297,73.606689453125,40.904075622558594,84.88904571533203,218.16000366210938,28.0,21.481582641601562,76.01695251464844,52.56591033935547,86.28071594238281,74.72563171386719,37.040000915527344
2024-06-21,530.60009765625,67.4968032836914,73.09097290039062,40.760780334472656,84.88904571533203,214.77999877929688,26.979999542236328,21.307085037231445,76.20755004882812,52.139320373535156,86.29902648925781,74.75309753417969,36.58000183105469
2024-06-24,528.875244140625,67.42703247070312,73.67232513427734,40.760780334472656,85.23236846923828,215.6300048828125,27.0,21.481582641601562,76.7974624633789,52.58487319946289,86.37220001220703,74.76223754882812,33.76499938964844
2024-06-25,530.9119262695312,67.51423645019531,73.8504867553711,40.66525650024414,85.37692260742188,214.55999755859375,26.399999618530273,21.27953338623047,75.85359954833984,52.54695510864258,86.44536590576172,74.77141571044922,35.29999923706055
2024-06-26,531.5745849609375,67.3659896850586,73.30663299560547,40.579280853271484,84.15725708007812,212.5800018310547,26.309999465942383,21.316268920898438,75.61762237548828,52.08243942260742,85.92401123046875,74.69813537597656,34.709999084472656
2024-06-27,532.4126586914062,67.44451141357422,73.36289978027344,40.60793685913086,84.49153137207031,214.99000549316406,26.450000762939453,21.426477432250977,76.35275268554688,51.99711608886719,86.11608123779297,74.75309753417969,34.97999954223633
2024-06-28,530.3174438476562,67.27877807617188,73.44729614257812,40.68436050415039,82.91950225830078,215.00999450683594,26.56999969482422,21.334636688232422,76.96194458007812,51.911800384521484,85.65875244140625,74.76223754882812,34.13999938964844
2024-07-01,531.408935546875,67.265625,73.57855987548828,40.77988052368164,81.4884033203125,215.57000732421875,26.850000381469727,21.61016082763672,76.2360610961914,52.17723846435547,85.02111053466797,74.69795989990234,36.0
2024-07-02,534.9851684570312,67.44974517822266,73.75672149658203,40.904075622558594,82.12285614013672,215.55999755859375,26.969999313354492,21.637712478637695,76.59439849853516,52.0634765625,85.34220886230469,74.76224517822266,35.220001220703125
2024-07-03,537.37255859375,67.68647766113281,74.6006088256836,41.50587844848633,83.20140075683594,217.99000549316406,27.84000015258789,21.757104873657227,76.52090454101562,52.66070556640625,85.91106414794922,74.87247467041016,34.439998626708984
2024-07-05,540.4713134765625,67.88814544677734,75.09757232666016,41.677825927734375,83.89022064208984,220.92999267578125,28.479999542236328,21.839763641357422,76.73224639892578,53.07782745361328,86.38813781738281,75.01028442382812,32.20000076293945
2024-07-08,541.0950317382812,67.87060546875,74.7225112915039,41.687381744384766,84.07147216796875,218.19000244140625,28.1299991607666,21.54587173461914,76.98031616210938,52.84082794189453,86.41565704345703,75.00110626220703,32.15999984741211
2024-07-09,541.6212158203125,67.79167175292969,74.42247009277344,41.85932540893555,83.69987487792969,218.55999755859375,28.1200008392334,21.398923873901367,76.96194458007812,52.40475082397461,86.29637908935547,74.98273468017578,32.959999084472656
2024-07-10,546.9806518554688,67.949462890625,75.47264862060547,42.09813690185547,83.96268463134766,219.36000061035156,28.15999984741211,21.398923873901367,77.53162384033203,53.08730697631836,86.37895965576172,75.01028442382812,32.66999816894531
2024-07-11,542.2643432617188,68.19497680664062,75.68830108642578,42.34651184082031,84.77840423583984,223.25,28.68000030517578,21.47239875793457,79.75521087646484,53.295860290527344,86.929443359375,75.1848373413086,32.70000076293945
2024-07-12,545.6846313476562,68.3703384399414,76.49470520019531,42.51845169067383,85.14093780517578,223.11000061035156,28.1200008392334,21.389741897583008,80.36163330078125,53.92153549194336,87.11292266845703,75.29507446289062,32.849998474121094
2024-07-15,547.185302734375,68.37911224365234,75.819580078125,42.069480895996094,84.1620864868164,223.8300018310547,28.030000686645508,21.233612060546875,80.90377044677734,53.324302673339844,86.83769989013672,75.29507446289062,36.150001525878906
2024-07-16,550.4302368164062,68.64213562011719,76.18526458740234,42.30829620361328,85.34937286376953,228.2899932861328,28.610000610351562,21.178508758544922,81.89610290527344,53.47597885131836,87.2230224609375,75.32264709472656,37.16999816894531
2024-07-17,542.7125854492188,68.56324768066406,75.78207397460938,41.62051010131836,85.36750030517578,227.22999572753906,27.670000076293945,21.178508758544922,82.45658874511719,53.210540771484375,87.29642486572266,75.33181762695312,36.84000015258789
2024-07-18,538.5418090820312,68.42295837402344,75.03193664550781,41.22885513305664,84.71495819091797,225.77999877929688,27.200000762939453,21.02237892150879,81.73072052001953,52.717586517333984,87.0486831665039,75.29507446289062,36.220001220703125
2024-07-19,534.9656982421875,68.3703384399414,74.57247924804688,40.82765197753906,84.21646881103516,221.72999572753906,26.690000534057617,20.737672805786133,81.58369445800781,52.40475082397461,86.77349853515625,75.2583236694336,38.400001525878906
2024-07-22,540.4810791015625,68.62461853027344,75.36012268066406,41.17154312133789,83.97175598144531,221.8000030517578,26.6299991607666,20.792776107788086,82.42903137207031,53.16314697265625,86.6908950805664,75.26753234863281,38.93000030517578
2024-07-23,539.6334228515625,68.63337707519531,74.93817901611328,40.80854034423828,83.85393524169922,222.5800018310547,26.68000030517578,20.599910736083984,82.36471557617188,52.746028900146484,86.75511932373047,75.30428314208984,37.34000015258789
2024-07-24,527.4038696289062,68.4141845703125,73.99114227294922,40.216285705566406,82.94759368896484,221.8000030517578,26.43000030517578,20.59072494506836,81.15184783935547,52.23411560058594,86.56244659423828,75.34099578857422,37.41999816894531
2024-07-25,524.6559448242188,68.42295837402344,73.52230072021484,40.053890228271484,83.62735748291016,218.3300018310547,25.40999984741211,20.636646270751953,80.88538360595703,52.05399703979492,86.75511932373047,75.35020446777344,36.83000183105469
2024-07-26,530.5317993164062,68.64213562011719,74.45996856689453,40.46464920043945,84.27992248535156,220.6300048828125,25.479999542236328,20.425413131713867,82.30038452148438,52.75551223754883,87.16796112060547,75.45126342773438,38.790000915527344
2024-07-29,530.84375,68.58076477050781,74.13178253173828,40.3309211730957,84.73308563232422,220.32000732421875,25.440000534057617,20.33357048034668,82.72306823730469,52.3952751159668,87.31476593017578,75.46044921875,38.34000015258789
2024-07-30,528.1542358398438,68.61582946777344,74.3005599975586,40.149410247802734,85.05934143066406,222.52000427246094,25.829999923706055,20.2692813873291,83.36625671386719,52.55643081665039,87.49824523925781,75.48799896240234,37.54999923706055
2024-07-31,536.7391967773438,68.86133575439453,75.35073852539062,41.028255462646484,85.92943572998047,226.5500030517578,26.389999389648438,20.737672805786133,83.07221984863281,53.0114631652832,88.14048767089844,75.64417266845703,37.18000030517578
2024-08-01,529.138427734375,68.71063232421875,73.35352325439453,40.31181335449219,86.67057800292969,225.77000427246094,26.030000686645508,20.489700317382812,83.90836334228516,51.99711608886719,88.51685333251953,75.77507019042969,36.06999969482422
2024-08-02,519.2868041992188,68.48147583007812,72.2001953125,39.73865509033203,89.37134552001953,225.33999633789062,26.040000915527344,20.11315155029297,83.8624267578125,51.58000183105469,89.88800048828125,76.19906616210938,35.61000061035156
2024-08-05,504.1632080078125,68.05844116210938,70.62492370605469,38.611454010009766,89.8442153930664,222.47999572753906,24.860000610351562,20.076417922973633,81.4642562866211,50.48033905029297,89.98002624511719,76.18065643310547,30.479999542236328
2024-08-06,508.811279296875,68.31401824951172,70.7468032836914,38.8311653137207,87.83452606201172,220.6999969482422,24.639999389648438,19.911104202270508,83.07221984863281,50.57514190673828,89.17943572998047,76.08846282958984,32.34000015258789
2024-08-07,505.410400390625,68.44622802734375,71.08436584472656,39.069984436035156,87.21617889404297,220.5500030517578,24.329999923706055,20.094785690307617,82.5025405883789,50.68889617919922,88.85736083984375,76.04237365722656,31.190000534057617
2024-08-08,517.0941162109375,68.72825622558594,72.27520751953125,39.958370208740234,86.67965698242188,224.00999450683594,25.010000228881836,20.278467178344727,83.31111145019531,51.42832565307617,88.5904541015625,76.00548553466797,33.880001068115234
2024-08-09,519.3743896484375,68.71943664550781,72.55650329589844,40.17807388305664,87.53443145751953,224.55999755859375,25.0,20.397859573364258,83.697021484375,51.73168182373047,88.9493637084961,76.0239486694336,34.599998474121094
2024-08-12,519.6472778320312,68.76350402832031,72.49085998535156,40.31181335449219,87.85271453857422,228.41000366210938,25.489999771118164,20.682567596435547,83.08141326904297,51.589481353759766,89.19783020019531,76.07000732421875,33.63999938964844
2024-08-13,528.1931762695312,69.08080291748047,73.73796844482422,40.760780334472656,88.46199798583984,228.05999755859375,25.420000076293945,20.489700317382812,83.80728912353516,52.2625617980957,89.59353637695312,76.18985748291016,34.63999938964844
2024-08-14,529.859619140625,69.20417022705078,74.0098876953125,40.541072845458984,89.01669311523438,226.1999969482422,25.1299991607666,20.36112403869629,84.0278091430664,52.56591033935547,89.71315002441406,76.18065643310547,33.560001373291016
2024-08-15,538.94140625,69.26588439941406,74.91004943847656,40.99004364013672,88.29829406738281,226.91000366210938,25.860000610351562,20.526437759399414,83.9635009765625,53.11574172973633,89.15181732177734,75.99627685546875,32.5
2024-08-16,540.1497802734375,69.48622131347656,75.32261657714844,41.46766662597656,88.6075210571289,231.99000549316406,26.43000030517578,20.397859573364258,83.91755676269531,53.40962219238281,89.32665252685547,76.0792465209961,34.029998779296875
2024-08-19,545.3143920898438,69.60082244873047,76.24152374267578,41.86888122558594,89.01669311523438,231.61000061035156,26.829999923706055,20.28765106201172,84.61585998535156,53.978416442871094,89.44627380371094,76.060791015625,33.619998931884766
2024-08-20,544.4276123046875,69.53910827636719,76.00711059570312,41.54409408569336,89.72599792480469,232.4600067138672,26.8700008392334,20.204994201660156,84.51480102539062,53.949974060058594,89.80516815185547,76.17142486572266,33.91999816894531
2024-08-21,546.2985229492188,69.69775390625,76.71035766601562,41.706485748291016,89.78055572509766,232.14999389648438,26.950000762939453,20.10396957397461,84.96503448486328,54.357608795166016,89.98924255371094,76.2543716430664,35.130001068115234
2024-08-22,542.0108032226562,69.609619140625,76.26028442382812,41.190643310546875,88.88939666748047,229.3699951171875,26.389999389648438,20.085603713989258,85.2131118774414,54.07321548461914,89.57512664794922,76.1529769897461,34.349998474121094
2024-08-23,547.77001953125,69.97978973388672,77.65739440917969,41.87843322753906,89.47136688232422,232.02000427246094,27.200000762939453,20.44378089904785,87.0875473022461,54.91691970825195,89.98924255371094,76.32809448242188,36.279998779296875
2024-08-26,546.4641723632812,69.8387680053711,77.31047058105469,41.52499008178711,89.24403381347656,232.75999450683594,27.31999969482422,20.655014038085938,87.05079650878906,54.793678283691406,89.87879180908203,76.29120635986328,36.09000015258789
2024-08-27,547.214599609375,69.88285064697266,77.66677856445312,41.58230209350586,89.08943176269531,233.38999938964844,27.360000610351562,20.55398941040039,87.17943572998047,54.992759704589844,89.84198760986328,76.33732604980469,35.380001068115234
2024-08-28,544.0377807617188,69.84757232666016,77.39485168457031,41.32438278198242,88.98031616210938,231.75,26.690000534057617,20.306018829345703,86.83946228027344,54.86003875732422,89.79597473144531,76.32809448242188,33.52000045776367
2024-08-29,544.086669921875,69.9180908203125,77.68553161621094,41.34348678588867,88.68932342529297,232.9499969482422,26.809999465942383,20.53562355041504,86.572998046875,55.040157318115234,89.63951110839844,76.31889343261719,33.689998626708984
2024-08-30,549.2804565429688,69.9269027709961,77.80743408203125,41.42945861816406,87.74359130859375,231.2899932861328,26.350000381469727,20.306018829345703,87.40913391113281,55.163394927978516,89.32665252685547,76.31889343261719,33.369998931884766
2024-09-03,537.9766235351562,69.67893981933594,76.57908630371094,40.60793685913086,89.17867279052734,230.2899932861328,25.579999923706055,19.901920318603516,87.36320495605469,54.11113357543945,89.91551208496094,76.40028381347656,32.97999954223633
2024-09-04,536.8755493164062,69.9357681274414,76.24152374267578,40.598384857177734,90.32818603515625,230.42999267578125,25.68000030517578,19.754974365234375,87.61127471923828,53.978416442871094,90.44161224365234,76.5667724609375,33.040000915527344
2024-09-05,535.56982421875,70.17487335205078,76.26028442382812,40.655704498291016,90.83908081054688,232.35000610351562,26.229999542236328,19.800893783569336,87.32644653320312,53.84569549560547,90.65389251708984,76.59453582763672,31.850000381469727
2024-09-06,526.55615234375,70.0863037109375,74.82565307617188,39.91060256958008,90.8299560546875,230.6300048828125,25.479999542236328,19.534557342529297,87.24375915527344,53.0399055480957,90.78311920166016,76.73326110839844,30.40999984741211
2024-09-09,532.4515380859375,70.25458526611328,75.5757827758789,40.24494934082031,91.22223663330078,231.60000610351562,25.850000381469727,19.58966064453125,88.21772003173828,53.40013885498047,90.91231536865234,76.74250030517578,32.5099983215332
2024-09-10,534.7706909179688,70.12174224853516,75.20071411132812,40.09210205078125,91.86087799072266,232.6199951171875,25.940000534057617,19.304954528808594,89.4948959350586,53.16314697265625,91.29996490478516,76.8534927368164,33.0
2024-09-11,540.2568969726562,70.22801971435547,75.65080261230469,40.38823318481445,91.78788757324219,232.25,26.1200008392334,19.479450225830078,89.32032012939453,53.44754409790039,91.23536682128906,76.78875732421875,32.79999923706055
2024-09-12,544.8076782226562,70.3254165649414,76.26966094970703,40.722572326660156,91.35910034179688,236.3300018310547,27.270000457763672,19.855998992919922,89.69703674316406,53.836212158203125,91.08769226074219,76.79798126220703,33.25
2024-09-13,547.6530151367188,70.52025604248047,76.44781494140625,40.91362380981445,91.60542297363281,238.67999267578125,28.020000457763672,19.892736434936523,90.63426208496094,54.11113357543945,91.26304626464844,76.90901184082031,34.040000915527344
2024-09-16,548.4618530273438,70.69738006591797,77.0666732788086,41.04736328125,92.44476318359375,238.66000366210938,28.06999969482422,20.03968048095703,90.9374771118164,54.47136306762695,91.5030288696289,76.95523071289062,32.97999954223633
2024-09-17,548.6859130859375,70.7150650024414,76.63534545898438,41.09511947631836,91.99772644042969,237.33999633789062,27.959999084472656,20.177440643310547,90.30347442626953,54.30072784423828,91.33689880371094,76.8997573852539,34.099998474121094
2024-09-18,547.0587158203125,70.77708435058594,76.39155578613281,40.95183181762695,90.85729217529297,235.50999450683594,27.239999771118164,20.048864364624023,90.1932373046875,54.120609283447266,90.94000244140625,76.87200927734375,34.150001525878906
2024-09-19,556.3938598632812,70.9896240234375,77.90119171142578,41.82111358642578,90.5562515258789,239.1699981689453,28.09000015258789,20.407045364379883,90.21159362792969,55.097042083740234,90.86617279052734,76.93675994873047,36.0099983215332
2024-09-20,555.43212890625,71.07819366455078,77.13230895996094,41.73514175415039,90.20955657958984,242.2100067138672,28.40999984741211,20.407045364379883,89.85325622558594,54.31020736694336,90.83846282958984,76.9645004272461,35.79999923706055
2024-09-23,556.820068359375,70.9453353881836,77.42298889160156,42.05992889404297,90.01799774169922,242.67999267578125,27.979999542236328,20.416229248046875,90.74452209472656,54.42396926879883,90.78311920166016,76.9645004272461,36.040000915527344
2024-09-24,558.4132690429688,70.95419311523438,77.8824462890625,43.49281311035156,89.99974822998047,246.07000732421875,29.3799991607666,20.756038665771484,90.87316131591797,54.91691970825195,90.88465881347656,77.03850555419922,36.63999938964844
2024-09-25,557.1817016601562,70.87448120117188,77.46048736572266,43.0342903137207,89.25164031982422,245.72999572753906,29.059999465942383,20.58154296875,90.26671600341797,54.698883056640625,90.51542663574219,76.97374725341797,35.970001220703125
2024-09-26,559.3906860351562,70.9896240234375,79.16704559326172,44.61046600341797,89.46146392822266,246.97999572753906,29.260000228881836,20.397859573364258,89.448974609375,55.684791564941406,90.45083618164062,76.8997573852539,36.84000015258789
2024-09-27,558.579345703125,71.166748046875,78.68882751464844,44.52449035644531,89.9267807006836,245.02000427246094,28.860000610351562,20.498884201049805,89.56293487548828,55.72270584106445,90.81079864501953,77.02000427246094,37.38999938964844
2024-09-30,560.8177490234375,71.11360168457031,78.41690063476562,43.808048248291016,89.49798583984375,243.05999755859375,28.40999984741211,20.452964782714844,90.26712799072266,55.239234924316406,90.56159210205078,76.90901184082031,36.130001068115234
2024-10-01,555.7937622070312,71.0780029296875,77.83556365966797,44.12328338623047,90.1441421508789,245.61000061035156,28.579999923706055,20.81114387512207,89.68338775634766,54.63252258300781,90.89112091064453,76.95819854736328,35.130001068115234
2024-10-02,556.0283813476562,71.0869140625,77.67615509033203,44.9925651550293,89.38449096679688,245.66000366210938,29.0,20.98564338684082,89.36834716796875,54.47136306762695,90.6319580078125,76.93962860107422,34.2400016784668
2024-10-03,555.0118408203125,70.91783142089844,76.95415496826172,44.45762252807617,88.54243469238281,245.49000549316406,29.229999542236328,21.28871726989746,88.55296325683594,53.87413787841797,90.16909790039062,76.83755493164062,34.720001220703125
2024-10-04,560.055419921875,70.83772277832031,77.40422821044922,44.868385314941406,87.45329284667969,245.0,29.360000610351562,21.343822479248047,88.12673950195312,54.13957214355469,89.29898834228516,76.57769775390625,35.52000045776367
2024-10-07,554.9922485351562,70.53514862060547,76.972900390625,45.24093246459961,86.79429626464844,244.1699981689453,28.93000030517578,21.637712478637695,87.3484115600586,53.84569549560547,88.97501373291016,76.47562408447266,36.060001373291016
2024-10-08,560.2411499023438,70.7042236328125,76.85101318359375,44.12328338623047,86.94074249267578,242.3699951171875,28.010000228881836,21.132587432861328,87.52445983886719,53.79829406738281,89.04905700683594,76.54058837890625,35.400001525878906
2024-10-09,564.12158203125,70.65973663330078,76.86975860595703,43.88446807861328,86.44649505615234,241.0500030517578,27.860000610351562,20.948904037475586,87.61711120605469,53.968929290771484,88.71581268310547,76.46635437011719,34.68000030517578
2024-10-10,563.13427734375,70.62413787841797,76.77599334716797,43.97043991088867,86.10784912109375,242.82000732421875,28.3799991607666,21.36219024658203,86.83879089355469,53.81725311279297,88.70655822753906,76.53130340576172,33.95000076293945
2024-10-11,566.5064697265625,70.81103515625,77.1698226928711,44.28567886352539,85.76005554199219,245.47000122070312,28.799999237060547,21.38055992126465,87.82097625732422,54.13957214355469,88.73432922363281,76.59625244140625,35.939998626708984
2024-10-14,571.1395263671875,70.84661865234375,77.39485168457031,44.10417938232422,85.8241195678711,245.07000732421875,28.540000915527344,21.0499324798584,88.34910583496094,54.37656784057617,88.57698059082031,76.55914306640625,37.56999969482422
2024-10-15,566.7020263671875,70.82882690429688,76.1102523803711,43.16802215576172,86.86753845214844,245.9199981689453,28.709999084472656,20.645830154418945,89.41468811035156,53.51390075683594,89.03053283691406,76.59625244140625,38.16999816894531
2024-10-16,569.1651000976562,70.95343017578125,76.30716705322266,43.50237274169922,87.23361206054688,247.14999389648438,28.90999984741211,20.59072494506836,90.39684295654297,53.56129455566406,89.16938781738281,76.64268493652344,38.58000183105469
2024-10-17,569.214111328125,70.84661865234375,76.31654357910156,43.43549728393555,85.85160064697266,248.6300048828125,28.889999389648438,20.61827850341797,89.68338775634766,53.69401550292969,88.70655822753906,76.57769775390625,38.04999923706055
2024-10-18,571.4035034179688,71.0157241821289,76.83226013183594,43.865360260009766,85.91561889648438,251.27000427246094,30.639999389648438,20.50806999206543,90.35052490234375,54.07321548461914,88.80836486816406,76.64268493652344,39.06999969482422
2024-10-21,570.4652099609375,70.73094177246094,75.92272186279297,43.55968475341797,84.41461944580078,251.22000122070312,30.850000381469727,20.572359085083008,88.58075714111328,53.48545837402344,88.1233901977539,76.53130340576172,38.56999969482422
2024-10-22,570.1622314453125,70.6330337524414,75.49140167236328,43.46415710449219,84.49697875976562,253.92999267578125,31.739999771118164,20.930538177490234,88.71047973632812,53.314823150634766,88.04009246826172,76.52201843261719,38.40999984741211
2024-10-23,564.9523315429688,70.41946411132812,74.73188781738281,43.206233978271484,84.26815795898438,250.8699951171875,30.709999084472656,20.81114387512207,89.35909271240234,52.99250793457031,87.83642578125,76.47562408447266,37.810001373291016
2024-10-24,566.1741943359375,70.62413787841797,75.15383911132812,43.13936996459961,84.80819702148438,252.8000030517578,30.690000534057617,20.801959991455078,89.55366516113281,53.2010612487793,88.03083038330078,76.51274108886719,38.869998931884766
2024-10-25,565.9786987304688,70.5529556274414,74.90066528320312,43.101158142089844,84.33222961425781,253.32000732421875,30.6299991607666,20.948904037475586,88.71047973632812,52.96406555175781,87.83642578125,76.48490905761719,38.0099983215332
2024-10-28,567.7283325195312,70.73094177246094,75.50077819824219,43.29220962524414,84.10343170166016,253.3300018310547,30.729999542236328,20.3886775970459,88.98845672607422,53.46650314331055,87.63277435302734,76.4477767944336,39.66999816894531
2024-10-29,568.6471557617188,70.74873352050781,75.22885131835938,43.158477783203125,84.2315673828125,256.0899963378906,31.389999389648438,20.351940155029297,88.34910583496094,53.0114631652832,87.66981506347656,76.47562408447266,41.33000183105469
2024-10-30,566.9268798828125,70.62413787841797,74.74127197265625,42.738162994384766,84.47869110107422,257.5,30.809999465942383,20.609094619750977,88.73828125,52.58487319946289,87.54020690917969,76.41067504882812,40.880001068115234
2024-10-31,555.8133544921875,70.42835998535156,74.28181457519531,42.46113967895508,84.615966796875,253.50999450683594,29.809999465942383,20.746854782104492,87.23722076416016,52.110877990722656,87.49392700195312,76.42924499511719,39.779998779296875
2024-11-01,558.1592407226562,70.43283081054688,74.43183135986328,42.499351501464844,83.42304229736328,252.47000122070312,29.540000915527344,20.526437759399414,86.27359008789062,52.3952751159668,86.97579956054688,76.40409088134766,39.369998931884766
2024-11-04,556.9569091796875,70.62962341308594,74.48809814453125,42.738162994384766,84.71790313720703,252.8300018310547,29.6299991607666,20.87543296813965,87.21867370605469,52.42371368408203,87.4400863647461,76.45995330810547,38.25
2024-11-05,563.6914672851562,70.82637023925781,75.22885131835938,43.320865631103516,85.16790771484375,253.39999389648438,29.75,21.004011154174805,88.37691497802734,52.774471282958984,87.48651885986328,76.44133758544922,39.5099983215332
2024-11-06,577.7080078125,70.95157623291016,74.14115905761719,42.78592300415039,82.83526611328125,245.6999969482422,28.43000030517578,20.7744083404541,86.4959716796875,51.59896469116211,86.5858383178711,76.34822082519531,43.400001525878906
2024-11-07,582.1749267578125,71.25568389892578,75.266357421875,43.73162841796875,83.87303161621094,249.64999389648438,29.110000610351562,20.98564338684082,87.53372955322266,52.35735321044922,87.2822265625,76.47859191894531,43.599998474121094
2024-11-08,584.6968383789062,71.3719482421875,74.2255630493164,42.65218734741211,84.93829345703125,247.9600067138672,28.479999542236328,20.664199829101562,88.84019470214844,51.55156707763672,87.46794128417969,76.42271423339844,43.689998626708984
2024-11-11,585.2538452148438,71.29144287109375,74.24430847167969,42.32740783691406,84.52503967285156,242.13999938964844,27.969999313354492,20.33357048034668,88.39545440673828,51.513641357421875,87.22653198242188,76.3668441772461,49.56999969482422
2024-11-12,583.4358520507812,71.00523376464844,72.86593627929688,41.52499008178711,83.25772094726562,240.0500030517578,28.06999969482422,20.223363876342773,87.17237091064453,50.41397476196289,86.67868041992188,76.29235076904297,51.04999923706055
2024-11-13,583.71923828125,71.02314758300781,72.43460845947266,41.257511138916016,82.46794128417969,237.6300048828125,27.610000610351562,20.159074783325195,87.65419006347656,50.205421447753906,86.62297058105469,76.40409088134766,51.040000915527344
2024-11-14,579.9659423828125,70.8710708618164,72.58464050292969,41.028255462646484,82.94551086425781,237.00999450683594,27.809999465942383,20.140705108642578,86.8666000366211,50.366580963134766,86.61368560791016,76.29235076904297,49.72999954223633
2024-11-15,572.5374145507812,70.86214447021484,72.32208251953125,41.028255462646484,82.7250747680664,236.58999633789062,27.56999969482422,20.03968048095703,86.91292572021484,50.167503356933594,86.65081787109375,76.37612915039062,52.130001068115234
2024-11-18,574.88330078125,70.99632263183594,72.71591186523438,41.4963264465332,82.87201690673828,241.08999633789062,28.3799991607666,20.498884201049805,87.54299926757812,50.41397476196289,86.84581756591797,76.43203735351562,52.130001068115234
2024-11-19,576.9847412109375,71.1036148071289,72.62213897705078,41.46766662597656,83.29446411132812,243.25,28.5,20.563173294067383,87.96922302246094,50.30022430419922,87.03152465820312,76.43203735351562,52.70000076293945
2024-11-20,577.1802368164062,71.08575439453125,72.42523956298828,41.41990661621094,83.02815246582031,244.6199951171875,28.100000381469727,20.55398941040039,87.8580322265625,50.205421447753906,86.90153503417969,76.39476776123047,53.720001220703125
2024-11-21,580.2787475585938,71.11255645751953,72.4439926147461,41.33393096923828,82.9638671875,246.66000366210938,28.040000915527344,20.700937271118164,88.50662994384766,50.0916633605957,86.85511016845703,76.37612915039062,55.900001525878906
2024-11-22,582.0772094726562,71.09467315673828,72.72528076171875,41.34348678588867,83.0097885131836,249.83999633789062,28.469999313354492,20.719303131103516,89.17377471923828,50.26230239868164,86.91081237792969,76.3668441772461,56.4900016784668
2024-11-25,584.0516357421875,71.36299133300781,73.10035705566406,41.37214660644531,85.15870666503906,242.47999572753906,27.6299991607666,20.425413131713867,90.4153823852539,50.48981857299805,87.8486328125,76.51582336425781,54.02000045776367
2024-11-26,587.1013793945312,71.22884368896484,72.67840576171875,41.200199127197266,84.82809448242188,242.9499969482422,27.799999237060547,20.425413131713867,90.77674102783203,50.26230239868164,87.66293334960938,76.51582336425781,51.70000076293945
2024-11-27,585.3223266601562,71.4434814453125,73.07222747802734,41.257511138916016,85.41586303710938,243.49000549316406,27.450000762939453,20.315204620361328,91.36048889160156,50.66045379638672,88.01578521728516,76.56238555908203,55.029998779296875
2024-11-29,588.9584350585938,71.58659362792969,74.04739379882812,41.32438278198242,86.29745483398438,245.58999633789062,27.920000076293945,20.33357048034668,90.95279693603516,51.172367095947266,88.38719940185547,76.65550231933594,55.209999084472656
2024-12-02,590.0139770507812,71.560546875,74.25369262695312,41.486778259277344,86.50482177734375,243.44000244140625,27.790000915527344,20.186626434326172,89.62779998779297,51.24821472167969,88.3797378540039,76.65084838867188,54.47999954223633
2024-12-03,590.2877197265625,71.560546875,74.67562866210938,41.572750091552734,85.75836944580078,243.92999267578125,28.280000686645508,20.416229248046875,89.17377471923828,51.390403747558594,88.12825775146484,76.66018676757812,54.459999084472656
2024-12-04,593.953125,71.73120880126953,74.73188781738281,41.677825927734375,86.67989349365234,244.6699981689453,28.530000686645508,20.306018829345703,88.932861328125,51.58000183105469,88.46356964111328,76.7442626953125,56.41999816894531
2024-12-05,592.9756469726562,71.66835021972656,75.09757232666016,41.95484924316406,86.85498809814453,242.86000061035156,28.559999465942383,20.278467178344727,88.71975708007812,52.044517517089844,88.4542465209961,76.7442626953125,56.400001525878906
2024-12-06,594.0997314453125,71.78514862060547,75.08819580078125,41.88798141479492,86.9840087890625,242.9499969482422,28.25,20.122337341308594,88.59002685546875,52.110877990722656,88.73365783691406,76.81900024414062,57.79999923706055
2024-12-09,591.0404052734375,71.6953353881836,75.04132080078125,42.74771499633789,86.18228149414062,245.36000061035156,28.979999542236328,20.315204620361328,88.84019470214844,52.044517517089844,88.42630004882812,76.79096984863281,54.72999954223633
2024-12-10,589.2027587890625,71.73120880126953,74.36619567871094,42.05992889404297,85.77681732177734,248.58999633789062,28.989999771118164,20.36112403869629,87.55226135253906,51.60844421386719,88.26795196533203,76.78164672851562,54.900001525878906
2024-12-11,593.7576904296875,71.74921417236328,74.83502197265625,42.231876373291016,84.96585845947266,250.9600067138672,29.040000915527344,20.61827850341797,87.3484115600586,51.8170051574707,88.00718688964844,76.76294708251953,57.720001220703125
2024-12-12,590.6981811523438,71.55154418945312,74.17866516113281,42.0217170715332,83.93373107910156,247.27999877929688,28.200000762939453,20.53562355041504,87.20943450927734,51.39988708496094,87.671875,76.72557067871094,56.91999816894531
2024-12-13,590.5809936523438,71.34489440917969,73.97237396240234,42.05992889404297,83.07669830322266,244.2899932861328,27.75,20.526437759399414,86.9592514038086,51.43780517578125,87.26207733154297,76.68820190429688,57.90999984741211
2024-12-16,593.1027221679688,71.47968292236328,73.72859191894531,41.83066940307617,83.32553100585938,244.8800048828125,27.799999237060547,20.416229248046875,86.65348052978516,51.276649475097656,87.29002380371094,76.69754028320312,60.220001220703125
2024-12-17,590.6591186523438,71.32695007324219,73.61167907714844,41.73061752319336,83.52824401855469,243.94000244140625,27.809999465942383,20.278467178344727,86.23652648925781,51.143943786621094,87.29002380371094,76.70687866210938,60.72999954223633
2024-12-18,573.055419921875,70.59452056884766,71.80584716796875,40.75923156738281,82.4837875366211,239.25999450683594,26.850000381469727,20.094785690307617,82.67847442626953,49.96964645385742,86.61531829833984,76.56627655029297,57.18000030517578
2024-12-19,572.87939453125,70.52229309082031,71.5777359008789,40.895225524902344,81.23487854003906,239.60000610351562,26.520000457763672,20.094785690307617,81.39978790283203,49.750064849853516,86.22283172607422,76.65066528320312,54.720001220703125
2024-12-20,579.7603149414062,70.96481323242188,71.37814331054688,41.06036376953125,81.69743347167969,242.10000610351562,26.920000076293945,20.223363876342773,82.77112579345703,49.67368698120117,86.54055786132812,76.66002655029297,54.810001373291016
2024-12-23,583.2320556640625,70.775146484375,71.84386444091797,41.29349136352539,80.9480972290039,240.9600067138672,26.989999771118164,20.238842010498047,83.09481811523438,49.84553909301758,86.15742492675781,76.61315155029297,52.869998931884766
2024-12-24,589.7147216796875,71.00093841552734,72.10047912597656,41.41977310180664,81.29036712646484,241.44000244140625,27.020000457763672,20.354934692382812,83.64678955078125,50.1319465637207,86.20416259765625,76.65066528320312,56.22999954223633
2024-12-26,589.7539672851562,71.18152618408203,72.44264221191406,41.274070739746094,81.24412536621094,243.07000732421875,27.139999389648438,20.296886444091797,83.87132263183594,50.25606155395508,86.26956939697266,76.66939544677734,54.29999923706055
2024-12-27,583.5459594726562,70.9377212524414,72.33809661865234,41.08950424194336,80.57803344726562,241.39999389648438,26.760000228881836,20.393630981445312,83.02933502197266,50.036476135253906,86.04529571533203,76.68814849853516,53.68000030517578
2024-12-30,576.88671875,71.03706359863281,71.86286926269531,40.75923156738281,81.22563171386719,240.6300048828125,26.43000030517578,20.57744598388672,82.6176986694336,49.71187210083008,86.5499267578125,76.80062103271484,53.54999923706055
2024-12-31,574.7880249023438,71.02803802490234,71.86286926269531,40.62323760986328,80.79082489013672,242.1300048828125,26.329999923706055,20.683862686157227,83.33807373046875,49.70233154296875,86.39105224609375,76.8475112915039,53.04999923706055
2025-01-02,573.375732421875,71.19961547851562,71.61576080322266,40.5649528503418,81.01287078857422,245.4199981689453,26.93000030517578,20.887025833129883,82.59899139404297,49.52092742919922,86.43778228759766,76.8287582397461,55.369998931884766
2025-01-03,580.5448608398438,71.3079833984375,71.92940521240234,40.94379806518555,80.75379943847656,243.49000549316406,26.979999542236328,20.780607223510742,83.68419647216797,49.82644271850586,86.29759979248047,76.8287582397461,55.959999084472656
2025-01-06,583.8890991210938,71.43441009521484,72.61371612548828,41.08950424194336,80.39302062988281,243.19000244140625,27.239999771118164,20.819305419921875,82.60834503173828,50.361080169677734,86.2134780883789,76.8475112915039,58.16999816894531
2025-01-07,577.288818359375,71.19961547851562,72.55668640136719,40.79808807373047,79.48640441894531,244.55999755859375,27.329999923706055,20.91604995727539,81.82247924804688,50.44700241088867,85.82102966308594,76.80062103271484,54.790000915527344
2025-01-08,578.1323852539062,71.2899169921875,72.44264221191406,40.60381317138672,79.58817291259766,245.86000061035156,27.399999618530273,20.877351760864258,82.03765869140625,50.33244323730469,85.9705581665039,76.8475112915039,53.34000015258789
2025-01-10,569.3056030273438,70.9196548461914,71.34012603759766,39.91413116455078,79.06083679199219,248.2100067138672,27.610000610351562,21.438467025756836,80.03560638427734,49.9123649597168,85.34447479248047,76.70689392089844,53.84000015258789
2025-01-13,570.1882934570312,70.90159606933594,71.14053344726562,39.642147064208984,79.03308868408203,245.74000549316406,26.959999084472656,21.5932559967041,81.01791381835938,49.597312927246094,85.1949462890625,76.72563171386719,53.220001220703125
2025-01-14,570.972900390625,70.99188995361328,71.39715576171875,40.0889778137207,78.903564453125,247.02999877929688,27.200000762939453,21.583581924438477,81.75698852539062,49.79779815673828,85.22296905517578,76.744384765625,54.83000183105469
2025-01-15,581.3590087890625,71.61503601074219,72.30958557128906,40.613525390625,80.26349639892578,248.8800048828125,27.959999084472656,21.931861877441406,82.22476959228516,50.37062454223633,86.12005615234375,76.91311645507812,56.63999938964844
2025-01-16,580.2409057617188,71.69631958007812,72.68025207519531,40.5649528503418,80.52252197265625,250.60000610351562,28.040000915527344,21.83511734008789,83.92745971679688,50.82889175415039,86.32564544677734,76.95997619628906,57.09000015258789
2025-01-17,586.06640625,71.75952911376953,72.97488403320312,40.8855094909668,80.66130065917969,249.27000427246094,27.610000610351562,21.738372802734375,83.87132263183594,51.10575485229492,86.39105224609375,76.94124603271484,59.619998931884766
2025-01-21,591.4310302734375,71.94918060302734,74.44807434082031,41.322635650634766,81.38287353515625,253.1300048828125,28.040000915527344,21.631956100463867,85.44303131103516,52.20367431640625,86.68072509765625,76.96934509277344,60.41999816894531
2025-01-22,594.7556762695312,71.84984588623047,74.2770004272461,41.351776123046875,80.95735168457031,254.42999267578125,28.049999237060547,21.612606048583984,83.95551300048828,52.10820388793945,86.45645141601562,76.95059967041016,59.380001068115234
2025-01-23,598.0018310546875,71.94015502929688,74.8852767944336,41.44891357421875,80.32825469970703,254.07000732421875,27.770000457763672,21.53521156311035,84.57298278808594,52.5855598449707,86.2322006225586,76.95059967041016,58.790000915527344
2025-01-24,596.256103515625,72.02142333984375,75.30347442626953,41.72090530395508,80.68904876708984,255.64999389648438,27.90999984741211,21.544885635375977,84.86299133300781,52.75740432739258,86.40975189208984,76.99747467041016,59.70000076293945
2025-01-27,587.8218994140625,72.07559204101562,75.30347442626953,40.96322250366211,81.64192962646484,252.99000549316406,27.459999084472656,21.21595573425293,85.99501037597656,53.01518249511719,86.97040557861328,77.10997772216797,57.66999816894531
2025-01-28,592.8726806640625,72.04850006103516,75.20841979980469,41.26435089111328,81.58642578125,255.17999267578125,27.6299991607666,21.235305786132812,84.95654296875,52.71922302246094,86.97976684570312,77.12870788574219,57.58000183105469
2025-01-29,590.2149047851562,72.00337219238281,75.19892120361328,41.274070739746094,81.41991424560547,254.1999969482422,28.0,21.274002075195312,83.83390045166016,52.786048889160156,86.87698364257812,77.08185577392578,59.34000015258789
2025-01-30,593.3826293945312,72.1388168334961,76.02579498291016,41.97346115112305,81.72518920898438,258.04998779296875,28.719999313354492,21.293350219726562,84.90042877197266,53.387516021728516,87.0638656616211,77.12870788574219,59.720001220703125
2025-01-31,590.2246704101562,71.99434661865234,75.31297302246094,41.49748229980469,81.18862915039062,258.55999755859375,28.510000228881836,21.25465202331543,84.71331024169922,52.88151931762695,86.9237060546875,77.13809967041016,57.709999084472656
2025-02-03,586.2528076171875,71.90362548828125,74.42906188964844,41.19635772705078,81.84966278076172,259.94000244140625,28.670000076293945,21.419116973876953,84.53555297851562,52.165489196777344,86.98556518554688,77.08448028564453,57.58000183105469
2025-02-04,590.1854858398438,72.13041687011719,75.2939682006836,41.93460464477539,82.1003189086914,262.5,29.219999313354492,21.47716522216797,84.60104370117188,52.8624267578125,87.20117950439453,77.15972137451172,56.130001068115234
2025-02-05,592.5784301757812,72.3209228515625,76.02579498291016,41.827754974365234,83.4558334350586,264.1300048828125,29.350000381469727,21.34172248840332,85.78917694091797,53.397064208984375,87.70738983154297,77.20674133300781,55.33000183105469
2025-02-06,594.6380615234375,72.21204376220703,76.38697052001953,42.002601623535156,83.4186782836914,263.42999267578125,29.3799991607666,21.351396560668945,86.00436401367188,53.60710144042969,87.60429382324219,77.17853546142578,55.119998931884766
2025-02-07,589.1949462890625,71.98526000976562,75.66464233398438,41.963748931884766,82.88019561767578,263.8999938964844,29.030000686645508,21.36107063293457,85.72369384765625,53.091556549072266,87.31366729736328,77.09388732910156,54.470001220703125
2025-02-10,593.1962890625,72.13041687011719,76.1778793334961,42.468868255615234,82.62953186035156,268.3699951171875,29.200000762939453,21.670652389526367,85.68627166748047,53.53072738647461,87.294921875,77.13150787353516,55.380001068115234
2025-02-11,593.6475830078125,72.10319519042969,76.5390396118164,42.303733825683594,82.1003189086914,267.3900146484375,29.0,21.83511734008789,86.06048583984375,53.96989059448242,87.06991577148438,77.11270141601562,54.11000061035156
2025-02-12,591.7349853515625,71.948974609375,76.82418060302734,42.536865234375,80.98623657226562,267.6700134277344,29.34000015258789,21.5932559967041,85.2652816772461,54.39951705932617,86.469970703125,77.00924682617188,55.15999984741211
2025-02-13,597.9822387695312,72.27555847167969,77.75560760498047,42.8088493347168,82.33245086669922,270.30999755859375,29.459999084472656,21.699676513671875,86.11662292480469,54.97234344482422,87.11681365966797,77.11270141601562,54.7400016784668
2025-02-14,597.9529418945312,72.35719299316406,77.86966705322266,43.139122009277344,82.768798828125,266.2900085449219,29.309999465942383,21.7093505859375,85.72369384765625,55.191925048828125,87.48240661621094,77.21614837646484,55.33000183105469
2025-02-18,599.7083129882812,72.29369354248047,78.430419921875,43.411109924316406,81.7939453125,270.70001220703125,29.90999984741211,22.02860450744629,86.10726928710938,55.55471420288086,87.0136947631836,77.15029907226562,53.5099983215332
2025-02-19,601.12060546875,72.34813690185547,77.62254333496094,43.343109130859375,81.89607238769531,270.8500061035156,29.809999465942383,22.20274543762207,86.17274475097656,54.81004333496094,87.15430450439453,77.20674133300781,54.650001525878906
2025-02-20,598.6197509765625,72.39350891113281,77.98371887207031,43.74137878417969,82.20246887207031,270.989990234375,29.950000762939453,22.231767654418945,86.58438873291016,55.37331771850586,87.33241271972656,77.21614837646484,56.040000915527344
2025-02-21,588.3809814453125,72.25741577148438,77.49898529052734,43.6151008605957,83.19586181640625,270.739990234375,29.59000015258789,21.92218589782715,85.73303985595703,55.09645080566406,87.84800720214844,77.34782409667969,53.91999816894531
2025-02-24,585.7034912109375,72.34813690185547,77.45146179199219,42.944847106933594,83.43726348876953,272.2099914550781,29.440000534057617,21.844791412353516,86.0698471069336,54.953250885009766,88.0354995727539,77.40424346923828,53.40999984741211
2025-02-25,582.7906494140625,72.52959442138672,78.15479278564453,42.97399139404297,84.87631225585938,268.6199951171875,28.829999923706055,21.60293197631836,87.12700653076172,55.7265625,88.72921752929688,77.50772094726562,50.029998779296875
2025-02-26,583.0848999023438,72.6293716430664,78.25933837890625,43.40139389038086,85.37765502929688,269.0299987792969,28.940000534057617,21.419116973876953,86.76213836669922,55.7265625,88.97295379638672,77.53593444824219,47.959999084472656
2025-02-27,573.7777709960938,72.49327850341797,77.37543487548828,42.55629348754883,84.774169921875,264.92999267578125,28.399999618530273,21.44814109802246,87.1082992553711,55.067813873291016,88.86983489990234,77.56415557861328,47.349998474121094
2025-02-28,582.7318725585938,72.69287872314453,77.5370101928711,41.97346115112305,85.81402587890625,263.2699890136719,28.309999465942383,21.283676147460938,87.84738159179688,55.39241409301758,89.35729217529297,77.70523834228516,47.900001525878906
2025-03-03,572.5224609375,72.54154968261719,78.39241027832031,41.604339599609375,86.21449279785156,266.739990234375,28.75,21.148235321044922,88.2590103149414,56.16573715209961,89.6816635131836,77.75521850585938,48.900001525878906
2025-03-04,565.7455444335938,72.532470703125,78.3733901977539,41.95403289794922,85.15275573730469,269.05999755859375,29.0,21.21595573425293,87.23926544189453,56.25165557861328,89.39959716796875,77.76465606689453,49.38999938964844
2025-03-05,571.8261108398438,72.56891632080078,80.24576568603516,43.20711898803711,84.47288513183594,269.6199951171875,29.770000457763672,21.157909393310547,88.21223449707031,57.64553451538086,88.90132904052734,77.67973327636719,51.439998626708984
2025-03-06,561.675537109375,72.29547882080078,79.41887664794922,42.93513488769531,84.19346618652344,268.25,29.690000534057617,21.051490783691406,85.94822692871094,57.14908981323242,88.85433197021484,77.7269058227539,50.63999938964844
2025-03-07,564.82373046875,72.4139633178711,80.24576568603516,43.14883804321289,83.92340087890625,268.3900146484375,29.59000015258789,21.235305786132812,86.4627685546875,57.9128532409668,88.74150848388672,77.71748352050781,49.43000030517578
2025-03-10,549.7792358398438,72.14053344726562,78.35438537597656,42.11916732788086,84.79887390136719,266.0400085449219,29.110000610351562,21.099863052368164,85.63013458251953,56.31848907470703,89.36200714111328,77.85897827148438,44.90999984741211
2025-03-11,545.2091064453125,71.88533782958984,78.0882568359375,42.468868255615234,84.19346618652344,269.1600036621094,29.959999084472656,21.21595573425293,84.62911224365234,56.22301483154297,89.04236602783203,77.81181335449219,47.2400016784668
2025-03-12,548.102294921875,71.96736907958984,78.6490249633789,42.701995849609375,83.69055938720703,270.3299865722656,30.219999313354492,21.21595573425293,84.3671646118164,56.385318756103516,88.77910614013672,77.75521850585938,47.150001525878906
2025-03-13,540.7957153320312,71.56631469726562,78.12627410888672,42.52714920043945,84.42632293701172,275.1300048828125,30.739999771118164,21.138561248779297,82.701904296875,56.03207015991211,89.13634490966797,77.81181335449219,45.52000045776367
2025-03-14,551.96630859375,71.89444732666016,79.56143951416016,43.30426025390625,83.97927856445312,275.239990234375,30.709999084472656,21.25465202331543,84.35780334472656,57.091800689697266,88.82611083984375,77.75521850585938,48.13999938964844
2025-03-17,556.2227783203125,72.06761169433594,80.4548568725586,44.04250717163086,84.39839172363281,276.7300109863281,30.809999465942383,21.399770736694336,85.79853820800781,57.68372344970703,88.90132904052734,77.7269058227539,48.060001373291016
2025-03-18,550.2108764648438,71.94002532958984,80.44535827636719,43.819087982177734,84.4822006225586,279.9599914550781,30.850000381469727,21.351396560668945,85.34947967529297,57.931949615478516,89.0047378540039,77.7269058227539,46.810001373291016
2025-03-19,556.2030639648438,72.4139633178711,80.68296813964844,43.925941467285156,84.9199447631836,281.1099853515625,30.75,21.48683738708496,85.45237731933594,57.86511993408203,89.27738189697266,77.84012603759766,48.61000061035156
2025-03-20,554.5946655273438,72.31370544433594,80.00814819335938,43.51796340942383,84.9758071899414,280.75,30.5,21.525535583496094,85.3962631225586,57.30183792114258,89.40901947021484,77.85897827148438,47.849998474121094
2025-03-21,554.7776489257812,72.20433807373047,79.51392364501953,43.30426025390625,84.47288513183594,278.489990234375,30.020000457763672,21.399770736694336,84.45134735107422,56.82448196411133,89.33379364013672,77.90617370605469,47.70000076293945
2025-03-24,564.7128295898438,72.4139633178711,79.5044174194336,43.498531341552734,83.60672760009766,277.25,29.959999084472656,21.47716522216797,85.75176239013672,56.73855972290039,88.81672668457031,77.8023910522461,50.18000030517578
2025-03-25,566.0703125,72.37751007080078,79.94161987304688,43.37225341796875,83.59741973876953,278.4700012207031,30.579999923706055,21.506187438964844,84.78959655761719,57.053611755371094,88.96713256835938,77.83068084716797,50.13999938964844
2025-03-26,559.3124389648438,72.08584594726562,78.9056396484375,43.109981536865234,83.04792022705078,278.239990234375,30.530000686645508,21.47716522216797,85.12040710449219,56.26120376586914,88.76031494140625,77.81181335449219,49.18000030517578
2025-03-27,557.8270874023438,71.94912719726562,79.07672119140625,43.32368469238281,82.8057861328125,281.9700012207031,31.31999969482422,21.53521156311035,84.90301513671875,56.31848907470703,88.68509674072266,77.84953308105469,49.439998626708984
2025-03-28,546.5933837890625,71.82152557373047,78.3733901977539,42.51743698120117,83.95134735107422,284.05999755859375,31.0,21.467491149902344,84.78959655761719,56.20391845703125,89.39959716796875,77.9910659790039,47.560001373291016
2025-03-31,550.2625732421875,71.90355682373047,77.67957305908203,42.44944381713867,84.78023529052734,288.1400146484375,30.989999771118164,21.767396926879883,85.57406616210938,55.56426239013672,89.66284942626953,78.04768371582031,46.810001373291016
2025-04-01,551.8167724609375,72.07026672363281,77.79361724853516,42.58543395996094,85.514892578125,287.57000732421875,30.6299991607666,21.777070999145508,85.61188507080078,55.65018844604492,89.97785949707031,78.07606506347656,48.29999923706055
2025-04-02,555.3088989257812,72.21678161621094,77.97420501708984,42.643714904785156,85.45879364013672,288.1600036621094,30.760000228881836,21.912511825561523,86.13170623779297,55.76475143432617,89.89297485351562,78.01927947998047,49.40999984741211
2025-04-03,527.9428100585938,71.3192367553711,76.3394546508789,41.740333557128906,85.85138702392578,286.4200134277344,28.889999389648438,21.032142639160156,83.1922836303711,54.92460250854492,90.81729888916016,78.31273651123047,46.56999969482422
2025-04-04,497.0354309082031,70.3026123046875,71.30210876464844,39.418724060058594,86.78607940673828,279.7200012207031,27.079999923706055,20.267866134643555,79.5818099975586,51.353981018066406,91.07193756103516,78.26541137695312,47.709999084472656
2025-04-07,496.150146484375,69.69812774658203,69.58181762695312,37.951934814453125,84.16893768310547,273.7099914550781,27.139999389648438,19.948610305786133,77.49301147460938,49.78825378417969,89.98731231689453,78.27487182617188,44.27000045776367
2025-04-08,488.3790588378906,69.37757110595703,69.34420013427734,37.41767501831055,82.5799560546875,275.20001220703125,27.139999389648438,19.50358772277832,75.41368103027344,49.4541015625,89.53459167480469,78.22750854492188,43.59000015258789
2025-04-09,539.6682739257812,71.23678588867188,74.69517517089844,40.011268615722656,83.06599426269531,285.3800048828125,28.059999465942383,20.20981788635254,79.91261291503906,53.034271240234375,89.25163269042969,78.18021392822266,46.83000183105469
2025-04-10,516.0204467773438,70.0736312866211,73.22200775146484,39.32158660888672,80.77601623535156,292.3500061035156,28.280000686645508,19.958282470703125,78.0884780883789,52.509185791015625,88.6951675415039,78.17074584960938,45.16999816894531
2025-04-11,525.2277221679688,70.2843017578125,75.05635833740234,40.55524444580078,81.2153091430664,297.92999267578125,29.190000534057617,20.248516082763672,79.04306030273438,53.80759048461914,88.1953125,78.02874755859375,47.66999816894531
2025-04-14,530.3232421875,70.63231658935547,75.86422729492188,40.924373626708984,81.79480743408203,296.2300109863281,29.3799991607666,20.258190155029297,80.67818450927734,54.2754020690918,88.90266418457031,78.19912719726562,48.279998779296875
2025-04-15,528.8378295898438,70.82463836669922,76.54853820800781,40.8855094909668,82.08457946777344,297.7799987792969,29.40999984741211,20.20981788635254,80.92391967773438,54.82913589477539,89.16674041748047,78.19912719726562,47.7400016784668
2025-04-16,517.0828857421875,70.81549072265625,76.25390625,40.4095344543457,82.5425796508789,307.4700012207031,29.760000228881836,20.46135139465332,80.8672103881836,54.68592834472656,89.5534439086914,78.30325317382812,47.959999084472656
2025-04-17,517.8206176757812,71.22764587402344,77.0807876586914,40.720375061035156,81.81352233886719,306.1199951171875,29.549999237060547,20.674190521240234,82.07699584960938,55.17283248901367,89.29879760742188,78.33164978027344,48.2599983215332
2025-04-21,505.4951171875,70.80632781982422,76.66260528564453,40.710662841796875,80.38343811035156,315.5899963378906,29.790000915527344,20.500049591064453,80.36628723144531,54.83867645263672,88.81777954101562,78.2843246459961,49.720001220703125
2025-04-22,518.6470336914062,71.08109283447266,78.24984741210938,41.322635650634766,80.83209991455078,311.1099853515625,29.5,20.59679412841797,81.92578887939453,55.965240478515625,88.8838119506836,78.31273651123047,52.08000183105469
2025-04-23,526.6837158203125,71.43828582763672,78.56349182128906,41.798614501953125,81.61723327636719,303.6499938964844,30.559999465942383,20.44200325012207,82.07699584960938,56.18482208251953,88.97810363769531,78.25592803955078,53.20000076293945
2025-04-24,537.769775390625,72.07938385009766,79.60897064208984,42.284305572509766,82.47715759277344,308.07000732421875,30.559999465942383,20.625816345214844,82.37946319580078,56.95814514160156,89.4591293334961,78.35060119628906,53.2599983215332
2025-04-25,541.6553344726562,72.14350128173828,79.95113372802734,42.20659255981445,83.08472442626953,304.7300109863281,30.049999237060547,20.65484046936035,82.2376937866211,57.110897064208984,89.79867553710938,78.41683959960938,54.27000045776367
2025-04-28,541.8618774414062,72.1801528930664,80.4833755493164,42.284305572509766,83.60813903808594,309.07000732421875,30.190000534057617,20.538747787475586,82.74805450439453,57.42595291137695,90.15705871582031,78.53042602539062,53.880001068115234
2025-04-29,545.2753295898438,72.37247467041016,80.64495086669922,42.400875091552734,84.30912780761719,306.05999755859375,29.829999923706055,20.277538299560547,83.1922836303711,57.59780502319336,90.46831512451172,78.5777816772461,54.220001220703125
2025-04-30,545.49169921875,71.98780822753906,80.5499038696289,42.50772476196289,83.62682342529297,303.7699890136719,29.600000381469727,19.900236129760742,83.48528289794922,57.55961227416992,90.60977935791016,78.6819076538086,53.5099983215332
2025-05-01,549.3575439453125,72.0807876586914,80.29328918457031,42.498008728027344,83.20279693603516,297.4599914550781,29.389999389648438,19.996980667114258,83.75938415527344,57.340030670166016,90.21519470214844,78.51954650878906,54.95000076293945
2025-05-02,557.51220703125,72.30175018310547,81.83300018310547,43.71223831176758,82.30220031738281,297.9800109863281,29.1200008392334,20.08405113220215,84.78959655761719,58.41884994506836,89.60961151123047,78.36759185791016,55.189998626708984
2025-05-05,554.3153686523438,72.27411651611328,81.9755630493164,44.04250717163086,81.84249877929688,306.8800048828125,29.479999542236328,19.967958450317383,84.60057067871094,58.63843536376953,89.44873809814453,78.35809326171875,53.630001068115234
2025-05-06,549.6821899414062,72.2188720703125,81.87102508544922,43.86766052246094,82.11455535888672,315.4800109863281,30.219999313354492,20.267866134643555,83.94840240478516,58.43794631958008,89.67584991455078,78.42456817626953,53.970001220703125
2025-05-07,551.9937133789062,72.2833023071289,81.59538269042969,43.36254119873047,82.46166229248047,310.75,29.489999771118164,20.01633071899414,84.04291534423828,58.227909088134766,89.91240692138672,78.45306396484375,54.68000030517578
2025-05-08,555.8400268554688,72.2649154663086,81.31026458740234,43.33340072631836,81.54230499267578,304.6300048828125,29.459999084472656,20.277538299560547,83.71212768554688,57.96059036254883,89.2121810913086,78.29161834716797,57.619998931884766
2025-05-09,555.1317138671875,72.31094360351562,81.7094497680664,43.62481689453125,81.66423797607422,306.8399963378906,29.799999237060547,20.432329177856445,84.26976776123047,58.294742584228516,89.2784194946289,78.3296127319336,58.65999984741211
2025-05-12,573.4774780273438,73.02896118164062,82.12763977050781,44.567054748535156,80.90435791015625,298.19000244140625,29.6299991607666,20.567771911621094,84.68563079833984,58.34247589111328,88.710693359375,78.18717193603516,57.880001068115234
2025-05-13,577.2646484375,73.15786743164062,82.23218536376953,44.6447639465332,80.57603454589844,299.4599914550781,29.93000030517578,20.887025833129883,83.608154296875,58.62889099121094,88.64443969726562,78.16816711425781,59.619998931884766
2025-05-14,578.0025024414062,72.89089965820312,81.83300018310547,44.9847526550293,80.04129028320312,293.1600036621094,29.25,20.780607223510742,82.78587341308594,58.361572265625,88.31324768066406,78.11121368408203,58.7400016784668
2025-05-15,580.8255615234375,73.02896118164062,82.7264175415039,44.96532440185547,80.744873046875,297.8399963378906,29.610000610351562,20.57744598388672,84.2981185913086,59.020320892333984,88.89047241210938,78.26314544677734,58.66999816894531
2025-05-16,584.5045166015625,73.11182403564453,82.91650390625,44.93618392944336,80.96065521240234,294.239990234375,29.299999237060547,20.500049591064453,85.34724426269531,59.201717376708984,88.9188461303711,78.244140625,59.20000076293945
2025-05-19,585.1439208984375,73.07500457763672,83.70536804199219,45.033321380615234,80.72611999511719,298.0299987792969,29.420000076293945,20.471027374267578,85.36612701416016,59.984580993652344,88.87153625488281,78.27263641357422,59.9900016784668
2025-05-20,583.1766357421875,73.03819274902344,84.10455322265625,44.9847526550293,80.14447021484375,303.5799865722656,30.1299991607666,20.732234954833984,84.8652114868164,60.461936950683594,88.75799560546875,78.2821273803711,60.90999984741211
2025-05-21,573.349609375,72.55029296875,83.6103286743164,44.86818313598633,78.77481079101562,305.82000732421875,30.510000228881836,20.70321273803711,82.60629272460938,60.223262786865234,88.14293670654297,78.23464965820312,61.790000915527344
2025-05-22,573.5758666992188,72.69758605957031,83.56280517578125,44.722476959228516,79.1875991821289,303.1099853515625,30.030000686645508,20.59679412841797,82.22822570800781,60.11824035644531,88.47412872314453,78.2821273803711,63.22999954223633
2025-05-23,569.6607666015625,72.67916870117188,83.6768569946289,44.90704345703125,79.31890869140625,309.75,30.450000762939453,20.712886810302734,82.31330108642578,59.92729568481445,88.72959899902344,78.3296127319336,61.83000183105469
2025-05-27,581.5043334960938,73.12105560302734,84.89341735839844,44.80018615722656,80.42593383789062,304.5,30.229999542236328,20.529071807861328,83.74993133544922,60.65287780761719,89.09864807128906,78.35809326171875,62.5
2025-05-28,578.1400756835938,73.07500457763672,83.91446685791016,44.596195220947266,80.07881927490234,303.80999755859375,29.979999542236328,20.46135139465332,83.66486358642578,60.013221740722656,88.85260772705078,78.30113220214844,60.790000915527344
2025-05-29,580.4222412109375,73.18548583984375,84.28514099121094,44.76133346557617,80.8199462890625,305.6099853515625,30.299999237060547,20.354934692382812,84.42098236083984,60.337825775146484,89.2216567993164,78.38658142089844,59.9900016784668
2025-05-30,579.7730712890625,73.24993133544922,84.40869140625,44.21735763549805,80.94190216064453,303.6000061035156,30.0,20.20014190673828,84.42098236083984,60.395103454589844,89.48660278320312,78.4815444946289,59.459999084472656
2025-06-02,583.038818359375,73.23698425292969,85.3116226196289,44.53791046142578,80.18858337402344,311.6700134277344,31.59000015258789,20.625816345214844,84.53440856933594,60.929744720458984,89.18280029296875,78.416748046875,59.36000061035156
2025-06-03,586.36376953125,73.3757095336914,84.66531372070312,44.6447639465332,80.04735565185547,308.9100036621094,31.440000534057617,20.76125717163086,84.3642807006836,60.34737014770508,89.09735870361328,78.397705078125,60.400001525878906
2025-06-04,586.2063598632812,73.51445770263672,85.04549407958984,45.198455810546875,81.3467788696289,310.8999938964844,31.34000015258789,20.683862686157227,84.60057067871094,60.84382247924805,89.75241088867188,78.54061126708984,59.63999938964844
2025-06-05,583.3733520507812,73.35721588134766,84.98846435546875,45.431583404541016,81.40328979492188,309.3299865722656,32.45000076293945,20.780607223510742,84.53440856933594,60.88201141357422,89.48660278320312,78.45486450195312,57.869998931884766
2025-06-06,589.3639526367188,73.34796905517578,85.2926025390625,45.577293395996094,80.36750793457031,305.17999267578125,32.689998626708984,20.945072174072266,84.9408187866211,61.08250045776367,88.77458953857422,78.32148742675781,59.2599983215332
2025-06-09,589.8950805664062,73.38495635986328,85.28311157226562,45.96584701538086,80.45223999023438,306.6199951171875,33.38999938964844,20.964420318603516,85.05423736572266,61.02521896362305,88.93596649169922,78.378662109375,61.77000045776367
2025-06-10,593.2396240234375,73.5606918334961,85.39715576171875,46.22812271118164,80.8665542602539,306.7099914550781,33.22999954223633,20.91604995727539,85.78199768066406,61.08250045776367,89.0878677368164,78.378662109375,62.290000915527344
2025-06-11,591.5476684570312,73.54222106933594,85.25458526611328,46.42239761352539,81.11137390136719,308.3699951171875,32.95000076293945,21.25465202331543,85.3188705444336,61.006126403808594,89.4581298828125,78.50250244140625,61.84000015258789
2025-06-12,593.898681640625,73.62545013427734,85.91039276123047,46.50010681152344,82.08124542236328,312.20001220703125,33.060001373291016,21.25465202331543,85.73473358154297,61.66487503051758,89.84735870361328,78.56919860839844,60.70000076293945
2025-06-13,587.2588500976562,73.40345764160156,84.8078842163086,45.76185989379883,81.290283203125,316.2900085449219,32.970001220703125,21.912511825561523,84.90301513671875,60.576507568359375,89.51507568359375,78.51202392578125,59.7400016784668
2025-06-16,592.8461303710938,73.55143737792969,85.12599182128906,46.32286834716797,80.47108459472656,311.7799987792969,33.029998779296875,21.8641414642334,84.96917724609375,60.76310729980469,89.25873565673828,78.50250244140625,61.79999923706055
2025-06-17,587.7802734375,73.46821594238281,84.08174133300781,45.714778900146484,81.45036315917969,311.94000244140625,33.7400016784668,22.328510284423828,84.66673278808594,59.936988830566406,89.6954345703125,78.54061126708984,59.5
2025-06-18,587.6917114257812,73.57920837402344,84.22677612304688,45.7049674987793,81.59160614013672,310.260009765625,33.27000045776367,22.38655662536621,84.95972442626953,59.849525451660156,89.75241088867188,78.57872772216797,58.970001220703125
2025-06-20,586.3114624023438,73.81043243408203,83.47259521484375,45.44015884399414,81.44096374511719,310.1300048828125,32.720001220703125,22.50265121459961,84.90301513671875,59.470481872558594,89.80937194824219,78.63587951660156,58.66999816894531
2025-06-23,592.102783203125,73.94918060302734,84.10108184814453,45.8128547668457,81.70460510253906,311.0799865722656,32.959999084472656,21.670652389526367,86.17897033691406,59.95642852783203,90.12267303466797,78.74067687988281,58.66999816894531
2025-06-24,598.6438598632812,74.15264892578125,85.12599182128906,46.99961471557617,82.29782104492188,306.19000244140625,32.61000061035156,21.148235321044922,86.40579986572266,60.78254699707031,90.43595886230469,78.80736541748047,60.060001373291016
2025-06-25,598.9793701171875,74.13416290283203,84.66188049316406,47.038848876953125,82.40141296386719,307.1199951171875,33.0099983215332,21.119211196899414,84.32646942138672,60.32575225830078,90.47392272949219,78.81690216064453,61.275001525878906
2025-06-26,603.6655883789062,74.34691619873047,85.60944366455078,47.35270309448242,82.81571960449219,306.7799987792969,33.34000015258789,21.196605682373047,84.24819946289062,60.8214225769043,90.79672241210938,78.91216278076172,61.13999938964844
2025-06-27,606.664794921875,74.3099136352539,86.38296508789062,47.166351318359375,82.28840637207031,301.2200012207031,32.619998931884766,21.090187072753906,84.45818328857422,61.37540817260742,90.55936431884766,78.88358306884766,60.720001220703125
2025-06-30,609.5653686523438,74.59663391113281,86.43131256103516,47.313472747802734,83.09821319580078,304.8299865722656,32.810001373291016,21.099863052368164,85.00221252441406,61.47259521484375,90.92011260986328,78.94075012207031,61.209999084472656
2025-07-01,609.3681640625,74.50276184082031,86.2862777709961,47.4017448425293,83.30424499511719,307.54998779296875,32.72999954223633,21.21595573425293,85.62260437011719,61.453155517578125,90.7515640258789,78.85855865478516,59.84000015258789
2025-07-02,612.1305541992188,74.64217376708984,86.53766632080078,47.60771179199219,82.77497100830078,309.25,33.2400016784668,21.564233779907227,85.82303619384766,61.71556854248047,90.56108093261719,78.84898376464844,62.41999816894531
2025-07-03,616.9550170898438,74.68864440917969,86.5570068359375,47.823482513427734,82.19844055175781,307.1400146484375,33.5099983215332,21.5545597076416,85.9184799194336,61.62809371948242,90.24679565429688,78.76296997070312,62.189998626708984
2025-07-07,612.357421875,74.43772888183594,85.61911010742188,47.14673614501953,81.4139633178711,307.3699951171875,33.43000030517578,21.53521156311035,85.18355560302734,61.24905776977539,89.96110534667969,78.74385833740234,61.400001525878906
2025-07-08,612.0220336914062,74.33549499511719,86.24759674072266,47.440975189208984,81.30999755859375,304.1600036621094,33.290000915527344,21.60293197631836,85.05948638916016,61.75444412231445,89.82776641845703,78.75341796875,61.81999969482422
2025-07-09,615.692138671875,74.5399398803711,86.89542388916016,47.36251449584961,82.16063690185547,305.5199890136719,33.0,21.564233779907227,85.12629699707031,62.463924407958984,90.2944107055664,78.82032775878906,63.58000183105469
2025-07-10,617.428466796875,74.4655990600586,86.83740234375,47.490013122558594,82.21733093261719,306.20001220703125,33.75,21.496511459350586,85.66078186035156,62.42505645751953,90.24679565429688,78.82032775878906,64.5
2025-07-11,615.2579956054688,74.37267303466797,86.00586700439453,47.33308792114258,81.08319091796875,309.1400146484375,35.029998779296875,21.777070999145508,85.6703109741211,61.70585250854492,89.82776641845703,78.80119323730469,67.20999908447266
2025-07-14,616.43212890625,74.4284439086914,86.00586700439453,47.4017448425293,80.91304016113281,308.010009765625,34.630001068115234,21.5932559967041,86.22389221191406,61.637813568115234,89.78968048095703,78.81076049804688,68.18000030517578
2025-07-15,613.7979125976562,74.20539855957031,85.10665130615234,47.745018005371094,80.34598541259766,306.7300109863281,34.2599983215332,21.5545597076416,84.9544906616211,60.93804931640625,89.43728637695312,78.73429870605469,66.16000366210938
2025-07-16,615.8499145507812,74.40055847167969,85.4547348022461,47.970603942871094,80.45938873291016,308.260009765625,34.40999984741211,21.583581924438477,85.75621795654297,61.21017837524414,89.68489837646484,78.83943176269531,67.83000183105469
2025-07-17,619.6187133789062,74.4748764038086,85.6771240234375,48.24522399902344,80.44048309326172,307.5899963378906,34.650001525878906,21.757720947265625,85.66078186035156,61.21017837524414,89.65634155273438,78.81076049804688,67.6500015258789
2025-07-18,619.1649169921875,74.57711791992188,85.4354019165039,48.1373405456543,80.56334686279297,308.3900146484375,34.61000061035156,21.796419143676758,85.84212493896484,61.15186309814453,89.9039535522461,78.8776626586914,66.68000030517578
2025-07-21,620.3389892578125,74.6793441772461,85.88984680175781,48.45119094848633,81.28166198730469,313.1300048828125,35.349998474121094,21.748046875,86.19527435302734,61.37540817260742,90.2182388305664,78.92546081542969,66.33000183105469
2025-07-22,620.427734375,74.80945587158203,86.3636245727539,48.480613708496094,81.77311706542969,316.1000061035156,35.720001220703125,21.7093505859375,87.67464447021484,61.75444412231445,90.47537231445312,78.9827880859375,67.81999969482422
2025-07-23,625.7060546875,74.84661865234375,88.51014709472656,48.971012115478516,81.31945037841797,312.17999267578125,35.689998626708984,21.651302337646484,87.84644317626953,63.0859489440918,90.15157318115234,78.91590118408203,67.29000091552734
2025-07-24,625.9132080078125,74.75369262695312,87.8526611328125,48.706199645996094,81.17768859863281,310.2699890136719,35.4900016784668,21.670652389526367,87.54102325439453,62.337581634521484,90.01823425292969,78.84898376464844,67.66000366210938
2025-07-25,628.5572509765625,74.80015563964844,87.74629211425781,48.55907440185547,81.68804931640625,307.3999938964844,34.65999984741211,21.44814109802246,87.55056762695312,62.47364807128906,90.2277603149414,78.89676666259766,66.36000061035156
2025-07-28,628.3994140625,74.76297760009766,86.3346176147461,48.235416412353516,81.15879821777344,305.4100036621094,34.63999938964844,21.670652389526367,86.14754486083984,61.35596466064453,90.02775573730469,78.88721466064453,67.0999984741211
2025-07-29,626.741943359375,74.80945587158203,86.16057586669922,48.255035400390625,82.52923583984375,306.25,34.65999984741211,21.951210021972656,87.5314712524414,61.307373046875,90.61822509765625,78.95413970947266,66.70999908447266
2025-07-30,625.9527587890625,74.6514663696289,85.54176330566406,47.901947021484375,82.10392761230469,300.9599914550781,33.5099983215332,21.9028377532959,86.29071044921875,60.68535614013672,90.30393981933594,78.86810302734375,66.37000274658203
2025-07-31,623.6046142578125,74.69794464111328,84.62319946289062,47.62732696533203,82.15118408203125,302.9599914550781,33.31999969482422,21.719024658203125,85.07856750488281,59.975868225097656,90.38013458251953,78.86810302734375,66.31999969482422
2025-08-01,613.3834838867188,74.70166015625,84.40081787109375,47.27424240112305,83.31908416748047,309.1099853515625,33.59000015258789,21.370746612548828,84.86859893798828,59.64542007446289,91.420654296875,79.26124572753906,64.22000122070312
2025-08-04,622.706787109375,74.95384216308594,85.52242279052734,47.7646369934082,83.5467758178711,310.9100036621094,33.97999954223633,21.293350219726562,85.73712921142578,60.345191955566406,91.54487609863281,79.28043365478516,65.19999694824219
2025-08-05,619.5496215820312,74.9164810180664,85.51275634765625,47.901947021484375,83.80294799804688,311.1600036621094,34.349998474121094,21.10953712463379,86.12845611572266,60.41322326660156,91.47798156738281,79.25166320800781,64.55000305175781
2025-08-06,624.2952270507812,74.9912109375,86.07355499267578,48.12752914428711,83.31908416748047,310.5,34.349998474121094,21.06116485595703,85.46033477783203,60.675636291503906,91.41109466552734,79.28043365478516,65.51000213623047
2025-08-07,623.7722778320312,74.9164810180664,86.84707641601562,48.5296516418457,83.17678833007812,313.1199951171875,34.7599983215332,21.12888526916504,85.70850372314453,61.336524963378906,91.34420776367188,79.2420654296875,66.83000183105469
2025-08-08,628.6362915039062,74.92582702636719,87.37887573242188,48.490421295166016,82.81624603271484,313.04998779296875,34.880001068115234,21.12888526916504,85.00221252441406,61.55034637451172,91.13401794433594,79.222900390625,66.12999725341797
2025-08-11,627.39306640625,74.92582702636719,87.01144409179688,48.353111267089844,82.91112518310547,308.54998779296875,34.18000030517578,21.157909393310547,84.43910217285156,61.181026458740234,91.16265869140625,79.222900390625,67.63999938964844
2025-08-12,634.0723266601562,75.09394836425781,88.07503509521484,48.94158935546875,82.49366760253906,308.2699890136719,34.40999984741211,21.07084083557129,84.91632080078125,61.80303955078125,91.14356994628906,79.28043365478516,67.94999694824219
2025-08-13,636.2427978515625,75.29009246826172,88.6068344116211,49.53006362915039,83.17678833007812,309.2099914550781,35.0,21.04181671142578,85.70850372314453,62.27927017211914,91.46845245361328,79.38591003417969,69.83999633789062
2025-08-14,636.3020629882812,75.09394836425781,88.61650848388672,48.921974182128906,82.56008911132812,307.25,34.5,21.12888526916504,85.09765625,62.56112289428711,91.17223358154297,79.29960632324219,67.02999877929688
2025-08-15,634.812255859375,75.14997863769531,89.13863372802734,48.98081970214844,81.97186279296875,307.42999267578125,34.5,21.06116485595703,85.58441925048828,62.70690155029297,90.99069213867188,79.27082824707031,66.44000244140625
2025-08-18,634.674072265625,75.09394836425781,89.04193878173828,49.26525115966797,81.73468780517578,306.95001220703125,34.54999923706055,21.080514907836914,84.85906219482422,62.54167938232422,90.9046859741211,79.27082824707031,66.05000305175781
2025-08-19,631.23095703125,75.07528686523438,89.0516128540039,48.86312484741211,82.20904541015625,305.2699890136719,33.869998931884766,20.91604995727539,86.31934356689453,62.70690155029297,91.13401794433594,79.30919647216797,64.19000244140625
2025-08-20,629.5537109375,75.04725646972656,89.37068939208984,48.794471740722656,82.3893051147461,308.3599853515625,34.43000030517578,21.148235321044922,86.56748962402344,63.105384826660156,91.26778411865234,79.33795166015625,64.9000015258789
2025-08-21,627.028076171875,74.90714263916016,88.80988311767578,48.68658447265625,81.98135375976562,307.2900085449219,34.61000061035156,21.274002075195312,86.3097915649414,62.6777458190918,91.000244140625,79.27082824707031,63.689998626708984
2025-08-22,636.6571655273438,75.51424407958984,90.14421844482422,49.657569885253906,82.58855438232422,310.5799865722656,35.34000015258789,21.36107063293457,87.98006439208984,63.6496467590332,91.50665283203125,79.4434585571289,66.25
2025-08-25,633.855224609375,75.36481475830078,88.95491790771484,49.373138427734375,82.35134887695312,309.8299865722656,35.02000045776367,21.467491149902344,87.47421264648438,62.70690155029297,91.32512664794922,79.40509033203125,62.880001068115234
2025-08-26,636.5091552734375,75.5329360961914,88.85823822021484,49.245635986328125,82.3039321899414,312.0799865722656,35.02000045776367,21.30302619934082,87.24515533447266,62.61943435668945,91.56398010253906,79.47219848632812,63.099998474121094
2025-08-27,637.95947265625,75.62632751464844,88.64551544189453,48.95139694213867,82.20904541015625,312.7099914550781,34.9900016784668,21.32237434387207,87.78917694091797,62.49308776855469,91.73597717285156,79.52974700927734,63.650001525878906
2025-08-28,640.21875,75.66368865966797,88.97425842285156,49.13774490356445,82.74983978271484,315.0299987792969,35.52000045776367,21.457815170288086,87.56011199951172,62.56112289428711,91.94618225097656,79.50096893310547,63.58000183105469
2025-08-29,636.400634765625,75.52359771728516,88.45213317871094,48.90235900878906,82.16160583496094,318.07000732421875,36.189998626708984,21.48683738708496,88.0373306274414,62.240394592285156,91.86975860595703,79.5680923461914,61.439998626708984
2025-09-02,631.6847534179688,75.44194793701172,87.58192443847656,48.86312484741211,81.5501937866211,325.5899963378906,37.150001525878906,21.83511734008789,86.57703399658203,61.540626525878906,91.5955810546875,79.52770233154297,62.970001220703125
2025-09-03,635.1082153320312,75.64840698242188,87.71728515625,49.04947280883789,82.44541931152344,328.1400146484375,37.34000015258789,21.641630172729492,86.624755859375,61.783599853515625,91.91191864013672,79.58539581298828,63.77000045776367
2025-09-04,640.4160766601562,75.85487365722656,88.3554458618164,48.892547607421875,83.07395935058594,326.69000244140625,36.93000030517578,21.48683738708496,87.27377319335938,62.114044189453125,92.32411193847656,79.64311981201172,62.349998474121094
2025-09-05,638.561279296875,75.89241027832031,88.75187683105469,49.48102569580078,84.3405990600586,331.04998779296875,37.209999084472656,21.312700271606445,88.25684356689453,62.376461029052734,92.77466583251953,79.758544921875,63.41999816894531
2025-09-08,640.1300048828125,75.89241027832031,89.64142608642578,49.93218994140625,85.46437072753906,334.82000732421875,37.5099983215332,21.457815170288086,87.74144744873047,62.813812255859375,93.06226348876953,79.806640625,63.70000076293945
2025-09-09,641.6099243164062,75.80793762207031,89.34168243408203,50.206809997558594,84.97867584228516,334.05999755859375,37.18000030517578,21.51586151123047,87.54102325439453,62.736061096191406,92.8417739868164,79.73931121826172,63.220001220703125
2025-09-10,643.4646606445312,75.86425018310547,89.32234191894531,50.55009078979492,85.46437072753906,335.260009765625,37.40999984741211,21.66097640991211,87.39786529541016,62.531959533691406,93.09101104736328,79.74893188476562,64.52999877929688
2025-09-11,648.81201171875,76.05192565917969,90.26991271972656,51.28568649291992,86.0357894897461,334.760009765625,37.790000915527344,21.496511459350586,88.99176025390625,63.183135986328125,93.23480987548828,79.77778625488281,65.02999877929688
2025-09-12,648.5949096679688,75.97686004638672,89.91215515136719,51.25625991821289,85.66437530517578,335.4200134277344,38.34000015258789,21.62228012084961,88.58135223388672,62.959598541259766,92.9664077758789,79.7681655883789,66.37999725341797
2025-09-15,652.0479736328125,76.19271087646484,90.51163482666016,51.62895965576172,85.86436462402344,338.9100036621094,38.7599983215332,21.815767288208008,88.43819427490234,63.4455451965332,93.11976623535156,79.79701232910156,65.5
2025-09-16,651.1502685546875,76.13640594482422,90.26023864746094,52.011470794677734,86.0453109741211,339.5899963378906,38.599998474121094,22.038280487060547,87.97052764892578,63.24144744873047,93.17729187011719,79.83550262451172,66.37000274658203
2025-09-17,650.3411865234375,76.06132507324219,89.92182159423828,52.23705291748047,85.82628631591797,336.9700012207031,37.790000915527344,21.806095123291016,87.85598754882812,62.96931838989258,92.97599792480469,79.79701232910156,65.66999816894531
2025-09-18,653.3799438476562,76.23023986816406,90.26991271972656,52.109554290771484,84.94058227539062,335.6199951171875,37.9900016784668,21.7093505859375,88.046875,63.28032302856445,92.66921997070312,79.7681655883789,66.75
2025-09-19,656.615966796875,76.25840759277344,89.92182159423828,51.99185562133789,84.77869415283203,339.17999267578125,39.040000915527344,21.53521156311035,87.47421264648438,63.04707336425781,92.63087463378906,79.79701232910156,65.37000274658203
2025-09-22,659.7224731445312,76.314697265625,90.21189880371094,52.24686050415039,84.47393798828125,345.04998779296875,40.040000915527344,21.53521156311035,87.49329376220703,63.25117111206055,92.47750854492188,79.758544921875,63.650001525878906
2025-09-23,656.1312255859375,76.25840759277344,90.03784942626953,52.276283264160156,85.06438446044922,346.4599914550781,39.959999084472656,21.757720947265625,87.97052764892578,63.22201156616211,92.73632049560547,79.78739929199219,63.40999984741211
2025-09-24,654.0437622070312,76.1551742553711,89.5157241821289,52.0997428894043,84.74059295654297,343.32000732421875,39.81999969482422,21.9028377532959,87.10523986816406,62.86240768432617,92.48709106445312,79.74893188476562,64.41999816894531
2025-09-25,651.0263671875,75.93931579589844,88.87757110595703,51.79569625854492,84.74059295654297,344.75,41.029998779296875,22.057626724243164,86.84508514404297,62.28898620605469,92.28578186035156,79.68158721923828,62.099998474121094
2025-09-26,654.756103515625,76.0894775390625,89.56407165527344,51.69761657714844,84.66439819335938,346.739990234375,41.86000061035156,22.067302703857422,87.70264434814453,62.92072296142578,92.23784637451172,79.72969818115234,61.939998626708984
2025-09-29,656.59619140625,76.22086334228516,89.91215515136719,52.16839599609375,85.35960388183594,352.4599914550781,42.5,21.88348960876465,87.73155975341797,63.19285202026367,92.50625610351562,79.758544921875,64.97000122070312
2025-09-30,659.0695190429688,76.19271087646484,90.27957916259766,52.374366760253906,85.11202239990234,355.4700012207031,42.369998931884766,21.796419143676758,88.08806610107422,63.63993453979492,92.4679183959961,79.79701232910156,65.0
2025-10-01,661.3153686523438,76.33507537841797,91.02409362792969,52.78629684448242,85.3318099975586,356.0299987792969,42.90999984741211,21.757720947265625,88.22296905517578,64.39801025390625,92.77944946289062,79.88964080810547,66.73999786376953
2025-10-02,662.0770263671875,76.30680084228516,91.16912841796875,53.031494140625,85.58028411865234,354.7900085449219,42.529998779296875,21.612606048583984,87.76045989990234,64.58267211914062,92.87561798095703,79.90895080566406,68.7699966430664
2025-10-03,662.0671997070312,76.22193145751953,91.93297576904297,53.18842315673828,85.41783142089844,357.6400146484375,43.52000045776367,21.680326461791992,88.08806610107422,64.94226837158203,92.69290924072266,79.8799819946289,69.80999755859375
2025-10-06,664.4415283203125,76.24078369140625,92.14569854736328,53.43362045288086,84.73930358886719,364.3800048828125,44.060001373291016,21.9028377532959,87.25941467285156,64.69929504394531,92.4236831665039,79.86070251464844,71.29000091552734
2025-10-07,661.9781494140625,76.15592193603516,91.34317016601562,53.021690368652344,85.2266845703125,366.260009765625,43.38999938964844,21.989906311035156,86.94144439697266,64.26194763183594,92.65445709228516,79.8992919921875,69.12999725341797
2025-10-08,665.925537109375,76.04279327392578,91.61389923095703,53.44343185424805,85.29358673095703,372.29998779296875,44.560001373291016,22.018930435180664,86.48857116699219,64.6701431274414,92.67369079589844,79.88964080810547,70.05999755859375
2025-10-09,663.9963989257812,75.825927734375,90.85972595214844,52.89418411254883,85.2266845703125,365.42999267578125,44.709999084472656,21.815767288208008,86.01643371582031,63.91205978393555,92.60637664794922,79.8799819946289,68.73999786376953
2025-10-10,646.0499877929688,75.38277435302734,89.18697357177734,50.942405700683594,86.60285949707031,369.1199951171875,45.43000030517578,21.351396560668945,84.91798400878906,63.19285202026367,93.18328857421875,80.01506805419922,66.19999694824219
2025-10-13,655.9630126953125,75.85420227050781,89.9024887084961,52.423404693603516,86.55506896972656,378.0899963378906,47.2599983215332,21.62228012084961,85.45757293701172,63.601051330566406,93.23138427734375,80.16944885253906,65.80999755859375
2025-10-14,655.1616821289062,75.93907165527344,90.30858612060547,51.9526252746582,86.83222198486328,380.7900085449219,46.79999923706055,21.380420684814453,86.33441162109375,63.91205978393555,93.47177124023438,80.11155700683594,63.90999984741211
2025-10-15,658.0703125,76.1842269897461,90.74369049072266,52.80591583251953,86.6410903930664,387.3900146484375,48.33000183105469,21.457815170288086,87.5870361328125,63.9995231628418,93.36599731445312,80.0729751586914,63.16999816894531
2025-10-16,653.5886840820312,75.9107894897461,91.21746826171875,53.14918899536133,87.29093933105469,396.45001220703125,49.16999816894531,21.419116973876953,87.2786865234375,64.49520111083984,93.79869079589844,80.17909240722656,61.43000030517578
2025-10-17,657.298583984375,76.10879516601562,91.38185119628906,53.139381408691406,87.15715026855469,388.989990234375,46.9900016784668,21.399770736694336,87.8471908569336,64.47576141357422,93.64484405517578,80.16944885253906,60.470001220703125
2025-10-20,664.1348876953125,76.2596435546875,92.13602447509766,53.865169525146484,87.49163055419922,403.1499938964844,47.720001220703125,21.612606048583984,88.73365020751953,64.80620574951172,93.76985168457031,80.17909240722656,62.93000030517578
2025-10-21,664.1249389648438,76.1465072631836,91.45919036865234,53.26689147949219,87.92168426513672,377.239990234375,43.790000915527344,21.390094757080078,88.4831314086914,64.36885833740234,93.94291687011719,80.19841003417969,63.4900016784668
2025-10-22,660.6722412109375,76.07107543945312,91.3238296508789,53.21784591674805,87.9790267944336,377.2799987792969,43.880001068115234,21.728696823120117,88.85891723632812,64.34941101074219,93.96215057373047,80.19841003417969,61.209999084472656
2025-10-23,664.5899047851562,76.24078369140625,91.749267578125,53.688629150390625,87.376953125,378.7900085449219,44.18000030517578,22.096324920654297,88.80110931396484,64.75760650634766,93.65446472167969,80.14048767089844,62.560001373291016
2025-10-24,670.0213012695312,76.44821166992188,91.89430236816406,54.04171371459961,87.41517639160156,377.5199890136719,43.9900016784668,22.106000900268555,89.06126403808594,64.8742446899414,93.74098205566406,80.18875122070312,62.83000183105469
2025-10-27,677.926025390625,76.63679504394531,92.53245544433594,54.63999938964844,87.71144104003906,367.010009765625,42.400001525878906,22.057626724243164,89.3117904663086,65.18524169921875,93.74098205566406,80.16944885253906,65.27999877929688
2025-10-28,679.7266235351562,76.56137084960938,92.49378204345703,54.62038040161133,87.9407958984375,364.3800048828125,42.70000076293945,21.85446548461914,87.55811309814453,64.95199584960938,93.8275375366211,80.17909240722656,64.48999786376953
2025-10-29,680.0531616210938,76.32565307617188,91.9716567993164,54.934234619140625,87.05201721191406,363.0,43.22999954223633,21.970558166503906,85.30340576171875,64.70901489257812,93.22175598144531,80.02471923828125,62.75
2025-10-30,672.5738525390625,76.1842269897461,91.56555938720703,54.36537551879883,86.5455093383789,370.1300048828125,44.34000015258789,21.98023223876953,85.70809936523438,64.32025146484375,93.087158203125,80.03437042236328,60.400001525878906
2025-10-31,674.780029296875,76.1842269897461,91.36251068115234,54.23787307739258,86.28746795654297,368.1199951171875,44.0099983215332,22.13502311706543,85.92971801757812,64.05784606933594,93.12561798095703,80.06331634521484,62.29999923706055
2025-11-03,676.0463256835938,75.9472885131836,91.40118408203125,54.581153869628906,86.0716781616211,368.7799987792969,43.7599983215332,22.299488067626953,85.80445098876953,64.0092544555664,93.08124542236328,80.06621551513672,60.529998779296875
2025-11-04,668.0327758789062,75.95677185058594,90.46328735351562,53.58074188232422,86.26351165771484,362.32000732421875,42.7400016784668,22.144697189331055,85.94898986816406,63.416385650634766,93.19699096679688,80.09525299072266,57.18000030517578
2025-11-05,670.3478393554688,76.0325927734375,91.0434341430664,54.06132888793945,85.32356262207031,366.510009765625,43.650001525878906,22.076976776123047,86.02606964111328,63.92177200317383,92.7532958984375,80.03718566894531,58.91999816894531
2025-11-06,663.1554565429688,76.06102752685547,90.84037780761719,53.659202575683594,86.09086608886719,366.07000732421875,43.54999923706055,22.106000900268555,85.61173248291016,63.6496467590332,93.22592163085938,80.13397216796875,57.2599983215332
2025-11-07,663.8082885742188,76.12735748291016,91.17880249023438,53.50227737426758,85.90863037109375,368.30999755859375,43.91999816894531,22.15437126159668,86.94144439697266,63.95093536376953,93.2645263671875,80.17269134521484,58.880001068115234
2025-11-10,674.1665649414062,76.38320922851562,92.13602447509766,54.4438362121582,85.88945007324219,378.3800048828125,45.790000915527344,22.39623260498047,86.89326477050781,64.77705383300781,93.13911437988281,80.15332794189453,60.189998626708984
2025-11-11,675.7100219726562,76.4685287475586,92.81285858154297,54.502685546875,86.2826919555664,379.8699951171875,46.45000076293945,22.54134750366211,87.86646270751953,65.45738220214844,93.42849731445312,80.22108459472656,58.349998474121094
2025-11-12,676.0859985351562,76.31690216064453,93.3639907836914,54.51249313354492,86.4361572265625,385.989990234375,48.31999969482422,22.289813995361328,87.21124267578125,65.9822006225586,93.44778442382812,80.19205474853516,57.59000015258789
2025-11-13,664.8670043945312,76.00415802001953,92.36808013916016,53.87498092651367,85.72640228271484,382.8699951171875,47.41999816894531,22.173721313476562,86.1417007446289,65.5351333618164,93.17769622802734,80.1436538696289,55.59000015258789
2025-11-14,664.7581176757812,76.02311706542969,92.10702514648438,53.90440368652344,85.23725128173828,375.9599914550781,45.959999084472656,22.222091674804688,86.32476043701172,64.88396453857422,93.02336883544922,80.17269134521484,53.474998474121094
2025-11-17,658.5648803710938,75.89990997314453,90.9080581665039,53.26689147949219,85.44824981689453,371.6499938964844,45.470001220703125,22.193069458007812,85.61173248291016,64.10643768310547,93.12947082519531,80.16300964355469,52.099998474121094
2025-11-18,653.03466796875,75.91886138916016,89.72844696044922,53.002071380615234,85.41947937011719,374.3500061035156,46.099998474121094,22.376882553100586,85.9586181640625,63.464988708496094,93.28379821777344,80.21141052246094,52.65999984741211
2025-11-19,655.5574340820312,75.95677185058594,89.45771026611328,52.81571960449219,85.24683380126953,374.9599914550781,46.45000076293945,22.15437126159668,85.28412628173828,63.22201156616211,93.21629333496094,80.20172882080078,50.72999954223633
2025-11-20,645.5652465820312,75.90939331054688,88.22007751464844,52.089935302734375,85.58253479003906,374.8500061035156,45.779998779296875,21.94153594970703,84.92761993408203,62.366737365722656,93.4381332397461,80.26947784423828,48.959999084472656
2025-11-21,651.9959106445312,76.16527557373047,89.58341217041016,52.08012771606445,85.84149932861328,374.2699890136719,45.29999923706055,21.796419143676758,86.30549621582031,63.29004669189453,93.74681091308594,80.36627197265625,47.970001220703125
2025-11-24,661.5922241210938,76.37374877929688,89.66075897216797,52.629371643066406,86.33064270019531,380.20001220703125,46.630001068115234,21.9028377532959,86.5367431640625,63.13453674316406,93.89147186279297,80.37596130371094,50.56999969482422
2025-11-25,667.815185546875,76.63911437988281,90.73401641845703,52.81571960449219,86.55123138427734,380.0799865722656,46.66999816894531,21.786745071411133,87.33650207519531,64.21334075927734,94.13261413574219,80.4243392944336,49.560001373291016
2025-11-26,672.4254760742188,76.71492004394531,91.72993469238281,53.19823455810547,86.93489837646484,383.1199951171875,48.400001525878906,22.018930435180664,87.721923828125,64.8742446899414,94.20979309082031,80.41465759277344,51.029998779296875
2025-11-28,676.0958251953125,76.75282287597656,92.03934478759766,53.276695251464844,86.5224609375,387.8800048828125,51.209999084472656,22.309162139892578,88.010986328125,65.10749053955078,94.04581451416016,80.41465759277344,51.54999923706055
2025-12-01,673.0091552734375,76.61478424072266,91.58489227294922,53.237464904785156,85.44537353515625,389.75,52.52000045776367,22.367210388183594,86.99925231933594,64.86451721191406,93.54084014892578,80.34574127197266,48.5
2025-12-02,674.2556762695312,76.7575912475586,91.89430236816406,53.257080078125,85.48387145996094,387.239990234375,53.130001068115234,22.270465850830078,86.69091796875,65.16581726074219,93.61820220947266,80.39427947998047,51.66999816894531
2025-12-03,676.5904541015625,76.82423400878906,92.3874282836914,53.29631423950195,85.72451782226562,386.8800048828125,53.06999969482422,22.376882553100586,86.91253662109375,65.6614761352539,93.81169128417969,80.44283294677734,52.7400016784668
2025-12-04,677.0851440429688,76.88135528564453,92.63880920410156,53.28650665283203,85.26248168945312,387.1300048828125,51.7599983215332,22.4349308013916,86.70055389404297,65.50597381591797,93.52145385742188,80.38457489013672,52.5099983215332
2025-12-05,678.3712768554688,76.88135528564453,92.63880920410156,53.688629150390625,84.86785125732422,386.44000244140625,52.95000076293945,22.570371627807617,86.60420227050781,65.5351333618164,93.3279800415039,80.35543823242188,50.689998626708984
2025-12-08,676.3333129882812,76.6909408569336,92.34874725341797,53.57093048095703,84.5887222290039,385.4200134277344,52.709999084472656,22.289813995361328,85.9393539428711,65.47681427001953,93.1344985961914,80.33602905273438,51.52000045776367
2025-12-09,675.7495727539062,76.6052474975586,92.2230453491211,53.482662200927734,84.67534637451172,387.3999938964844,55.16999816894531,22.24144172668457,85.61173248291016,65.22412109375,92.99905395507812,80.29720306396484,52.849998474121094
2025-12-10,680.2312622070312,76.8623046875,93.24797058105469,54.0809440612793,85.00260925292969,389.04998779296875,56.06999969482422,22.376882553100586,85.92007446289062,66.06967163085938,93.29895782470703,80.43312072753906,52.4900016784668
2025-12-11,681.8140869140625,76.8528060913086,93.79910278320312,53.8259391784668,84.8871078491211,393.239990234375,57.619998931884766,22.357534408569336,86.29585266113281,66.59449768066406,93.30863189697266,80.44283294677734,52.099998474121094
2025-12-12,674.4832153320312,76.7099838256836,93.30598449707031,53.19823455810547,84.06892395019531,395.44000244140625,56.099998474121094,22.173721313476562,86.18986511230469,66.09883117675781,93.05709075927734,80.4525375366211,51.20000076293945
2025-12-15,673.4641723632812,76.7480697631836,93.8764419555664,53.04130554199219,84.12667846679688,395.79998779296875,58.11000061035156,22.067302703857422,86.45967102050781,66.67224884033203,93.1344985961914,80.5010757446289,48.65999984741211
2025-12-16,671.6241455078125,76.7956771850586,93.44133758544922,52.70604705810547,84.5887222290039,395.8900146484375,57.72999954223633,21.844791412353516,85.82373046875,66.39808654785156,93.39569091796875,80.53990173339844,49.709999084472656
2025-12-17,664.2337646484375,76.70045471191406,92.68333435058594,52.32801055908203,84.51170349121094,399.2900085449219,60.2599983215332,22.106000900268555,86.1417007446289,65.97554779052734,93.37635040283203,80.54961395263672,48.709999084472656
2025-12-18,669.2496948242188,76.90991973876953,93.3428955078125,52.92491149902344,84.91597747802734,398.57000732421875,59.31999969482422,21.951210021972656,85.6888198852539,66.53565979003906,93.61820220947266,80.60785675048828,47.959999084472656
2025-12-19,675.3153686523438,76.87261199951172,93.9729232788086,53.442222595214844,84.59902954101562,399.0199890136719,60.93000030517578,22.106000900268555,85.3612060546875,66.92872619628906,93.4075927734375,80.59325408935547,49.90999984741211
2025-12-22,679.5224609375,76.9395751953125,94.20918273925781,53.73072052001953,84.4154281616211,408.2300109863281,62.470001220703125,22.389999389648438,85.79974365234375,67.06629943847656,93.310546875,80.5542984008789,50.09000015258789
2025-12-23,682.6282348632812,76.99697875976562,94.79000091552734,54.029170989990234,84.55071258544922,413.6400146484375,64.83999633789062,22.639999389648438,85.74140930175781,67.45935821533203,93.27172088623047,80.51536560058594,49.650001525878906
2025-12-24,685.0294799804688,77.14046478271484,94.90813446044922,54.13859939575195,85.06285858154297,411.92999267578125,65.22000122070312,22.6299991607666,86.30537414550781,67.56745147705078,93.51434326171875,80.56404876708984,49.459999084472656
2025-12-26,684.9599609375,77.10218048095703,95.06563568115234,54.51663589477539,84.78263854980469,416.739990234375,71.12000274658203,22.700000762939453,86.40259552001953,67.80329132080078,93.6017074584961,80.62247467041016,49.61000061035156
2025-12-29,682.51904296875,77.13089752197266,94.7801513671875,54.37736129760742,85.10150909423828,398.6000061035156,66.01000213623047,22.489999771118164,86.57762145996094,67.41022491455078,93.73758697509766,80.66143035888672,49.380001068115234
2025-12-30,681.685546875,77.2074203491211,94.93766021728516,54.596221923828125,84.8985824584961,398.8900146484375,68.9800033569336,22.639999389648438,86.75264739990234,67.67554473876953,93.64053344726562,80.680908203125,49.83000183105469
2025-12-31,676.635009765625,77.13089752197266,94.53404235839844,54.427101135253906,84.22218322753906,396.30999755859375,64.41999816894531,22.360000610351562,86.04283142089844,67.41022491455078,93.32994842529297,80.65169525146484,49.650001525878906
2026-01-02,677.8753051757812,77.16915130615234,95.52831268310547,55.94919204711914,84.0965576171875,398.2799987792969,65.75,22.389999389648438,86.0719985961914,68.225830078125,93.2522964477539,80.69063568115234,50.939998626708984
2026-01-05,682.3900756835938,77.37004852294922,96.62102508544922,56.565982818603516,84.5120620727539,408.760009765625,69.08000183105469,22.809999465942383,86.26647186279297,68.72698974609375,93.53377532958984,80.71986389160156,53.459999084472656
2026-01-06,686.4484252929688,77.38919067382812,96.76869201660156,56.98381042480469,84.338134765625,413.17999267578125,73.70999908447266,22.799999237060547,86.89849853515625,68.96282196044922,93.46583557128906,80.72960662841797,52.45000076293945
2026-01-07,684.2356567382812,77.37004852294922,96.40444946289062,56.556034088134766,84.83094787597656,409.2300109863281,70.95999908447266,22.59000015258789,86.05255126953125,68.59923553466797,93.64053344726562,80.71986389160156,51.540000915527344
2026-01-08,684.1661987304688,77.42744445800781,96.41429901123047,56.575931549072266,84.40576934814453,411.489990234375,69.70999908447266,22.8799991607666,86.82071685791016,68.540283203125,93.35906982421875,80.69063568115234,51.52000045776367
2026-01-09,688.6908569335938,77.4848403930664,97.27073669433594,56.84453582763672,84.96622467041016,414.4700012207031,72.37999725341797,22.899999618530273,86.9957275390625,69.05126190185547,93.46583557128906,80.66143035888672,51.15999984741211
2026-01-12,689.7723999023438,77.5230941772461,97.86139678955078,57.64039611816406,84.71499633789062,422.2300109863281,77.2300033569336,23.190000534057617,87.1124038696289,69.44432067871094,93.34934997558594,80.66143035888672,51.869998931884766
2026-01-13,688.3932495117188,77.5230941772461,97.3002700805664,57.21261978149414,84.85993194580078,421.6300048828125,78.5999984741211,23.3700008392334,87.59857177734375,69.19866180419922,93.46583557128906,80.680908203125,53.56999969482422
2026-01-14,685.009521484375,77.5230941772461,97.75311279296875,57.45138168334961,85.35274505615234,425.94000244140625,84.55999755859375,23.389999389648438,88.35700988769531,69.39519500732422,93.6599349975586,80.70037078857422,55.439998626708984
2026-01-15,686.8750610351562,77.5230941772461,97.71372985839844,57.78962326049805,85.33341979980469,423.3299865722656,83.31999969482422,23.200000762939453,88.96959686279297,69.25762176513672,93.46583557128906,80.64195251464844,54.0
2026-01-16,686.2994995117188,77.5709457397461,97.97952270507812,57.57075881958008,84.84060668945312,421.2900085449219,81.0199966430664,23.15999984741211,90.0586166381836,69.41484832763672,93.1067123413086,80.62247467041016,54.2400016784668
2026-01-20,672.3286743164062,77.37004852294922,96.4930419921875,57.01365661621094,83.72937774658203,437.2300109863281,85.38999938964844,23.479999542236328,88.38618469238281,68.37322998046875,92.73790740966797,80.6322250366211,50.7599983215332
2026-01-21,680.0880737304688,77.59963989257812,97.48731231689453,57.958744049072266,84.36712646484375,443.6000061035156,83.95999908447266,23.75,88.7362289428711,69.10039520263672,92.98052978515625,80.67115783691406,51.11000061035156
2026-01-22,683.6402587890625,77.65702819824219,97.8712387084961,58.39646911621094,84.73430633544922,451.7900085449219,87.12999725341797,23.739999771118164,87.86111450195312,69.39519500732422,92.97083282470703,80.64195251464844,50.66999816894531
2026-01-23,683.8883666992188,77.61876678466797,98.41267395019531,58.764556884765625,84.96622467041016,458.0,92.91000366210938,24.18000030517578,88.03614044189453,69.87669372558594,93.1261215209961,80.67115783691406,50.70000076293945
2026-01-26,687.3612060546875,77.65702819824219,98.9048843383789,58.864036560058594,85.37206268310547,464.70001220703125,98.33999633789062,24.290000915527344,87.91946411132812,70.44664001464844,93.26200103759766,80.70037078857422,49.650001525878906
2026-01-27,690.099853515625,77.64747619628906,100.49964141845703,60.02798843383789,84.84060668945312,476.1000061035156,101.58999633789062,24.6200008392334,87.89028930664062,71.5766830444336,93.15525817871094,80.71986389160156,50.630001068115234
2026-01-28,690.0303344726562,77.5230941772461,99.43647003173828,60.43586730957031,84.64734649658203,494.55999755859375,105.5999984741211,24.940000534057617,86.98600769042969,70.63333892822266,93.07759857177734,80.71986389160156,50.5099983215332
2026-01-29,688.6610717773438,77.5135269165039,100.10588073730469,60.127471923828125,84.66667175292969,495.8999938964844,105.56999969482422,25.299999237060547,88.20143127441406,71.09518432617188,93.17466735839844,80.74906921386719,47.599998474121094
2026-01-30,686.6071166992188,77.59963989257812,99.17066955566406,58.79439926147461,84.19318389892578,444.95001220703125,75.44000244140625,24.43000030517578,88.28895568847656,70.48594665527344,93.11642456054688,80.81724548339844,47.4900016784668
2026-02-02,690.0204467773438,77.646728515625,99.82039642333984,58.97346878051758,83.95262908935547,427.1300048828125,72.44000244140625,23.540000915527344,87.37494659423828,71.1148452758789,92.93336486816406,80.77816772460938,44.220001220703125
2026-02-03,684.18603515625,77.59867858886719,99.86961364746094,59.291812896728516,84.1563491821289,454.2900085449219,76.95999908447266,24.149999618530273,87.18048095703125,70.79056549072266,93.02099609375,80.7684097290039,43.29999923706055
2026-02-04,680.8719482421875,77.50254821777344,100.19447326660156,58.49595260620117,83.94292449951172,453.9700012207031,79.18000030517578,24.190000534057617,88.43479919433594,70.98709106445312,93.00152587890625,80.80746459960938,41.56999969482422
2026-02-05,672.3682861328125,77.41602325439453,98.7670669555664,58.22734832763672,84.85472869873047,441.8800048828125,66.69000244140625,23.760000228881836,88.30838775634766,69.87669372558594,93.54681396484375,80.9344482421875,36.099998474121094
2026-02-06,685.2676391601562,77.68519592285156,101.01154327392578,59.75938415527344,84.91291046142578,455.4599914550781,70.19000244140625,24.010000228881836,89.6988525390625,71.26223754882812,93.54681396484375,80.9344482421875,39.68000030517578
2026-02-09,688.5718383789062,77.79093170166016,102.37004089355469,60.19710922241211,84.89352416992188,467.0299987792969,76.04000091552734,24.25,90.07806396484375,71.9500961303711,93.5662841796875,80.95396423339844,40.11000061035156
2026-02-10,686.7559814453125,77.71402740478516,102.61614990234375,60.286643981933594,85.87321472167969,462.3999938964844,73.41000366210938,24.139999389648438,91.28376770019531,71.76338958740234,93.97525787353516,81.00281524658203,38.970001220703125
2026-02-11,686.5972290039062,77.70442199707031,103.30525207519531,61.24168014526367,85.41730499267578,467.6300048828125,76.55999755859375,24.3700008392334,90.77815246582031,72.03853607177734,93.71234893798828,80.9246826171875,38.290000915527344
2026-02-12,675.9900512695312,77.66596221923828,102.52755737304688,60.5452995300293,86.55221557617188,451.3900146484375,67.7300033569336,23.799999237060547,90.67119598388672,71.38015747070312,94.286865234375,81.00281524658203,37.04999923706055
2026-02-13,676.4663696289062,77.72364807128906,102.61614990234375,60.803955078125,87.02750396728516,462.6199951171875,69.72000122070312,23.8799991607666,91.97412872314453,71.45877075195312,94.65687561035156,81.12979125976562,38.970001220703125
2026-02-17,677.5578002929688,77.68519592285156,102.59646606445312,60.55524826049805,87.17301177978516,448.20001220703125,66.37000274658203,23.59000015258789,92.8492431640625,71.95993041992188,94.64713287353516,81.10050201416016,38.38999938964844
2026-02-18,680.97119140625,77.78132629394531,102.71459197998047,60.873592376708984,86.84320831298828,458.2799987792969,70.08999633789062,24.209999084472656,91.76022338867188,72.15645599365234,94.45238494873047,81.0516586303711,37.540000915527344
2026-02-19,679.1751708984375,77.81016540527344,102.42911529541016,60.724369049072266,86.9305191040039,459.55999755859375,71.01000213623047,24.43000030517578,91.56574249267578,71.84201049804688,94.5400161743164,81.0516586303711,38.06999969482422
2026-02-20,684.0867919921875,77.86783599853516,103.265869140625,62.01764678955078,86.726806640625,468.6199951171875,76.62000274658203,24.600000381469727,92.25611877441406,72.54952239990234,94.5400161743164,81.06143188476562,38.41999816894531
2026-02-23,677.1013793945312,77.74288177490234,102.84256744384766,61.331214904785156,87.0468978881836,481.2799987792969,80.56999969482422,24.75,92.2658462524414,72.2448959350586,94.88082885742188,81.12979125976562,36.54999923706055
2026-02-24,682.0228881835938,77.68519592285156,103.02960968017578,62.296199798583984,87.20210266113281,474.6099853515625,79.08000183105469,24.719999313354492,92.49919891357422,72.42176818847656,94.8613510131836,81.12979125976562,36.529998779296875
2026-02-25,687.7780151367188,77.79093170166016,104.0140380859375,62.98263168334961,87.21180725097656,473.4200134277344,80.04000091552734,24.75,92.24639892578125,73.06050109863281,94.783447265625,81.11026763916016,39.22999954223633
2026-02-26,683.9578247070312,77.72364807128906,103.92543029785156,62.38573455810547,87.56099700927734,477.4800109863281,80.44999694824219,24.760000228881836,92.87841033935547,72.94258117675781,95.03662872314453,81.13956451416016,38.2599983215332
2026-02-27,680.6734619140625,77.59867858886719,103.73838806152344,62.25640869140625,88.09449005126953,483.75,84.98999786376953,25.100000381469727,93.0437240600586,72.6183090209961,95.4163818359375,81.24700164794922,37.189998626708984
2026-03-02,681.0604858398438,77.55423736572266,101.6907958984375,61.18199157714844,87.20983123779297,490.0,81.56999969482422,25.809999465942383,93.27708435058594,71.18363189697266,94.8431396484375,81.1030502319336,39.19499969482422
2026-03-03,675.0573120117188,77.39966583251953,98.53079986572266,58.117916107177734,87.03466796875,468.1400146484375,74.68000030517578,25.90999984741211,92.78118896484375,68.90386962890625,94.73572540283203,81.09326171875,38.70000076293945
2026-03-04,679.8201293945312,77.67015075683594,99.80070495605469,58.744659423828125,86.76216888427734,471.79998779296875,75.33999633789062,26.139999389648438,92.89786529541016,69.78825378417969,94.5404052734375,81.0442886352539,41.439998626708984
2026-03-05,676.0297241210938,77.36102294921875,97.61529541015625,57.33200454711914,86.41180419921875,466.1300048828125,74.2699966430664,26.520000457763672,91.96441650390625,68.31427001953125,94.24744415283203,80.98552703857422,40.38999938964844
2026-03-06,667.1689453125,76.98426818847656,96.74899291992188,57.02360534667969,86.09064483642578,473.510009765625,75.94000244140625,27.510000228881836,90.96289825439453,67.79345703125,94.1888427734375,81.02468872070312,38.599998474121094
2026-03-09,673.0133056640625,77.44796752929688,97.44793701171875,58.147762298583984,86.84002685546875,472.5299987792969,78.26000213623047,27.139999389648438,91.16709899902344,68.10791015625,94.48182678222656,81.0638656616211,39.130001068115234
2026-03-10,671.9317016601562,77.32238006591797,97.67435455322266,58.37657165527344,85.91546630859375,477.8599853515625,80.08999633789062,27.600000381469727,91.03096008300781,68.15704345703125,94.17909240722656,81.014892578125,39.709999084472656
2026-03-11,671.08837890625,77.14849853515625,97.4676284790039,58.52579879760742,84.80599212646484,476.239990234375,77.91000366210938,28.1299991607666,90.0877914428711,68.03912353515625,93.74940490722656,80.93655395507812,40.06999969482422
2026-03-12,660.89794921875,76.65580749511719,95.9417724609375,56.655517578125,84.64054870605469,466.8800048828125,76.4800033569336,28.860000610351562,89.46549224853516,67.09577178955078,93.44667053222656,80.7994384765625,39.95000076293945
2026-03-13,657.1571655273438,76.51090240478516,94.79984283447266,56.50629425048828,84.22206115722656,460.8399963378906,72.69000244140625,28.709999084472656,89.61134338378906,66.2212142944336,93.34900665283203,80.84840393066406,40.369998931884766
2026-03-16,663.844970703125,76.7524185180664,96.5718002319336,58.078125,84.8741226196289,460.42999267578125,73.22000122070312,28.309999465942383,90.36003875732422,67.31195831298828,93.7689208984375,80.94634246826172,41.939998626708984
2026-03-17,665.5912475585938,77.10018920898438,96.83760070800781,58.44620895385742,85.1076889038086,459.2699890136719,71.66000366210938,28.760000228881836,90.75870513916016,67.60675811767578,93.9349594116211,80.95613098144531,42.27000045776367
2026-03-18,656.3038330078125,76.70411682128906,95.18376922607422,57.262367248535156,84.63082122802734,444.739990234375,68.69999694824219,29.270000457763672,89.41686248779297,66.2605209350586,93.5052719116211,80.80923461914062,40.2599983215332
2026-03-19,654.6864624023438,76.95528411865234,95.01641082763672,57.322052001953125,85.14661407470703,426.4100036621094,65.68000030517578,28.84000015258789,89.05709838867188,66.1229476928711,93.49549865722656,80.78964233398438,39.81999969482422
2026-03-20,645.3009643554688,76.24040985107422,92.1320571899414,55.352291107177734,83.53109741210938,413.3800048828125,61.52000045776367,28.940000534057617,86.29564666748047,64.0691909790039,92.65564727783203,80.61334991455078,39.77000045776367
2026-03-23,652.07666015625,76.74275207519531,94.34700012207031,57.01365661621094,84.07608795166016,404.0400085449219,62.470001220703125,27.75,86.96656036376953,65.62178802490234,92.94862365722656,80.73087310791016,40.04999923706055
2026-03-24,649.8877563476562,76.48191833496094,93.78588104248047,56.22774124145508,83.70626831054688,404.1300048828125,62.95000076293945,28.239999771118164,86.39263916015625,65.33682250976562,92.63612365722656,80.61334991455078,39.279998779296875
2026-03-25,653.5094604492188,76.72344207763672,95.15423583984375,57.123085021972656,84.51402282714844,416.2900085449219,65.20999908447266,28.170000076293945,86.32384490966797,66.28016662597656,93.12442016601562,80.70149230957031,40.16999816894531
2026-03-26,641.838623046875,76.24040985107422,93.18539428710938,55.18317413330078,83.8035888671875,400.6400146484375,60.77000045776367,28.440000534057617,86.20592498779297,64.94375610351562,92.3724594116211,80.52520751953125,38.81999969482422
2026-03-27,630.89404296875,76.04720306396484,92.33879089355469,54.91456985473633,83.34618377685547,414.70001220703125,63.439998626708984,29.100000381469727,85.49834442138672,64.34434509277344,92.38221740722656,80.69169616699219,37.400001525878906
2026-03-30,628.78466796875,76.1341323852539,92.60457611083984,54.466896057128906,84.45564270019531,414.5799865722656,63.52000045776367,29.260000228881836,85.82264709472656,64.69808959960938,93.03650665283203,80.7994384765625,37.68000030517578
2026-03-31,647.0621337890625,76.85868072509766,95.61690521240234,56.49634552001953,84.36804962158203,430.2900085449219,68.13999938964844,28.950000762939453,87.16899871826172,66.76167297363281,93.2025375366211,80.86798858642578,38.41999816894531
2026-04-01,651.9373779296875,77.04700469970703,97.07386016845703,56.9340705871582,84.28500366210938,437.82000732421875,68.13999938964844,28.68000030517578,87.48347473144531,67.73450469970703,93.12120819091797,80.86503601074219,38.63999938964844
2026-04-02,652.5244750976562,77.23143768310547,96.47335815429688,56.29737854003906,84.8028564453125,429.4100036621094,65.79000091552734,29.329999923706055,88.67259216308594,67.41022491455078,93.33677673339844,80.90433502197266,37.970001220703125
2026-04-06,655.6087646484375,77.36734008789062,96.95572662353516,56.814693450927734,84.66606903076172,427.6499938964844,66.08999633789062,29.479999542236328,88.80034637451172,67.78363800048828,93.09180450439453,80.82575225830078,39.52000045776367
2026-04-07,655.8972778320312,77.38676452636719,96.81790161132812,57.01365661621094,84.65629577636719,431.80999755859375,65.94000244140625,29.3700008392334,88.9281005859375,67.64605712890625,93.32696533203125,80.88468933105469,39.099998474121094
2026-04-08,672.6027221679688,77.8429946899414,100.59809112548828,60.127471923828125,84.92988586425781,434.5299987792969,67.47000122070312,28.559999465942383,90.52997589111328,70.31888580322266,93.53272247314453,80.96326446533203,40.41999816894531
2026-04-09,676.4830322265625,77.93036651611328,100.36182403564453,59.968299865722656,84.71491241455078,437.9100036621094,68.38999938964844,28.709999084472656,91.17858123779297,70.20097351074219,93.50332641601562,80.98292541503906,40.90999984741211
2026-04-10,676.0353393554688,77.61973571777344,100.58824157714844,60.24685287475586,84.50972747802734,437.1300048828125,69.08000183105469,28.5,91.37512969970703,70.41716003417969,93.3465576171875,80.95345306396484,41.560001373291016
2026-04-13,682.6417846679688,77.91094970703125,101.20842742919922,60.754215240478516,84.7637710571289,435.3599853515625,68.27999877929688,28.959999084472656,91.71908569335938,70.91830444335938,93.55232238769531,81.01239013671875,41.59000015258789
2026-04-14,690.959716796875,78.14392852783203,102.02549743652344,61.91816711425781,85.21324157714844,445.0899963378906,72.04000091552734,28.84000015258789,92.5937271118164,71.45877075195312,93.85606384277344,81.07132720947266,42.130001068115234
2026-04-15,696.412109375,78.10509490966797,101.70063781738281,61.87837219238281,84.84194946289062,440.4599914550781,71.83999633789062,28.889999389648438,92.66252136230469,71.13449096679688,93.65031433105469,81.05168914794922,42.560001373291016
2026-04-16,698.1234130859375,77.99832153320312,101.40531158447266,62.127079010009766,84.30453491210938,440.0799865722656,71.23999786376953,29.110000610351562,93.51750183105469,70.90848541259766,93.4837417602539,81.022216796875,42.72999954223633
2026-04-17,706.5607299804688,78.28954315185547,102.69490814208984,63.3109245300293,85.07645416259766,445.92999267578125,73.62999725341797,28.290000915527344,95.01126861572266,71.97957611083984,93.99323272705078,81.17938232421875,43.939998626708984
2026-04-20,705.1477661132812,78.22158813476562,102.29129791259766,62.85330581665039,85.0569076538086,442.0899963378906,72.1500015258789,28.670000076293945,95.355224609375,71.74374389648438,93.90504455566406,81.14008331298828,43.25
2026-04-21,700.53125,78.01773834228516,100.04680633544922,61.9281120300293,84.58789825439453,429.57000732421875,68.48999786376953,29.209999084472656,93.66490936279297,70.19114685058594,93.49353790283203,81.022216796875,42.5099983215332
2026-04-22,707.6253051757812,78.14392852783203,100.38151550292969,63.052268981933594,84.75399780273438,435.260009765625,70.37000274658203,29.510000228881836,92.88854217529297,70.33854675292969,93.59151458740234,81.06150817871094,44.75
2026-04-23,704.8792114257812,78.01773834228516,99.66288757324219,62.02759552001953,84.56835174560547,431.0400085449219,68.37999725341797,29.889999389648438,93.84180450439453,69.90617370605469,93.44454193115234,81.022216796875,44.04999923706055
2026-04-24,710.3414916992188,78.12451934814453,100.18462371826172,63.41040802001953,84.72469329833984,433.25,68.79000091552734,29.860000610351562,93.65508270263672,70.33854675292969,93.6307144165039,81.11063385009766,44.02000045776367
2026-04-27,711.5653686523438,78.15364074707031,99.80070495605469,63.3109245300293,84.30453491210938,429.8900146484375,68.33000183105469,30.09000015258789,93.14405822753906,69.97496032714844,93.41514587402344,81.09098052978516,43.560001373291016
2026-04-28,708.1029052734375,78.04685974121094,99.38724517822266,62.66428756713867,84.3924789428711,421.9100036621094,66.19999694824219,30.34000015258789,93.99903869628906,69.61137390136719,93.32696533203125,81.0418701171875,43.27000045776367
2026-04-29,707.993408203125,77.78475189208984,98.373291015625,62.36583709716797,83.7378158569336,417.4100036621094,64.83999633789062,31.079999923706055,93.2619857788086,68.80559539794922,92.88606262207031,80.93380737304688,42.75
2026-04-30,715.0377197265625,78.0274429321289,100.72605895996094,63.65911865234375,83.6596450805664,423.6600036621094,66.66000366210938,31.100000381469727,94.66731262207031,70.44664001464844,93.06241607666016,81.022216796875,43.31999969482422
2026-05-01,717.0177001953125,78.12403869628906,100.50949096679688,63.79838943481445,83.95877838134766,423.17999267578125,68.29000091552734,30.809999465942383,94.40196228027344,70.40733337402344,93.13319396972656,81.03502655029297,44.470001220703125
2026-05-04,714.3909912109375,77.8703384399414,99.13129425048828,63.7685432434082,83.32129669189453,414.7099914550781,65.94000244140625,31.329999923706055,93.81232452392578,69.14952850341797,92.78912353515625,80.93650817871094,45.400001525878906
2026-05-05,720.1220092773438,77.9874267578125,100.45042419433594,65.06182861328125,83.78224182128906,418.2699890136719,65.91000366210938,31.200000762939453,94.10713958740234,70.11253356933594,92.92676544189453,80.97591400146484,46.279998779296875
2026-05-06,730.1312866210938,78.22162628173828,103.1772689819336,67.1410140991211,84.4197006225586,430.9599914550781,70.12999725341797,30.209999084472656,95.4141845703125,72.09749603271484,93.38878631591797,81.08428955078125,46.189998626708984
2026-05-07,727.8926391601562,77.92887878417969,101.28718566894531,66.24566650390625,83.99799346923828,431.67999267578125,71.5999984741211,30.25,94.72627258300781,70.53507232666016,93.10370635986328,81.01531982421875,45.400001525878906
2026-05-08,733.9021606445312,78.20210266113281,102.34051513671875,67.58869171142578,84.4197006225586,433.7699890136719,73.01000213623047,30.299999237060547,94.95230102539062,71.10501098632812,93.34947204589844,81.08428955078125,45.45000076293945
2026-05-11,735.5736694335938,78.04598236083984,102.12393951416016,67.53894805908203,83.90972900390625,434.6499938964844,78.0,31.059999465942383,95.02108764648438,70.9969253540039,93.03489685058594,81.0054702758789,46.470001220703125
2026-05-12,734.4593505859375,77.93864440917969,101.53328704833984,65.47965240478516,83.35072326660156,432.92999267578125,78.55000305175781,31.690000534057617,95.02108764648438,70.3483657836914,92.72032928466797,80.94636535644531,45.79999923706055
2026-05-13,738.5685424804688,77.9776840209961,102.21253967285156,66.86246490478516,83.16439056396484,430.5,79.3499984741211,31.3700008392334,94.23489379882812,70.79056549072266,92.72032928466797,80.97591400146484,45.119998931884766
2026-05-14,744.3989868164062,77.91912841796875,101.84830474853516,67.03158569335938,83.28207397460938,427.2099914550781,75.51000213623047,31.149999618530273,93.67473602294922,70.65299224853516,92.66134643554688,80.94636535644531,46.16999816894531
2026-05-15,735.4443969726562,77.53855895996094,100.13540649414062,64.73352813720703,82.04637145996094,417.2900085449219,69.04000091552734,31.190000534057617,92.28907775878906,69.26744842529297,91.92406463623047,80.84783172607422,44.81999969482422
2026-05-18,734.927001953125,77.61662292480469,101.0607681274414,64.63404846191406,81.94829559326172,418.42999267578125,69.94000244140625,31.3799991607666,93.37008666992188,70.2894058227539,91.8847427368164,80.88723754882812,43.529998779296875
2026-05-19,730.03173828125,77.43121337890625,100.33229064941406,63.9277229309082,81.41871643066406,411.5,66.9000015258789,31.610000610351562,93.63542938232422,69.88652038574219,91.53083801269531,80.828125,43.5
2026-05-20,737.5138549804688,77.92887878417969,102.00581359863281,65.12151336669922,82.29155731201172,417.3999938964844,68.7300033569336,30.8799991607666,94.82453918457031,71.12466430664062,92.150146484375,80.93650817871094,43.9900016784668
2026-05-21,738.9764404296875,77.9679183959961,102.56693267822266,65.68856811523438,82.59557342529297,416.989990234375,69.44999694824219,30.700000762939453,95.00143432617188,71.70443725585938,92.20915222167969,80.92665100097656,44.0
2026-05-22,741.8817749023438,77.9776840209961,102.3602066040039,65.53933715820312,83.04669952392578,413.82000732421875,68.36000061035156,30.540000915527344,95.0997085571289,71.45877075195312,92.28778839111328,80.90695190429688,42.959999084472656
2026-05-26,746.8068237304688,78.24114227294922,103.4922866821289,68.04631042480469,83.45860290527344,414.0,69.72000122070312,30.030000686645508,95.54193878173828,72.23506927490234,92.68099975585938,80.99562072753906,42.9900016784668
2026-05-27,746.6774291992188,78.19234466552734,103.13789367675781,68.03636169433594,83.65474700927734,408.489990234375,67.5,29.489999771118164,95.24711608886719,72.1662826538086,92.72032928466797,81.0054702758789,42.45000076293945
2026-05-28,750.7965698242188,78.28993225097656,103.05914306640625,68.2552261352539,84.08625793457031,412.7699890136719,68.36000061035156,29.719999313354492,94.88351440429688,71.89114379882812,92.93659210205078,81.04488372802734,41.560001373291016
2026-05-29,752.6671142578125,78.36799621582031,103.16743469238281,68.24527740478516,84.10587310791016,417.1199951171875,68.33000183105469,29.479999542236328,94.04817199707031,71.84201049804688,93.04473114013672,81.08428955078125,41.630001068115234
2026-06-01,754.7166748046875,78.30816650390625,102.81304168701172,69.7176284790039,84.15116119384766,411.260009765625,67.66999816894531,29.989999771118164,92.4659652709961,71.48825073242188,92.88394927978516,81.037841796875,40.4900016784668
2026-06-02,755.7415771484375,78.36701965332031,103.38399505615234,70.43390655517578,84.3283920288086,411.95001220703125,67.98999786376953,30.1200008392334,92.88854217529297,71.94026947021484,92.95299530029297,81.037841796875,38.04999923706055
2026-06-03,750.4384155273438,78.15123748779297,102.4980239868164,69.5584487915039,83.99363708496094,407.8699951171875,66.20999908447266,30.290000915527344,92.78044891357422,71.0362319946289,92.71627807617188,80.99832916259766,37.0
2026-06-04,753.2740478515625,78.29835510253906,103.3150863647461,68.74269104003906,84.18070220947266,411.2699890136719,66.9800033569336,29.8799991607666,94.44127655029297,71.85183715820312,92.83464050292969,81.05760192871094,36.02000045776367
2026-06-05,733.83251953125,77.90603637695312,100.66699981689453,64.25601196289062,83.74748229980469,396.239990234375,61.56999969482422,29.229999542236328,95.11936950683594,70.3287124633789,92.34146881103516,80.8896255493164,34.13999938964844
2026-06-08,735.4940795898438,78.01393127441406,101.27733612060547,65.4100112915039,83.31428527832031,397.2699890136719,61.58000183105469,29.469999313354492,93.8221435546875,70.67264556884766,92.24282836914062,80.92915344238281,35.88999938964844
2026-06-09,733.3350830078125,78.09239196777344,101.29702758789062,65.47965240478516,83.80656433105469,390.7799987792969,59.0099983215332,29.06999969482422,95.98417663574219,71.00675201416016,92.49927520751953,80.96868133544922,35.13999938964844
2026-06-10,721.7736206054688,77.94526672363281,99.98774719238281,64.32565307617188,83.57026672363281,374.5799865722656,57.65999984741211,29.170000076293945,95.99400329589844,70.12236022949219,92.41050720214844,80.96868133544922,35.08000183105469
2026-06-11,734.04150390625,78.40625762939453,103.09852600097656,67.15096282958984,84.65328979492188,386.32000732421875,60.81999969482422,28.850000381469727,95.92521667480469,72.4021224975586,93.05162811279297,81.11688995361328,36.04999923706055
2026-06-12,738.0113525390625,78.40625762939453,103.38399505615234,67.52899932861328,84.446533203125,386.5400085449219,61.290000915527344,28.549999237060547,96.80967712402344,72.5790023803711,92.8938217163086,81.09713745117188,36.040000915527344
2026-06-15,751.0254516601562,78.50432586669922,104.08000183105469,69.75,84.39730072021484,396.54998779296875,63.470001220703125,28.219999313354492,96.13158416748047,72.68000030517578,92.9924545288086,81.13666534423828,37.7400016784668
2026-06-16,746.5481567382812,78.49452209472656,104.30999755859375,68.63999938964844,84.86005401611328,397.6300048828125,63.38999938964844,27.899999618530273,96.36743927001953,72.68000030517578,93.22917175292969,81.15641784667969,37.16999816894531
2026-06-17,737.225341796875,78.20028686523438,103.77999877929688,68.55999755859375,84.9979019165039,388.6000061035156,60.61000061035156,27.709999084472656,93.95973205566406,72.25,92.73599243164062,80.90938568115234,36.36000061035156
2026-06-18,744.8902587890625,78.47489929199219,104.41000366210938,70.79000091552734,85.41141510009766,387.1199951171875,59.5099983215332,27.6299991607666,93.91059112548828,72.4000015258789,93.07135772705078,81.01808166503906,35.619998931884766
2026-06-22,742.546142578125,78.40625762939453,104.58000183105469,71.20999908447266,84.76158905029297,384.5899963378906,58.90999984741211,27.40999984741211,94.92281341552734,72.37000274658203,92.71627807617188,80.93903350830078,36.5
2026-06-23,731.7628784179688,78.33759307861328,102.45999908447266,67.16999816894531,84.8698959350586,377.32000732421875,55.72999954223633,27.1200008392334,96.17089080810547,71.44999694824219,92.83464050292969,80.99832916259766,35.310001373291016
2026-06-24,731.4237060546875,78.31797790527344,102.26000213623047,67.25,86.03168487548828,365.9200134277344,51.779998779296875,26.450000762939453,96.17585754394531,71.3499984741211,93.43630981445312,81.09713745117188,33.869998931884766
2026-06-25,732.4810791015625,78.34739685058594,103.1500015258789,67.95999908447266,86.00215148925781,369.4599914550781,52.36000061035156,26.93000030517578,96.35430908203125,72.16999816894531,93.49549102783203,81.11688995361328,33.52000045776367
2026-06-26,727.1842651367188,78.29835510253906,102.54000091552734,67.19000244140625,86.01200103759766,373.6300048828125,53.279998779296875,26.56999969482422,97.82157897949219,71.76000213623047,93.7322006225586,81.21571350097656,33.849998474121094
2026-06-29,739.1644897460938,78.47489929199219,103.44999694824219,67.43000030517578,86.1006088256836,368.5799865722656,52.68000030517578,26.559999465942383,97.3060531616211,72.37999725341797,93.76179504394531,81.1959457397461,34.18000030517578
2026-06-30,744.9202270507812,78.43567657470703,103.87999725341797,68.41000366210938,85.08650207519531,368.3800048828125,53.470001220703125,26.65999984741211,95.60083770751953,72.8499984741211,93.27848815917969,81.13666534423828,33.290000915527344
2026-07-01,743.9127197265625,78.4248275756836,103.0199966430664,66.4800033569336,84.51136779785156,370.6000061035156,53.58000183105469,26.450000762939453,95.98748779296875,72.16999816894531,93.05187225341797,81.10494995117188,34.0
2026-07-02,742.9351806640625,78.54307556152344,104.37000274658203,65.69999694824219,84.5014877319336,378.1300048828125,55.02000045776367,26.56999969482422,97.17716217041016,73.5999984741211,93.14094543457031,81.20405578613281,34.869998931884766
2026-07-06,749.4190673828125,78.70073699951172,105.45999908447266,67.56999969482422,84.44219207763672,382.1300048828125,56.11000061035156,27.0,96.40386962890625,73.9000015258789,93.2003173828125,81.24369812011719,36.119998931884766
2026-07-07,745.85791015625,78.59235382080078,104.16000366210938,65.72000122070312,83.55281066894531,377.489990234375,54.459999084472656,27.350000381469727,97.55390167236328,73.26000213623047,92.72530364990234,81.12477111816406,36.150001525878906
2026-07-08,743.5536499023438,78.49382019042969,103.36000061035156,66.2300033569336,83.36505126953125,374.45001220703125,52.83000183105469,27.799999237060547,95.96765899658203,72.47000122070312,92.53728485107422,81.10494995117188,35.22999954223633
2026-07-09,749.8480224609375,78.5824966430664,103.91999816894531,66.77999877929688,83.49351501464844,378.17999267578125,54.13999938964844,27.579999923706055,96.25516510009766,72.69000244140625,92.73519897460938,81.17432403564453,35.810001373291016
2026-07-10,753.0799560546875,78.54307556152344,104.33000183105469,66.9000015258789,83.4737548828125,377.010009765625,53.95000076293945,27.520000457763672,96.48318481445312,72.77999877929688,92.6560287475586,81.14459228515625,36.22999954223633
2026-07-13,747.3142700195312,78.3558578491211,103.23999786376953,64.5,82.97965240478516,367.1300048828125,52.15999984741211,28.329999923706055,96.98880767822266,72.20999908447266,92.319580078125,81.0553970336914,35.220001220703125
2026-07-14,749.9677124023438,78.51351928710938,103.95999908447266,65.66999816894531,83.0883560180664,372.1499938964844,53.16999816894531,28.6299991607666,96.73104095458984,72.55000305175781,92.57686614990234,81.19413757324219,36.58000183105469
2026-07-15,752.9403076171875,78.64161682128906,104.6500015258789,65.56999969482422,83.24646759033203,372.3500061035156,52.209999084472656,28.790000915527344,97.01854705810547,73.12000274658203,92.80447387695312,81.26351165771484,36.810001373291016
2026-07-16,748.8604125976562,78.63176727294922,103.80999755859375,64.19000244140625,83.2168197631836,364.9599914550781,50.38999938964844,28.459999084472656,99.20954132080078,72.79000091552734,92.7450942993164,81.26351165771484,36.38999938964844
2026-07-17,741.4487915039062,78.48395538330078,103.33000183105469,63.290000915527344,83.52315521240234,368.4100036621094,50.779998779296875,28.979999542236328,99.15996551513672,72.70999908447266,92.86384582519531,81.25360107421875,36.349998474121094
2026-07-20,740.2518310546875,78.51351928710938,102.56999969482422,63.560001373291016,82.90059661865234,367.6000061035156,50.97999954223633,29.139999389648438,98.62461853027344,71.95999908447266,92.56697082519531,81.223876953125,36.88999938964844
2026-07-21,746.426513671875,78.48395538330078,104.05999755859375,65.33999633789062,82.6733169555664,374.80999755859375,53.08000183105469,29.56999969482422,98.66426849365234,72.73999786376953,92.33936309814453,81.15450286865234,37.66999816894531
2026-07-22,745.55859375,78.3558578491211,104.25,64.98999786376953,82.45589447021484,379.1199951171875,53.91999816894531,29.860000610351562,98.16856384277344,73.05000305175781,92.13154602050781,81.09504699707031,37.34000015258789
2026-07-23,736.3515014648438,78.07010650634766,102.9000015258789,64.5999984741211,82.18907928466797,371.5199890136719,52.060001373291016,30.309999465942383,97.8414077758789,72.04000091552734,91.88414764404297,81.03557586669922,36.650001525878906
2026-07-24,737.099609375,78.07010650634766,103.41000366210938,63.33000183105469,82.26813507080078,371.8999938964844,52.59000015258789,30.100000381469727,99.94317626953125,72.55000305175781,92.06227111816406,81.11486053466797,36.349998474121094
2026-07-27,737.25927734375,78.1095199584961,103.91000366210938,63.619998931884766,82.76224517822266,374.6300048828125,52.93000030517578,29.010000228881836,99.67549896240234,72.87000274658203,92.3096694946289,81.13468170166016,36.77000045776367
2026-07-28,739.0248413085938,78.25732421875,103.88999938964844,62.36000061035156,83.24646759033203,369.3699951171875,51.70000076293945,28.600000381469727,100.08197021484375,73.12999725341797,92.58676147460938,81.20405578613281,36.13999938964844
2026-07-29,727.6531372070312,78.0799560546875,103.37000274658203,61.06999969482422,81.87285614013672,371.0799865722656,51.77000045776367,29.420000076293945,99.79447174072266,72.91000366210938,92.20081329345703,81.25360107421875,36.0
2026-07-30,739.852783203125,78.30658721923828,106.23999786376953,63.59000015258789,81.82344818115234,377.1600036621094,53.5,29.31999969482422,98.63452911376953,74.62000274658203,92.24040222167969,81.27342224121094,36.70000076293945
2026-07-31,745.1796264648438,78.31645202636719,105.58000183105469,64.08999633789062,81.2799301147461,371.5400085449219,52.36000061035156,29.450000762939453,98.09916687011719,74.29000091552734,91.98310089111328,81.26351165771484,35.63999938964844
2026-08-03,755.793212890625,78.52833557128906,106.0199966430664,64.31999969482422,81.5478286743164,371.7099914550781,52.459999084472656,28.8799991607666,98.2181396484375,74.61000061035156,92.16979217529297,81.28438568115234,36.15999984741211
2026-08-04,769.4193725585938,78.76597595214844,107.31999969482422,66.0,82.17290496826172,374.1600036621094,53.84000015258789,28.309999465942383,98.06942749023438,75.33999633789062,92.5967788696289,81.38379669189453,36.38999938964844
2026-08-05,767.8831787109375,78.73626708984375,107.43000030517578,65.72000122070312,82.35149383544922,389.6400146484375,56.06999969482422,28.479999542236328,98.06942749023438,75.27999877929688,92.65635681152344,81.41361999511719,36.7400016784668
2026-08-06,766.65625,78.6768569946289,107.36000061035156,65.0199966430664,81.875244140625,389.6700134277344,55.849998474121094,28.860000610351562,97.1969985961914,75.2300033569336,92.29887390136719,81.314208984375,36.4900016784668
2026-08-07,771.3446044921875,78.82538604736328,108.55000305175781,65.63999938964844,82.11337280273438,398.4700012207031,57.5,28.90999984741211,97.5836410522461,75.80999755859375,92.517333984375,81.4334945678711,36.79999923706055
2026-08-10,771.1151733398438,78.69667053222656,108.01000213623047,65.16999816894531,81.41883850097656,402.5400085449219,59.40999984741211,29.93000030517578,96.27499389648438,75.61000061035156,92.11021423339844,81.37385559082031,36.22999954223633
2026-08-11,768.6513061523438,78.72637176513672,108.08999633789062,65.43000030517578,81.5478286743164,400.9599914550781,58.54999923706055,29.969999313354492,95.55126953125,75.66999816894531,92.21944427490234,81.38379669189453,35.939998626708984
2026-08-12,770.5764770507812,78.82538604736328,108.5,66.45999908447266,81.46845245361328,404.9200134277344,59.060001373291016,30.110000610351562,96.47327423095703,75.5199966430664,92.30880737304688,81.4334945678711,35.88999938964844
2026-08-13,775.9531860351562,79.00361633300781,108.69000244140625,66.68000030517578,81.94469451904297,398.9599914550781,58.15999984741211,29.780000686645508,97.73235321044922,75.58999633789062,92.64643096923828,81.54283905029297,35.880001068115234
2026-08-14,774.4169921875,78.92440032958984,108.63999938964844,66.61000061035156,81.39899444580078,401.4800109863281,58.47999954223633,30.0,97.9802017211914,75.62999725341797,92.38824462890625,81.51302337646484,35.630001068115234
2026-08-17,770.7560424804688,78.82538604736328,108.44999694824219,67.31999969482422,80.71439361572266,405.489990234375,59.56999969482422,30.559999465942383,97.13751220703125,75.41999816894531,92.18965148925781,81.51302337646484,36.41999816894531
2026-08-18,765.5490112304688,78.74617767333984,107.2699966430664,65.33999633789062,81.02197265625,398.54998779296875,57.439998626708984,30.479999542236328,96.78060913085938,74.87000274658203,92.27902221679688,81.53289794921875,36.599998474121094
2026-08-19,767.1549682617188,78.92440032958984,107.66000366210938,66.11000061035156,82.371337890625,413.8399963378906,60.0099983215332,30.760000228881836,97.76209259033203,75.58000183105469,92.72586059570312,81.57266235351562,38.779998779296875
2026-08-20,760.7109985351562,78.77587127685547,107.3499984741211,66.62000274658203,81.69664764404297,415.260009765625,61.65999984741211,31.110000610351562,97.75218200683594,75.33999633789062,92.34852600097656,81.53289794921875,41.20000076293945
2026-08-21,763.8232421875,78.82538604736328,108.23999786376953,67.12000274658203,81.40892028808594,423.3599853515625,62.720001220703125,31.260000228881836,97.65303802490234,75.86000061035156,92.16979217529297,81.51302337646484,43.68000030517578
2026-08-24,761.5787963867188,78.91449737548828,108.02999877929688,66.11000061035156,81.91493225097656,426.69000244140625,62.20000076293945,30.940000534057617,98.24787902832031,75.91000366210938,92.35845947265625,81.51302337646484,44.63999938964844
2026-08-25,764.0127563476562,79.13232421875,108.80999755859375,67.25,82.81782531738281,428.07000732421875,62.31999969482422,30.43000030517578,98.39659118652344,76.27999877929688,92.8549575805664,81.5925521850586,44.720001220703125
2026-08-26,764.182373046875,79.1125259399414,108.2699966430664,67.16999816894531,82.64915466308594,421.32000732421875,61.59000015258789,30.5,97.76209259033203,75.8499984741211,92.6662826538086,81.56272888183594,44.459999084472656
2026-08-27,769.18994140625,79.08282470703125,108.0199966430664,67.61000061035156,82.48047637939453,422.6000061035156,62.77000045776367,30.860000610351562,96.81034851074219,75.58000183105469,92.57691955566406,81.55278778076172,45.290000915527344
2026-08-28,767.4442749023438,78.9541015625,107.72000122070312,67.13999938964844,82.23242950439453,408.8900146484375,60.02000045776367,30.790000915527344,96.40386962890625,75.2699966430664,92.19957733154297,81.40367126464844,43.900001525878906
2026-08-31,765.1499633789062,79.02340698242188,107.44999694824219,67.0199966430664,81.875244140625,408.4200134277344,60.130001068115234,31.299999237060547,95.61075592041016,74.94999694824219,92.0903549194336,81.40367126464844,44.66999816894531
2026-09-01,759.89306640625,78.74962615966797,106.48999786376953,66.7699966430664,81.54159545898438,396.75,57.91999816894531,31.93000030517578,95.47196197509766,74.13999938964844,91.78340911865234,81.34783935546875,43.7599983215332
2026-09-02,763.2646484375,78.75958251953125,107.05999755859375,67.1500015258789,81.62126922607422,402.7799987792969,59.06999969482422,31.93000030517578,94.95642852783203,74.44999694824219,91.8631362915039,81.39769744873047,43.790000915527344
2026-09-03,771.2548217773438,78.85913848876953,108.20999908447266,67.47000122070312,81.74079132080078,410.2200012207031,60.54999923706055,31.959999084472656,95.82886505126953,75.02999877929688,91.9627914428711,81.46749114990234,46.349998474121094
2026-09-04,768.2822265625,78.80936431884766,108.3499984741211,68.69999694824219,81.8802261352539,406.7699890136719,59.81999969482422,31.899999618530273,95.1943588256836,75.01000213623047,91.93289184570312,81.44754791259766,45.22999954223633
2026-09-08,764.0626831054688,78.76954650878906,107.76000213623047,68.83000183105469,81.8702621459961,399.7200012207031,59.369998931884766,32.400001525878906,95.10514068603516,74.47000122070312,91.84320831298828,81.41764068603516,44.38999938964844
2026-09-09,760.5115356445312,78.63016510009766,106.55999755859375,68.4800033569336,81.40216064453125,403.3500061035156,60.720001220703125,32.849998474121094,94.1236572265625,73.58000183105469,91.58409881591797,81.38772583007812,44.290000915527344
2026-09-10,755.9528198242188,78.27175903320312,105.66000366210938,67.0,80.45596313476562,396.3599853515625,57.5,33.619998931884766,93.31070709228516,73.01000213623047,90.86656951904297,81.1783447265625,43.68000030517578
2026-09-11,762.3967895507812,78.25184631347656,106.69999694824219,67.83999633789062,80.54560852050781,398.7699890136719,58.119998931884766,33.15999984741211,93.98485565185547,73.5999984741211,90.69715881347656,81.12850189208984,43.77000045776367
2026-09-14,758.9952392578125,78.1821517944336,105.8499984741211,65.98999786376953,80.60536193847656,392.8399963378906,56.84000015258789,33.150001525878906,93.5188980102539,72.87999725341797,90.617431640625,81.09857940673828,44.7400016784668
2026-09-15,755.513916015625,78.0328140258789,105.4000015258789,65.76000213623047,80.38624572753906,394.1499938964844,57.529998779296875,33.68000030517578,93.2908706665039,72.69000244140625,90.5078125,81.06867218017578,43.11000061035156
2026-09-16,752.1821899414062,78.07263946533203,105.0199966430664,65.72000122070312,80.55555725097656,391.739990234375,57.04999923706055,33.15999984741211,92.67620849609375,72.3499984741211,90.41812133789062,80.9988784790039,43.040000915527344
2026-09-17,760.7109985351562,78.3713150024414,106.04000091552734,66.91000366210938,81.45195007324219,398.3599853515625,58.970001220703125,33.04999923706055,93.00336456298828,73.02999877929688,90.93633270263672,81.1185302734375,43.29999923706055
2026-09-18,761.6900024414062,78.1821517944336,104.97000122070312,67.02999877929688,80.92407989501953,401.1700134277344,59.93000030517578,32.93000030517578,92.11111450195312,72.41999816894531,90.48788452148438,80.9988784790039,46.02000045776367
2026-09-21,773.5,78.33148956298828,106.12999725341797,68.83000183105469,81.47187805175781,398.3800048828125,59.630001068115234,32.58000183105469,93.00336456298828,73.12999725341797,90.83667755126953,81.04873657226562,49.0099983215332
2026-09-22,773.3800048828125,78.321533203125,106.5,69.0999984741211,81.42207336425781,400.07000732421875,60.72999954223633,32.439998626708984,92.81500244140625,73.19000244140625,90.84664154052734,81.07864379882812,48.83000183105469
2026-09-23,767.8099975585938,77.75405883789062,104.80000305175781,67.70999908447266,80.13724517822266,392.8800048828125,58.15999984741211,32.880001068115234,91.44999694824219,72.04000091552734,89.87997436523438,80.87924194335938,47.880001068115234
2026-09-24,767.1799926757812,77.54499053955078,104.5,67.25,79.1014175415039,391.69000244140625,57.619998931884766,33.18000030517578,91.16999816894531,72.22000122070312,89.38169860839844,80.84932708740234,47.810001373291016
2026-09-25,771.3499755859375,77.51512145996094,105.55999755859375,67.9800033569336,79.00182342529297,393.4100036621094,58.13999938964844,32.619998931884766,90.98999786376953,72.68000030517578,89.69062805175781,80.9689712524414,47.56999969482422
2026-09-28,765.6099853515625,77.19654083251953,105.04000091552734,67.19999694824219,78.30463409423828,377.9100036621094,54.95000076293945,32.4900016784668,90.58999633789062,72.44999694824219,89.22224426269531,80.86927032470703,47.209999084472656
2026-09-29,764.2000122070312,77.017333984375,104.54000091552734,67.4000015258789,77.91619873046875,382.8900146484375,55.47999954223633,32.0,90.52999877929688,71.97000122070312,89.14251708984375,80.91912078857422,47.33000183105469
2026-09-30,762.6300048828125,76.86800384521484,103.88999938964844,66.79000091552734,77.4679946899414,380.8399963378906,54.5099983215332,32.31999969482422,89.62999725341797,71.12999725341797,89.00299835205078,80.95899963378906,47.34000015258789
2026-10-01,763.989990234375,76.9000015258789,102.81999969482422,66.80999755859375,77.70999908447266,382.760009765625,55.02000045776367,32.75,89.16999816894531,70.05999755859375,89.30000305175781,81.0999984741211,47.959999084472656
2026-10-02,769.6400146484375,76.91000366210938,103.95999908447266,67.66999816894531,77.4800033569336,380.1400146484375,54.7400016784668,32.540000915527344,89.5,70.80000305175781,89.05000305175781,81.05000305175781,47.72999954223633
