Date,SPY,HYG,EFA,EEM,TLT,GLD,SLV,DBC,VNQ,IEV,IEF,SHY,IBIT
2024-01-11,461.2554626464844,65.9828872680664,68.89739227294922,37.05644607543945,85.9384994506836,187.8699951171875,20.81999969482422,20.186626434326172,77.88340759277344,48.31913757324219,86.56365203857422,74.0702896118164,26.6299991607666
2024-01-12,461.5750427246094,66.05088806152344,69.18309020996094,37.18926239013672,85.76968383789062,189.7100067138672,21.190000534057617,20.260099411010742,78.35132598876953,48.42117691040039,86.79814910888672,74.2235107421875,24.969999313354492
2024-01-16,459.88043212890625,65.63434600830078,68.02188110351562,36.28799057006836,84.2590103149414,187.91000366210938,20.959999084472656,20.085603713989258,77.7754135131836,47.539947509765625,86.09458923339844,74.10630798339844,24.719999313354492
2024-01-17,457.3241271972656,65.35382843017578,67.37678527832031,35.747230529785156,84.12572479248047,185.83999633789062,20.649999618530273,20.05805015563965,76.35362243652344,47.17818069458008,85.81497955322266,73.96212005615234,24.40999984741211
2024-01-18,461.3909912109375,65.48983764648438,67.97582244873047,36.04132843017578,83.34374237060547,187.3699951171875,20.809999465942383,20.186626434326172,75.93968963623047,47.61415481567383,85.62557983398438,73.9981918334961,23.34000015258789
2024-01-19,467.1428527832031,65.60034942626953,68.13247680664062,36.42081069946289,83.61032104492188,187.92999267578125,20.670000076293945,20.149890899658203,76.84854888916016,47.69763946533203,85.63457489013672,73.94406127929688,23.799999237060547
2024-01-22,468.13055419921875,65.65135955810547,68.34445190429688,36.098243713378906,84.10794067382812,187.22000122070312,20.219999313354492,20.232547760009766,77.3074951171875,47.7254753112793,85.89614868164062,73.98014831542969,22.950000762939453
2024-01-23,469.4958190917969,65.57485961914062,68.15092468261719,36.41132354736328,83.44148254394531,187.9499969482422,20.530000686645508,20.342756271362305,76.77656555175781,47.595603942871094,85.6796875,73.97113037109375,22.31999969482422
2024-01-24,470.0090637207031,65.54086303710938,68.66699981689453,36.819271087646484,82.95275115966797,186.39999389648438,20.709999084472656,20.517253875732422,75.67872619628906,48.059410095214844,85.43614196777344,73.93505096435547,22.600000381469727
2024-01-25,472.5653076171875,66.04240417480469,68.86053466796875,36.86669921875,83.49479675292969,187.13999938964844,20.940000534057617,20.673383712768555,76.65056610107422,48.29131317138672,85.80595397949219,74.0702896118164,22.760000228881836
2024-01-26,471.9649963378906,65.99140167236328,69.1646499633789,36.89516067504883,83.33484649658203,187.00999450683594,20.860000610351562,20.76522445678711,76.43461608886719,48.7736701965332,85.6526107788086,74.02520751953125,23.989999771118164
2024-01-29,475.70269775390625,66.13589477539062,69.57014465332031,36.91413497924805,84.29454040527344,188.3300018310547,21.209999084472656,20.59072494506836,76.93853759765625,48.91280746459961,86.16676330566406,74.09733581542969,24.670000076293945
2024-01-30,475.3346862792969,66.05088806152344,69.47798919677734,36.620033264160156,85.05878448486328,188.58999633789062,21.190000534057617,20.72848892211914,76.2186508178711,48.95919418334961,86.2840347290039,74.0522689819336,24.8799991607666
2024-01-31,467.5785217285156,65.86387634277344,69.12779235839844,36.42081069946289,85.89408111572266,188.4499969482422,20.90999984741211,20.50806999206543,75.4897689819336,48.57887268066406,87.0055923461914,74.1874771118164,24.299999237060547
2024-02-01,473.69830322265625,66.24320220947266,69.80976104736328,36.771827697753906,87.57896423339844,190.41000366210938,21.209999084472656,20.260099411010742,76.85755920410156,49.061222076416016,87.54452514648438,74.29777526855469,24.540000915527344
2024-02-02,478.6850891113281,65.9442138671875,69.25680541992188,36.6674690246582,85.64445495605469,188.61000061035156,20.75,20.03049659729004,75.90369415283203,48.5881462097168,86.40523529052734,74.06269073486328,24.5
2024-02-05,476.9421081542969,65.63664245605469,68.88818359375,36.714908599853516,83.91500091552734,187.57000732421875,20.469999313354492,20.11315155029297,74.31095123291016,48.34696578979492,85.56429290771484,73.91804504394531,24.190000534057617
2024-02-06,478.3268127441406,65.8758316040039,69.3121109008789,37.54977035522461,84.73515319824219,188.5500030517578,20.510000228881836,20.186626434326172,75.30979919433594,48.70873260498047,86.02545166015625,74.03560638427734,24.600000381469727
2024-02-07,482.3163146972656,65.98689270019531,69.27523803710938,37.597206115722656,84.3250732421875,188.5,20.329999923706055,20.278467178344727,75.20181274414062,48.57887268066406,85.87175750732422,74.00845336914062,25.219999313354492
2024-02-08,482.529296875,65.95272064208984,69.15544128417969,37.38848876953125,83.83477020263672,188.3300018310547,20.649999618530273,20.3886775970459,75.81371307373047,48.56959533691406,85.5914306640625,73.99037170410156,26.030000686645508
2024-02-09,485.3180236816406,66.08939361572266,69.39505004882812,37.54977035522461,83.66537475585938,187.60000610351562,20.68000030517578,20.44378089904785,75.93069458007812,48.70873260498047,85.43775177001953,73.96324920654297,27.149999618530273
2024-02-12,485.1050109863281,65.9442138671875,69.51486206054688,37.84386444091797,83.76343536376953,187.11000061035156,20.760000228881836,20.452964782714844,75.94867706298828,48.690185546875,85.51909637451172,73.9722900390625,28.65999984741211
2024-02-13,478.42364501953125,65.4145278930664,68.44581604003906,37.13233947753906,82.32816314697266,184.52999877929688,20.200000762939453,20.33357048034668,74.3829345703125,47.82750701904297,84.57874298095703,73.73722076416016,28.219999313354492
2024-02-14,482.7713623046875,65.6707992553711,69.21073913574219,37.66361618041992,82.74716186523438,184.4199981689453,20.440000534057617,20.140705108642578,74.96783447265625,48.476829528808594,84.89521026611328,73.84571838378906,29.549999237060547
2024-02-15,486.1024169921875,65.90147399902344,69.99407958984375,37.84386444091797,83.17506408691406,185.66000366210938,20.940000534057617,20.186626434326172,76.71357727050781,49.01484680175781,85.13031005859375,73.91804504394531,29.520000457763672
2024-02-16,483.68157958984375,65.70497131347656,70.10467529296875,38.02412033081055,82.69367980957031,186.33999633789062,21.389999389648438,20.232547760009766,75.92170715332031,49.11688232421875,84.75956726074219,73.8276596069336,29.6200008392334
2024-02-20,481.01873779296875,65.84164428710938,70.3903579711914,38.0810432434082,82.76497650146484,187.47000122070312,21.06999969482422,20.122337341308594,75.78671264648438,49.38589096069336,84.9042739868164,73.87284851074219,29.670000076293945
2024-02-21,481.4544982910156,65.72208404541016,70.4456558227539,38.14745330810547,82.1766128540039,187.47999572753906,20.959999084472656,20.204994201660156,76.20964813232422,49.46009826660156,84.63300323486328,73.80953979492188,29.079999923706055
2024-02-22,491.41839599609375,66.03815460205078,71.23821258544922,38.53642272949219,82.5777816772461,187.55999755859375,20.81999969482422,20.260099411010742,76.35362243652344,49.93317413330078,84.64203643798828,73.8005142211914,29.719999313354492
2024-02-23,491.7572937011719,66.08086395263672,71.33036804199219,38.51744842529297,83.68321228027344,188.6199951171875,20.989999771118164,19.96620750427246,76.31763458251953,49.988834381103516,85.0308609008789,73.8366928100586,29.15999984741211
2024-02-26,489.9562072753906,65.8673095703125,71.22899627685547,38.3466796875,83.43358612060547,188.1999969482422,20.6200008392334,20.149890899658203,75.48075103759766,49.93317413330078,84.9042739868164,73.78243255615234,31.1200008392334
2024-02-27,490.8664855957031,65.95272064208984,71.42252349853516,38.42258071899414,82.84519958496094,188.0,20.56999969482422,20.306018829345703,75.57073211669922,50.035213470458984,84.71434783935547,73.78243255615234,32.59000015258789
2024-02-28,490.2176818847656,65.9442138671875,71.00782012939453,37.919761657714844,83.37120056152344,188.33999633789062,20.549999237060547,20.223363876342773,76.33563232421875,49.77548599243164,85.02179718017578,73.85474395751953,34.45000076293945
2024-02-29,491.98004150390625,66.06378936767578,71.19213104248047,37.93873977661133,83.95958709716797,189.30999755859375,20.729999542236328,20.195810317993164,76.98355865478516,49.794036865234375,85.19361114501953,73.89997100830078,35.41999816894531
2024-03-01,496.5988464355469,66.31122589111328,71.8833236694336,38.40360641479492,84.48271942138672,192.88999938964844,21.170000076293945,20.29683494567871,77.9013900756836,50.183631896972656,85.58252716064453,74.04505920410156,35.9900016784668
2024-03-04,496.0662536621094,66.2940444946289,71.69900512695312,38.31822204589844,84.14289093017578,196.00999450683594,21.860000610351562,20.36112403869629,78.63029479980469,50.13725280761719,85.39214324951172,73.97249603271484,38.650001525878906
2024-03-05,491.1085510253906,66.24250793457031,71.56998443603516,37.976680755615234,85.34123992919922,197.19000244140625,21.670000076293945,20.204994201660156,77.67642974853516,49.988834381103516,85.91793823242188,74.02689361572266,35.31999969482422
2024-03-06,493.59710693359375,66.40572357177734,72.41783905029297,38.52693557739258,85.84199523925781,198.80999755859375,22.100000381469727,20.37030792236328,78.0633773803711,50.461917877197266,86.12648010253906,74.04505920410156,38.290000915527344
2024-03-07,498.4966735839844,66.48307037353516,73.27490234375,38.76411437988281,85.76154327392578,199.94000244140625,22.239999771118164,20.425413131713867,78.04537963867188,51.31531524658203,86.27152252197266,74.1357192993164,38.630001068115234
2024-03-08,495.5047302246094,66.50025177001953,73.03529357910156,38.726165771484375,85.6095199584961,201.6300048828125,22.229999542236328,20.36112403869629,78.94524383544922,51.05558395385742,86.33497619628906,74.1719970703125,39.54999923706055
2024-03-11,495.07861328125,66.49163818359375,72.62059020996094,38.811546325683594,85.56480407714844,202.0,22.350000381469727,20.53562355041504,78.56729125976562,51.06486129760742,86.22623443603516,74.10852813720703,41.119998931884766
2024-03-12,500.4043884277344,66.55179595947266,73.20118713378906,39.23846435546875,84.849365234375,199.7899932861328,22.09000015258789,20.48051643371582,78.39633178710938,51.56576919555664,85.87263488769531,74.03597259521484,40.72999954223633
2024-03-13,499.6199951171875,66.57754516601562,73.21039581298828,39.115135192871094,84.43799591064453,201.19000244140625,22.790000915527344,20.76522445678711,78.0003890991211,51.667808532714844,85.6822509765625,73.99971008300781,41.95000076293945
2024-03-14,498.6324157714844,66.25967407226562,72.67587280273438,38.9159049987793,83.14128112792969,200.35000610351562,22.729999542236328,20.829513549804688,76.83055114746094,51.2874870300293,85.04764556884766,73.9362564086914,39.5099983215332
2024-03-15,495.2084655761719,66.21670532226562,72.7035140991211,38.67873001098633,83.11446380615234,199.7100067138672,23.030000686645508,20.902986526489258,76.65959167480469,51.25038146972656,84.90258026123047,73.8908920288086,39.38999938964844
2024-03-18,498.1515197753906,66.37138366699219,72.68509674072266,38.745140075683594,82.86407470703125,200.02999877929688,22.90999984741211,21.095849990844727,76.69558715820312,50.953548431396484,84.8028564453125,73.89996337890625,38.13999938964844
2024-03-19,500.91986083984375,66.63772583007812,72.8141098022461,38.55539321899414,83.09658813476562,199.8000030517578,22.790000915527344,21.086666107177734,76.66858673095703,51.00920486450195,85.04764556884766,73.96343231201172,36.70000076293945
2024-03-20,505.5529479980469,66.861083984375,73.58824157714844,38.99180221557617,83.06976318359375,202.17999267578125,23.290000915527344,21.03156280517578,77.17251586914062,51.60287094116211,85.24707794189453,74.08131408691406,37.54999923706055
2024-03-21,507.2236633300781,66.82672119140625,73.55138397216797,39.039241790771484,83.24858856201172,201.97000122070312,22.649999618530273,21.004011154174805,77.73043060302734,51.4637336730957,85.25617218017578,74.08131408691406,37.150001525878906
2024-03-22,506.2621154785156,66.75801086425781,73.39470672607422,38.76411437988281,84.04452514648438,200.35000610351562,22.559999465942383,20.857065200805664,76.75208282470703,51.33386993408203,85.67318725585938,74.1357192993164,36.40999984741211
2024-03-25,504.8634033203125,66.65489196777344,73.238037109375,38.79257583618164,83.62422943115234,200.99000549316406,22.579999923706055,21.03156280517578,76.28015899658203,51.408077239990234,85.446533203125,74.09944915771484,40.54999923706055
2024-03-26,503.93084716796875,66.57754516601562,73.32098388671875,38.76411437988281,83.85671997070312,201.63999938964844,22.34000015258789,20.866249084472656,75.97158813476562,51.43590545654297,85.5734634399414,74.11759185791016,39.630001068115234
2024-03-27,508.16583251953125,66.9298324584961,73.76335144042969,38.83052444458008,84.68840026855469,203.10000610351562,22.510000228881836,20.847881317138672,77.9319076538086,51.760562896728516,85.89983367919922,74.19918823242188,39.130001068115234
2024-03-28,508.0686340332031,66.78376770019531,73.59745788574219,38.97283172607422,84.61685943603516,205.72000122070312,22.75,21.095849990844727,78.48551177978516,51.639976501464844,85.81822967529297,74.15385437011719,40.470001220703125
2024-04-01,507.1848449707031,66.51174926757812,73.28412628173828,39.039241790771484,83.03950500488281,207.82000732421875,22.860000610351562,21.196876525878906,77.1695556640625,51.58432388305664,85.04173278808594,73.9991683959961,39.75
2024-04-02,503.9600830078125,66.39948272705078,72.76803588867188,39.162567138671875,82.58192443847656,210.88999938964844,23.84000015258789,21.389741897583008,76.1984634399414,51.12051773071289,84.85990142822266,74.03559112548828,37.599998474121094
2024-04-03,504.51361083984375,66.45130157470703,73.17353820800781,39.1910285949707,82.56396484375,212.74000549316406,24.729999542236328,21.646896362304688,76.28015899658203,51.43590545654297,84.95992279052734,74.09017944335938,37.540000915527344
2024-04-04,498.35552978515625,66.39948272705078,72.54685974121094,39.04872512817383,83.1561279296875,211.52000427246094,24.489999771118164,21.702001571655273,75.79006958007812,51.03703308105469,85.25086975097656,74.16294860839844,39.08000183105469
2024-04-05,503.5617370605469,66.33904266357422,72.77725982666016,39.13410568237305,81.99871063232422,215.13999938964844,25.030000686645508,21.812210083007812,76.1803207397461,51.17617416381836,84.6871337890625,74.044677734375,38.40999984741211
2024-04-08,503.8434143066406,66.49451446533203,73.13666534423828,39.3902587890625,81.98975372314453,216.47999572753906,25.399999618530273,21.80302619934082,76.99710845947266,51.4266242980957,84.49618530273438,73.97191619873047,40.95000076293945
2024-04-09,504.42620849609375,66.63263702392578,73.12744903564453,39.65589904785156,82.75238800048828,217.6699981689453,25.719999313354492,21.68363380432129,78.02265930175781,51.2967643737793,84.83262634277344,74.044677734375,39.33000183105469
2024-04-10,499.3753967285156,66.04544067382812,72.15979766845703,39.115135192871094,80.94894409179688,215.61000061035156,25.450000762939453,21.793842315673828,74.79175567626953,50.72164535522461,83.70515441894531,73.74445343017578,40.0
2024-04-11,503.1441650390625,65.98497772216797,72.35331726074219,39.3523063659668,80.58110046386719,219.8000030517578,26.010000228881836,21.757104873657227,75.04586029052734,50.74946975708008,83.58695983886719,73.83544158935547,40.16999816894531
2024-04-12,496.19921875,65.95045471191406,71.18292236328125,38.4510383605957,81.01175689697266,216.88999938964844,25.6299991607666,21.784656524658203,74.15645599365234,49.88679885864258,83.93246459960938,73.88093566894531,38.13999938964844
2024-04-15,489.98272705078125,65.57046508789062,70.97095489501953,38.204376220703125,79.75562286376953,220.9499969482422,26.40999984741211,21.812210083007812,72.89496612548828,49.840415954589844,83.39601135253906,73.85365295410156,36.08000183105469
2024-04-16,489.08905029296875,65.3545913696289,70.27055358886719,37.70156478881836,79.22622680664062,221.22000122070312,25.799999237060547,21.77547264099121,71.86942291259766,49.4786491394043,83.06866455078125,73.80816650390625,35.75
2024-04-17,486.1946105957031,65.4409408569336,70.31663513183594,37.673099517822266,80.10555267333984,219.58999633789062,25.850000381469727,21.43566131591797,71.34303283691406,49.66417694091797,83.59603118896484,73.86273956298828,34.7599983215332
2024-04-18,485.1940612792969,65.49274444580078,70.12308502197266,37.824893951416016,79.70176696777344,220.33999633789062,25.860000610351562,21.426477432250977,71.35211944580078,49.52503204345703,83.3050765991211,73.82633972167969,36.209999084472656
2024-04-19,480.95916748046875,65.61366271972656,70.15074157714844,37.673099517822266,79.9889144897461,221.02999877929688,26.200000762939453,21.527503967285156,71.69697570800781,49.65489959716797,83.4141845703125,73.84452819824219,36.66999816894531
2024-04-22,485.388427734375,65.97636413574219,70.97095489501953,38.0810432434082,79.85432434082031,215.57000732421875,24.93000030517578,21.527503967285156,72.33226776123047,50.23001480102539,83.42328643798828,73.88093566894531,37.93000030517578
2024-04-23,491.1483154296875,66.24404907226562,71.74507904052734,38.39411926269531,79.88121795654297,215.0399932861328,24.989999771118164,21.61934471130371,72.99478912353516,50.953548431396484,83.53236389160156,73.94461059570312,37.900001525878906
2024-04-24,490.91522216796875,66.09725952148438,71.60684204101562,38.52693557739258,79.31595611572266,214.63999938964844,24.899999618530273,21.5917911529541,73.13091278076172,50.72164535522461,83.27780151367188,73.91731262207031,36.40999984741211
2024-04-25,489.0502624511719,65.95906829833984,71.27507019042969,38.6123161315918,78.75967407226562,215.9199981689453,25.059999465942383,21.711183547973633,72.71344757080078,50.61960983276367,82.95956420898438,73.86273956298828,36.86000061035156
2024-04-26,493.6834716796875,66.16632080078125,71.84645080566406,39.05821228027344,79.17242431640625,216.6199951171875,24.889999389648438,21.72955322265625,72.74976348876953,51.06486129760742,83.1868896484375,73.88093566894531,36.31999969482422
2024-04-29,495.43182373046875,66.36494445800781,72.1229248046875,39.43769073486328,79.83637237548828,216.17999267578125,24.829999923706055,21.711183547973633,73.49395751953125,51.148345947265625,83.52330780029297,73.91731262207031,35.869998931884766
2024-04-30,487.5835876464844,65.8813705444336,71.21056365966797,38.88744354248047,79.1544418334961,211.8699951171875,24.049999237060547,21.43566131591797,72.25060272216797,50.41553497314453,83.13232421875,73.82633972167969,33.56999969482422
2024-05-01,486.00030517578125,66.22862243652344,71.05389404296875,38.92538833618164,79.7379150390625,213.7899932861328,24.270000457763672,21.123403549194336,72.27782440185547,50.20218276977539,83.46154022216797,73.97420501708984,32.38999938964844
2024-05-02,490.5461120605469,66.6366195678711,72.01233673095703,39.93101501464844,80.08007049560547,213.1300048828125,24.360000610351562,21.196876525878906,73.29429626464844,50.777305603027344,83.85367584228516,74.08373260498047,33.79999923706055
2024-05-03,496.6265869140625,66.9144287109375,72.73117065429688,40.29153060913086,80.89039611816406,212.9600067138672,24.219999313354492,21.224430084228516,73.78436279296875,51.22256088256836,84.31876373291016,74.202392578125,35.400001525878906
2024-05-06,501.75506591796875,66.99253845214844,73.22883605957031,40.32947540283203,81.20553588867188,215.1999969482422,25.06999969482422,21.463214874267578,73.84788513183594,51.60287094116211,84.39173126220703,74.19326782226562,36.0099983215332
2024-05-07,502.30877685546875,67.00121307373047,73.42236328125,40.10178756713867,81.70074462890625,214.2100067138672,24.920000076293945,21.444847106933594,74.54672241210938,51.96464538574219,84.61061096191406,74.202392578125,35.93000030517578
2024-05-08,502.3573303222656,66.844970703125,73.33942413330078,40.111270904541016,81.20553588867188,213.5800018310547,24.950000762939453,21.334636688232422,73.92050170898438,52.14088439941406,84.37348937988281,74.18413543701172,35.380001068115234
2024-05-09,505.2518615722656,66.8623046875,73.90158081054688,40.23460388183594,81.6017074584961,216.9499969482422,25.860000610351562,21.417293548583984,75.43611907958984,52.69745635986328,84.62881469726562,74.2480239868164,35.58000183105469
2024-05-10,505.9026794433594,66.75813293457031,74.03981018066406,40.31998825073242,81.14252471923828,218.7100067138672,25.770000457763672,21.38055992126465,75.22738647460938,52.901519775390625,84.3552474975586,74.18413543701172,34.58000183105469
2024-05-13,505.97064208984375,66.74079895019531,74.03981018066406,40.62357711791992,81.34960174560547,216.25999450683594,25.799999237060547,21.518320083618164,75.472412109375,52.929359436035156,84.45553588867188,74.202392578125,36.0
2024-05-14,508.2919921875,66.844970703125,74.59276580810547,40.841773986816406,81.80879974365234,218.08999633789062,26.1299991607666,21.426477432250977,76.05326080322266,53.34677505493164,84.70178985595703,74.275390625,35.06999969482422
2024-05-15,514.5863647460938,67.2356185913086,75.38532257080078,41.27818298339844,82.92525482177734,220.88999938964844,27.1200008392334,21.499950408935547,77.10601806640625,53.884796142578125,85.34013366699219,74.41227722167969,37.66999816894531
2024-05-16,513.527587890625,67.079345703125,74.97982788085938,41.36355972290039,82.84425354003906,220.02999877929688,27.059999465942383,21.5550537109375,77.05156707763672,53.56013488769531,85.1760025024414,74.3575210571289,37.150001525878906
2024-05-17,514.2657470703125,67.08802032470703,75.23787689208984,41.543819427490234,82.2859878540039,223.66000366210938,28.790000915527344,21.77547264099121,77.04248809814453,53.72709655761719,84.91152954101562,74.31190490722656,38.279998779296875
2024-05-20,514.8582153320312,67.12277221679688,75.29316711425781,41.392024993896484,82.04290008544922,224.55999755859375,28.979999542236328,21.968339920043945,76.5887222290039,53.66216278076172,84.78386688232422,74.29364776611328,39.970001220703125
2024-05-21,516.1210327148438,67.07066345214844,75.1733627319336,41.1358757019043,82.466064453125,224.22999572753906,29.270000457763672,21.876497268676758,76.5615005493164,53.68070983886719,85.00271606445312,74.3301773071289,39.470001220703125
2024-05-22,514.634765625,66.92308807373047,74.46375274658203,41.00305938720703,82.56513977050781,220.11000061035156,28.219999313354492,21.564237594604492,75.87175750732422,53.2447395324707,84.89329528808594,74.275390625,39.709999084472656
2024-05-23,510.87591552734375,66.68870544433594,74.08589935302734,40.6994743347168,82.03385162353516,215.72000122070312,27.549999237060547,21.454030990600586,74.23815155029297,52.994285583496094,84.59234619140625,74.23890686035156,38.27000045776367
2024-05-24,514.2560424804688,66.92308807373047,74.69414520263672,40.81331253051758,82.2770004272461,215.9199981689453,27.739999771118164,21.600976943969727,74.29261016845703,53.37460708618164,84.70178985595703,74.26626586914062,39.459999084472656
2024-05-28,514.6153564453125,66.65399932861328,74.66650390625,40.75639343261719,81.09749603271484,218.19000244140625,29.239999771118164,21.986709594726562,73.80252075195312,53.31895065307617,84.22758483886719,74.202392578125,38.97999954223633
2024-05-29,511.0117492675781,66.4543228149414,73.48686981201172,40.14922332763672,80.11607360839844,216.16000366210938,29.170000076293945,21.757104873657227,73.08555603027344,52.47482681274414,83.81719207763672,74.17500305175781,38.31999969482422
2024-05-30,507.6219482421875,66.72342681884766,74.10433959960938,40.035377502441406,80.89039611816406,216.57000732421875,28.420000076293945,21.47239875793457,74.15645599365234,52.957183837890625,84.23668670654297,74.25714111328125,39.15999984741211
2024-05-31,512.2454833984375,66.95780181884766,74.81394958496094,39.64640808105469,81.43964385986328,215.3000030517578,27.760000228881836,21.371374130249023,75.54502868652344,53.41171646118164,84.62881469726562,74.3575210571289,38.54999923706055
2024-06-03,512.6630859375,67.16539764404297,75.02590942382812,40.063838958740234,82.75688171386719,217.22000122070312,27.889999389648438,21.06829833984375,75.37258911132812,53.476646423339844,85.18312072753906,74.4417724609375,39.439998626708984
2024-06-04,513.2361450195312,67.13050079345703,74.93374633789062,39.50410079956055,83.72360229492188,215.27000427246094,27.020000457763672,20.857065200805664,75.95343017578125,53.38388442993164,85.64961242675781,74.5150375366211,40.16999816894531
2024-06-05,519.3359375,67.34855651855469,75.45906066894531,40.13973617553711,84.33792114257812,217.82000732421875,27.399999618530273,20.930538177490234,75.86266326904297,53.894065856933594,85.96058654785156,74.58830261230469,40.66999816894531
2024-06-06,519.3263549804688,67.23516082763672,75.71710205078125,40.338966369628906,84.21144104003906,219.42999267578125,28.530000686645508,21.2060604095459,76.00786590576172,54.14452362060547,85.92401123046875,74.59742736816406,40.15999984741211
2024-06-07,518.6948852539062,67.06072998046875,74.89688873291016,39.883583068847656,82.66654205322266,211.60000610351562,26.670000076293945,20.902986526489258,75.29090881347656,53.48591995239258,85.01849365234375,74.40514373779297,39.41999816894531
2024-06-10,520.297607421875,67.12178039550781,74.84158325195312,40.12076187133789,82.11543273925781,213.5399932861328,27.1200008392334,21.2060604095459,75.54502868652344,53.29112243652344,84.83553314208984,74.4142837524414,39.59000015258789
2024-06-11,521.5506591796875,67.2090072631836,73.99114227294922,39.98702621459961,82.9646987915039,214.14999389648438,26.709999084472656,21.178508758544922,75.27275085449219,52.64175033569336,85.28373718261719,74.49671936035156,38.43000030517578
2024-06-12,525.8341674804688,67.47940063476562,74.86315155029297,40.38823318481445,83.58807373046875,214.72000122070312,27.030000686645508,21.25197982788086,75.94434356689453,53.4285774230957,85.75936126708984,74.59742736816406,38.45000076293945
2024-06-13,526.8929443359375,67.47066497802734,73.79422760009766,40.29270553588867,84.81678771972656,212.97000122070312,26.43000030517578,21.270347595214844,76.25292205810547,52.64175033569336,86.32646179199219,74.71648406982422,37.900001525878906
2024-06-14,527.2135009765625,67.2090072631836,72.97845458984375,40.34046936035156,85.5304946899414,215.72999572753906,27.010000228881836,21.187692642211914,76.23477935791016,51.8170051574707,86.52769470214844,74.72563171386719,37.29999923706055
2024-06-17,531.4094848632812,67.25259399414062,73.26913452148438,40.598384857177734,84.68125915527344,214.61000061035156,26.920000076293945,21.26116371154785,75.93526458740234,52.2056770324707,86.125244140625,74.65235900878906,37.97999954223633
2024-06-18,532.7597045898438,67.4619369506836,73.55980682373047,40.97093963623047,85.458251953125,215.47000122070312,26.959999084472656,21.43566131591797,76.23477935791016,52.42371368408203,86.500244140625,74.75309753417969,36.63999938964844
2024-06-20,531.3124389648438,67.41832733154297,73.606689453125,40.904075622558594,84.88904571533203,218.16000366210938,28.0,21.481582641601562,76.01695251464844,52.56591033935547,86.28071594238281,74.72563171386719,37.040000915527344
2024-06-21,530.60009765625,67.4968032836914,73.09097290039062,40.760780334472656,84.88904571533203,214.77999877929688,26.979999542236328,21.307085037231445,76.20755004882812,52.139320373535156,86.29902648925781,74.75309753417969,36.58000183105469
2024-06-24,528.875244140625,67.42703247070312,73.67232513427734,40.760780334472656,85.23236846923828,215.6300048828125,27.0,21.481582641601562,76.7974624633789,52.58487319946289,86.37220001220703,74.76223754882812,33.76499938964844
2024-06-25,530.9119262695312,67.51423645019531,73.8504867553711,40.66525650024414,85.37692260742188,214.55999755859375,26.399999618530273,21.27953338623047,75.85359954833984,52.54695510864258,86.44536590576172,74.77141571044922,35.29999923706055
2024-06-26,531.5745849609375,67.3659896850586,73.30663299560547,40.579280853271484,84.15725708007812,212.5800018310547,26.309999465942383,21.316268920898438,75.61762237548828,52.08243942260742,85.92401123046875,74.69813537597656,34.709999084472656
2024-06-27,532.4126586914062,67.44451141357422,73.36289978027344,40.60793685913086,84.49153137207031,214.99000549316406,26.450000762939453,21.426477432250977,76.35275268554688,51.99711608886719,86.11608123779297,74.75309753417969,34.97999954223633
2024-06-28,530.3174438476562,67.27877807617188,73.44729614257812,40.68436050415039,82.91950225830078,215.00999450683594,26.56999969482422,21.334636688232422,76.96194458007812,51.911800384521484,85.65875244140625,74.76223754882812,34.13999938964844
2024-07-01,531.408935546875,67.265625,73.57855987548828,40.77988052368164,81.4884033203125,215.57000732421875,26.850000381469727,21.61016082763672,76.2360610961914,52.17723846435547,85.02111053466797,74.69795989990234,36.0
2024-07-02,534.9851684570312,67.44974517822266,73.75672149658203,40.904075622558594,82.12285614013672,215.55999755859375,26.969999313354492,21.637712478637695,76.59439849853516,52.0634765625,85.34220886230469,74.76224517822266,35.220001220703125
2024-07-03,537.37255859375,67.68647766113281,74.6006088256836,41.50587844848633,83.20140075683594,217.99000549316406,27.84000015258789,21.757104873657227,76.52090454101562,52.66070556640625,85.91106414794922,74.87247467041016,34.439998626708984
2024-07-05,540.4713134765625,67.88814544677734,75.09757232666016,41.677825927734375,83.89022064208984,220.92999267578125,28.479999542236328,21.839763641357422,76.73224639892578,53.07782745361328,86.38813781738281,75.01028442382812,32.20000076293945
2024-07-08,541.0950317382812,67.87060546875,74.7225112915039,41.687381744384766,84.07147216796875,218.19000244140625,28.1299991607666,21.54587173461914,76.98031616210938,52.84082794189453,86.41565704345703,75.00110626220703,32.15999984741211
2024-07-09,541.6212158203125,67.79167175292969,74.42247009277344,41.85932540893555,83.69987487792969,218.55999755859375,28.1200008392334,21.398923873901367,76.96194458007812,52.40475082397461,86.29637908935547,74.98273468017578,32.959999084472656
2024-07-10,546.9806518554688,67.949462890625,75.47264862060547,42.09813690185547,83.96268463134766,219.36000061035156,28.15999984741211,21.398923873901367,77.53162384033203,53.08730697631836,86.37895965576172,75.01028442382812,32.66999816894531
2024-07-11,542.2643432617188,68.19497680664062,75.68830108642578,42.34651184082031,84.77840423583984,223.25,28.68000030517578,21.47239875793457,79.75521087646484,53.295860290527344,86.929443359375,75.1848373413086,32.70000076293945
2024-07-12,545.6846313476562,68.3703384399414,76.49470520019531,42.51845169067383,85.14093780517578,223.11000061035156,28.1200008392334,21.389741897583008,80.36163330078125,53.92153549194336,87.11292266845703,75.29507446289062,32.849998474121094
2024-07-15,547.185302734375,68.37911224365234,75.819580078125,42.069480895996094,84.1620864868164,223.8300018310547,28.030000686645508,21.233612060546875,80.90377044677734,53.324302673339844,86.83769989013672,75.29507446289062,36.150001525878906
2024-07-16,550.4302368164062,68.64213562011719,76.18526458740234,42.30829620361328,85.34937286376953,228.2899932861328,28.610000610351562,21.178508758544922,81.89610290527344,53.47597885131836,87.2230224609375,75.32264709472656,37.16999816894531
2024-07-17,542.7125854492188,68.56324768066406,75.78207397460938,41.62051010131836,85.36750030517578,227.22999572753906,27.670000076293945,21.178508758544922,82.45658874511719,53.210540771484375,87.29642486572266,75.33181762695312,36.84000015258789
2024-07-18,538.5418090820312,68.42295837402344,75.03193664550781,41.22885513305664,84.71495819091797,225.77999877929688,27.200000762939453,21.02237892150879,81.73072052001953,52.717586517333984,87.0486831665039,75.29507446289062,36.220001220703125
2024-07-19,534.9656982421875,68.3703384399414,74.57247924804688,40.82765197753906,84.21646881103516,221.72999572753906,26.690000534057617,20.737672805786133,81.58369445800781,52.40475082397461,86.77349853515625,75.2583236694336,38.400001525878906
2024-07-22,540.4810791015625,68.62461853027344,75.36012268066406,41.17154312133789,83.97175598144531,221.8000030517578,26.6299991607666,20.792776107788086,82.42903137207031,53.16314697265625,86.6908950805664,75.26753234863281,38.93000030517578
2024-07-23,539.6334228515625,68.63337707519531,74.93817901611328,40.80854034423828,83.85393524169922,222.5800018310547,26.68000030517578,20.599910736083984,82.36471557617188,52.746028900146484,86.75511932373047,75.30428314208984,37.34000015258789
2024-07-24,527.4038696289062,68.4141845703125,73.99114227294922,40.216285705566406,82.94759368896484,221.8000030517578,26.43000030517578,20.59072494506836,81.15184783935547,52.23411560058594,86.56244659423828,75.34099578857422,37.41999816894531
2024-07-25,524.6559448242188,68.42295837402344,73.52230072021484,40.053890228271484,83.62735748291016,218.3300018310547,25.40999984741211,20.636646270751953,80.88538360595703,52.05399703979492,86.75511932373047,75.35020446777344,36.83000183105469
2024-07-26,530.5317993164062,68.64213562011719,74.45996856689453,40.46464920043945,84.27992248535156,220.6300048828125,25.479999542236328,20.425413131713867,82.30038452148438,52.75551223754883,87.16796112060547,75.45126342773438,38.790000915527344
2024-07-29,530.84375,68.58076477050781,74.13178253173828,40.3309211730957,84.73308563232422,220.32000732421875,25.440000534057617,20.33357048034668,82.72306823730469,52.3952751159668,87.31476593017578,75.46044921875,38.34000015258789
2024-07-30,528.1542358398438,68.61582946777344,74.3005599975586,40.149410247802734,85.05934143066406,222.52000427246094,25.829999923706055,20.2692813873291,83.36625671386719,52.55643081665039,87.49824523925781,75.48799896240234,37.54999923706055
2024-07-31,536.7391967773438,68.86133575439453,75.35073852539062,41.028255462646484,85.92943572998047,226.5500030517578,26.389999389648438,20.737672805786133,83.07221984863281,53.0114631652832,88.14048767089844,75.64417266845703,37.18000030517578
2024-08-01,529.138427734375,68.71063232421875,73.35352325439453,40.31181335449219,86.67057800292969,225.77000427246094,26.030000686645508,20.489700317382812,83.90836334228516,51.99711608886719,88.51685333251953,75.77507019042969,36.06999969482422
2024-08-02,519.2868041992188,68.48147583007812,72.2001953125,39.73865509033203,89.37134552001953,225.33999633789062,26.040000915527344,20.11315155029297,83.8624267578125,51.58000183105469,89.88800048828125,76.19906616210938,35.61000061035156
2024-08-05,504.1632080078125,68.05844116210938,70.62492370605469,38.611454010009766,89.8442153930664,222.47999572753906,24.860000610351562,20.076417922973633,81.4642562866211,50.48033905029297,89.98002624511719,76.18065643310547,30.479999542236328
2024-08-06,508.811279296875,68.31401824951172,70.7468032836914,38.8311653137207,87.83452606201172,220.6999969482422,24.639999389648438,19.911104202270508,83.07221984863281,50.57514190673828,89.17943572998047,76.08846282958984,32.34000015258789
2024-08-07,505.410400390625,68.44622802734375,71.08436584472656,39.069984436035156,87.21617889404297,220.5500030517578,24.329999923706055,20.094785690307617,82.5025405883789,50.68889617919922,88.85736083984375,76.04237365722656,31.190000534057617
2024-08-08,517.0941162109375,68.72825622558594,72.27520751953125,39.958370208740234,86.67965698242188,224.00999450683594,25.010000228881836,20.278467178344727,83.31111145019531,51.42832565307617,88.5904541015625,76.00548553466797,33.880001068115234
2024-08-09,519.3743896484375,68.71943664550781,72.55650329589844,40.17807388305664,87.53443145751953,224.55999755859375,25.0,20.397859573364258,83.697021484375,51.73168182373047,88.9493637084961,76.0239486694336,34.599998474121094
2024-08-12,519.6472778320312,68.76350402832031,72.49085998535156,40.31181335449219,87.85271453857422,228.41000366210938,25.489999771118164,20.682567596435547,83.08141326904297,51.589481353759766,89.19783020019531,76.07000732421875,33.63999938964844
2024-08-13,528.1931762695312,69.08080291748047,73.73796844482422,40.760780334472656,88.46199798583984,228.05999755859375,25.420000076293945,20.489700317382812,83.80728912353516,52.2625617980957,89.59353637695312,76.18985748291016,34.63999938964844
2024-08-14,529.859619140625,69.20417022705078,74.0098876953125,40.541072845458984,89.01669311523438,226.1999969482422,25.1299991607666,20.36112403869629,84.0278091430664,52.56591033935547,89.71315002441406,76.18065643310547,33.560001373291016
2024-08-15,538.94140625,69.26588439941406,74.91004943847656,40.99004364013672,88.29829406738281,226.91000366210938,25.860000610351562,20.526437759399414,83.9635009765625,53.11574172973633,89.15181732177734,75.99627685546875,32.5
2024-08-16,540.1497802734375,69.48622131347656,75.32261657714844,41.46766662597656,88.6075210571289,231.99000549316406,26.43000030517578,20.397859573364258,83.91755676269531,53.40962219238281,89.32665252685547,76.0792465209961,34.029998779296875
2024-08-19,545.3143920898438,69.60082244873047,76.24152374267578,41.86888122558594,89.01669311523438,231.61000061035156,26.829999923706055,20.28765106201172,84.61585998535156,53.978416442871094,89.44627380371094,76.060791015625,33.619998931884766
2024-08-20,544.4276123046875,69.53910827636719,76.00711059570312,41.54409408569336,89.72599792480469,232.4600067138672,26.8700008392334,20.204994201660156,84.51480102539062,53.949974060058594,89.80516815185547,76.17142486572266,33.91999816894531
2024-08-21,546.2985229492188,69.69775390625,76.71035766601562,41.706485748291016,89.78055572509766,232.14999389648438,26.950000762939453,20.10396957397461,84.96503448486328,54.357608795166016,89.98924255371094,76.2543716430664,35.130001068115234
2024-08-22,542.0108032226562,69.609619140625,76.26028442382812,41.190643310546875,88.88939666748047,229.3699951171875,26.389999389648438,20.085603713989258,85.2131118774414,54.07321548461914,89.57512664794922,76.1529769897461,34.349998474121094
2024-08-23,547.77001953125,69.97978973388672,77.65739440917969,41.87843322753906,89.47136688232422,232.02000427246094,27.200000762939453,20.44378089904785,87.0875473022461,54.91691970825195,89.98924255371094,76.32809448242188,36.279998779296875
2024-08-26,546.4641723632812,69.8387680053711,77.31047058105469,41.52499008178711,89.24403381347656,232.75999450683594,27.31999969482422,20.655014038085938,87.05079650878906,54.793678283691406,89.87879180908203,76.29120635986328,36.09000015258789
2024-08-27,547.214599609375,69.88285064697266,77.66677856445312,41.58230209350586,89.08943176269531,233.38999938964844,27.360000610351562,20.55398941040039,87.17943572998047,54.992759704589844,89.84198760986328,76.33732604980469,35.380001068115234
2024-08-28,544.0377807617188,69.84757232666016,77.39485168457031,41.32438278198242,88.98031616210938,231.75,26.690000534057617,20.306018829345703,86.83946228027344,54.86003875732422,89.79597473144531,76.32809448242188,33.52000045776367
2024-08-29,544.086669921875,69.9180908203125,77.68553161621094,41.34348678588867,88.68932342529297,232.9499969482422,26.809999465942383,20.53562355041504,86.572998046875,55.040157318115234,89.63951110839844,76.31889343261719,33.689998626708984
2024-08-30,549.2804565429688,69.9269027709961,77.80743408203125,41.42945861816406,87.74359130859375,231.2899932861328,26.350000381469727,20.306018829345703,87.40913391113281,55.163394927978516,89.32665252685547,76.31889343261719,33.369998931884766
2024-09-03,537.9766235351562,69.67893981933594,76.57908630371094,40.60793685913086,89.17867279052734,230.2899932861328,25.579999923706055,19.901920318603516,87.36320495605469,54.11113357543945,89.91551208496094,76.40028381347656,32.97999954223633
2024-09-04,536.8755493164062,69.9357681274414,76.24152374267578,40.598384857177734,90.32818603515625,230.42999267578125,25.68000030517578,19.754974365234375,87.61127471923828,53.978416442871094,90.44161224365234,76.5667724609375,33.040000915527344
2024-09-05,535.56982421875,70.17487335205078,76.26028442382812,40.655704498291016,90.83908081054688,232.35000610351562,26.229999542236328,19.800893783569336,87.32644653320312,53.84569549560547,90.65389251708984,76.59453582763672,31.850000381469727
2024-09-06,526.55615234375,70.0863037109375,74.82565307617188,39.91060256958008,90.8299560546875,230.6300048828125,25.479999542236328,19.534557342529297,87.24375915527344,53.0399055480957,90.78311920166016,76.73326110839844,30.40999984741211
2024-09-09,532.4515380859375,70.25458526611328,75.5757827758789,40.24494934082031,91.22223663330078,231.60000610351562,25.850000381469727,19.58966064453125,88.21772003173828,53.40013885498047,90.91231536865234,76.74250030517578,32.5099983215332
2024-09-10,534.7706909179688,70.12174224853516,75.20071411132812,40.09210205078125,91.86087799072266,232.6199951171875,25.940000534057617,19.304954528808594,89.4948959350586,53.16314697265625,91.29996490478516,76.8534927368164,33.0
2024-09-11,540.2568969726562,70.22801971435547,75.65080261230469,40.38823318481445,91.78788757324219,232.25,26.1200008392334,19.479450225830078,89.32032012939453,53.44754409790039,91.23536682128906,76.78875732421875,32.79999923706055
2024-09-12,544.8076782226562,70.3254165649414,76.26966094970703,40.722572326660156,91.35910034179688,236.3300018310547,27.270000457763672,19.855998992919922,89.69703674316406,53.836212158203125,91.08769226074219,76.79798126220703,33.25
2024-09-13,547.6530151367188,70.52025604248047,76.44781494140625,40.91362380981445,91.60542297363281,238.67999267578125,28.020000457763672,19.892736434936523,90.63426208496094,54.11113357543945,91.26304626464844,76.90901184082031,34.040000915527344
2024-09-16,548.4618530273438,70.69738006591797,77.0666732788086,41.04736328125,92.44476318359375,238.66000366210938,28.06999969482422,20.03968048095703,90.9374771118164,54.47136306762695,91.5030288696289,76.95523071289062,32.97999954223633
2024-09-17,548.6859130859375,70.7150650024414,76.63534545898438,41.09511947631836,91.99772644042969,237.33999633789062,27.959999084472656,20.177440643310547,90.30347442626953,54.30072784423828,91.33689880371094,76.8997573852539,34.099998474121094
2024-09-18,547.0587158203125,70.77708435058594,76.39155578613281,40.95183181762695,90.85729217529297,235.50999450683594,27.239999771118164,20.048864364624023,90.1932373046875,54.120609283447266,90.94000244140625,76.87200927734375,34.150001525878906
2024-09-19,556.3938598632812,70.9896240234375,77.90119171142578,41.82111358642578,90.5562515258789,239.1699981689453,28.09000015258789,20.407045364379883,90.21159362792969,55.097042083740234,90.86617279052734,76.93675994873047,36.0099983215332
2024-09-20,555.43212890625,71.07819366455078,77.13230895996094,41.73514175415039,90.20955657958984,242.2100067138672,28.40999984741211,20.407045364379883,89.85325622558594,54.31020736694336,90.83846282958984,76.9645004272461,35.79999923706055
2024-09-23,556.820068359375,70.9453353881836,77.42298889160156,42.05992889404297,90.01799774169922,242.67999267578125,27.979999542236328,20.416229248046875,90.74452209472656,54.42396926879883,90.78311920166016,76.9645004272461,36.040000915527344
2024-09-24,558.4132690429688,70.95419311523438,77.8824462890625,43.49281311035156,89.99974822998047,246.07000732421875,29.3799991607666,20.756038665771484,90.87316131591797,54.91691970825195,90.88465881347656,77.03850555419922,36.63999938964844
2024-09-25,557.1817016601562,70.87448120117188,77.46048736572266,43.0342903137207,89.25164031982422,245.72999572753906,29.059999465942383,20.58154296875,90.26671600341797,54.698883056640625,90.51542663574219,76.97374725341797,35.970001220703125
2024-09-26,559.3906860351562,70.9896240234375,79.16704559326172,44.61046600341797,89.46146392822266,246.97999572753906,29.260000228881836,20.397859573364258,89.448974609375,55.684791564941406,90.45083618164062,76.8997573852539,36.84000015258789
2024-09-27,558.579345703125,71.166748046875,78.68882751464844,44.52449035644531,89.9267807006836,245.02000427246094,28.860000610351562,20.498884201049805,89.56293487548828,55.72270584106445,90.81079864501953,77.02000427246094,37.38999938964844
2024-09-30,560.8177490234375,71.11360168457031,78.41690063476562,43.808048248291016,89.49798583984375,243.05999755859375,28.40999984741211,20.452964782714844,90.26712799072266,55.239234924316406,90.56159210205078,76.90901184082031,36.130001068115234
2024-10-01,555.7937622070312,71.0780029296875,77.83556365966797,44.12328338623047,90.1441421508789,245.61000061035156,28.579999923706055,20.81114387512207,89.68338775634766,54.63252258300781,90.89112091064453,76.95819854736328,35.130001068115234
2024-10-02,556.0283813476562,71.0869140625,77.67615509033203,44.9925651550293,89.38449096679688,245.66000366210938,29.0,20.98564338684082,89.36834716796875,54.47136306762695,90.6319580078125,76.93962860107422,34.2400016784668
2024-10-03,555.0118408203125,70.91783142089844,76.95415496826172,44.45762252807617,88.54243469238281,245.49000549316406,29.229999542236328,21.28871726989746,88.55296325683594,53.87413787841797,90.16909790039062,76.83755493164062,34.720001220703125
2024-10-04,560.055419921875,70.83772277832031,77.40422821044922,44.868385314941406,87.45329284667969,245.0,29.360000610351562,21.343822479248047,88.12673950195312,54.13957214355469,89.29898834228516,76.57769775390625,35.52000045776367
2024-10-07,554.9922485351562,70.53514862060547,76.972900390625,45.24093246459961,86.79429626464844,244.1699981689453,28.93000030517578,21.637712478637695,87.3484115600586,53.84569549560547,88.97501373291016,76.47562408447266,36.060001373291016
2024-10-08,560.2411499023438,70.7042236328125,76.85101318359375,44.12328338623047,86.94074249267578,242.3699951171875,28.010000228881836,21.132587432861328,87.52445983886719,53.79829406738281,89.04905700683594,76.54058837890625,35.400001525878906
2024-10-09,564.12158203125,70.65973663330078,76.86975860595703,43.88446807861328,86.44649505615234,241.0500030517578,27.860000610351562,20.948904037475586,87.61711120605469,53.968929290771484,88.71581268310547,76.46635437011719,34.68000030517578
2024-10-10,563.13427734375,70.62413787841797,76.77599334716797,43.97043991088867,86.10784912109375,242.82000732421875,28.3799991607666,21.36219024658203,86.83879089355469,53.81725311279297,88.70655822753906,76.53130340576172,33.95000076293945
2024-10-11,566.5064697265625,70.81103515625,77.1698226928711,44.28567886352539,85.76005554199219,245.47000122070312,28.799999237060547,21.38055992126465,87.82097625732422,54.13957214355469,88.73432922363281,76.59625244140625,35.939998626708984
2024-10-14,571.1395263671875,70.84661865234375,77.39485168457031,44.10417938232422,85.8241195678711,245.07000732421875,28.540000915527344,21.0499324798584,88.34910583496094,54.37656784057617,88.57698059082031,76.55914306640625,37.56999969482422
2024-10-15,566.7020263671875,70.82882690429688,76.1102523803711,43.16802215576172,86.86753845214844,245.9199981689453,28.709999084472656,20.645830154418945,89.41468811035156,53.51390075683594,89.03053283691406,76.59625244140625,38.16999816894531
2024-10-16,569.1651000976562,70.95343017578125,76.30716705322266,43.50237274169922,87.23361206054688,247.14999389648438,28.90999984741211,20.59072494506836,90.39684295654297,53.56129455566406,89.16938781738281,76.64268493652344,38.58000183105469
2024-10-17,569.214111328125,70.84661865234375,76.31654357910156,43.43549728393555,85.85160064697266,248.6300048828125,28.889999389648438,20.61827850341797,89.68338775634766,53.69401550292969,88.70655822753906,76.57769775390625,38.04999923706055
2024-10-18,571.4035034179688,71.0157241821289,76.83226013183594,43.865360260009766,85.91561889648438,251.27000427246094,30.639999389648438,20.50806999206543,90.35052490234375,54.07321548461914,88.80836486816406,76.64268493652344,39.06999969482422
2024-10-21,570.4652099609375,70.73094177246094,75.92272186279297,43.55968475341797,84.41461944580078,251.22000122070312,30.850000381469727,20.572359085083008,88.58075714111328,53.48545837402344,88.1233901977539,76.53130340576172,38.56999969482422
2024-10-22,570.1622314453125,70.6330337524414,75.49140167236328,43.46415710449219,84.49697875976562,253.92999267578125,31.739999771118164,20.930538177490234,88.71047973632812,53.314823150634766,88.04009246826172,76.52201843261719,38.40999984741211
2024-10-23,564.9523315429688,70.41946411132812,74.73188781738281,43.206233978271484,84.26815795898438,250.8699951171875,30.709999084472656,20.81114387512207,89.35909271240234,52.99250793457031,87.83642578125,76.47562408447266,37.810001373291016
2024-10-24,566.1741943359375,70.62413787841797,75.15383911132812,43.13936996459961,84.80819702148438,252.8000030517578,30.690000534057617,20.801959991455078,89.55366516113281,53.2010612487793,88.03083038330078,76.51274108886719,38.869998931884766
2024-10-25,565.9786987304688,70.5529556274414,74.90066528320312,43.101158142089844,84.33222961425781,253.32000732421875,30.6299991607666,20.948904037475586,88.71047973632812,52.96406555175781,87.83642578125,76.48490905761719,38.0099983215332
2024-10-28,567.7283325195312,70.73094177246094,75.50077819824219,43.29220962524414,84.10343170166016,253.3300018310547,30.729999542236328,20.3886775970459,88.98845672607422,53.46650314331055,87.63277435302734,76.4477767944336,39.66999816894531
2024-10-29,568.6471557617188,70.74873352050781,75.22885131835938,43.158477783203125,84.2315673828125,256.0899963378906,31.389999389648438,20.351940155029297,88.34910583496094,53.0114631652832,87.66981506347656,76.47562408447266,41.33000183105469
2024-10-30,566.9268798828125,70.62413787841797,74.74127197265625,42.738162994384766,84.47869110107422,257.5,30.809999465942383,20.609094619750977,88.73828125,52.58487319946289,87.54020690917969,76.41067504882812,40.880001068115234
2024-10-31,555.8133544921875,70.42835998535156,74.28181457519531,42.46113967895508,84.615966796875,253.50999450683594,29.809999465942383,20.746854782104492,87.23722076416016,52.110877990722656,87.49392700195312,76.42924499511719,39.779998779296875
2024-11-01,558.1592407226562,70.43283081054688,74.43183135986328,42.499351501464844,83.42304229736328,252.47000122070312,29.540000915527344,20.526437759399414,86.27359008789062,52.3952751159668,86.97579956054688,76.40409088134766,39.369998931884766
2024-11-04,556.9569091796875,70.62962341308594,74.48809814453125,42.738162994384766,84.71790313720703,252.8300018310547,29.6299991607666,20.87543296813965,87.21867370605469,52.42371368408203,87.4400863647461,76.45995330810547,38.25
2024-11-05,563.6914672851562,70.82637023925781,75.22885131835938,43.320865631103516,85.16790771484375,253.39999389648438,29.75,21.004011154174805,88.37691497802734,52.774471282958984,87.48651885986328,76.44133758544922,39.5099983215332
2024-11-06,577.7080078125,70.95157623291016,74.14115905761719,42.78592300415039,82.83526611328125,245.6999969482422,28.43000030517578,20.7744083404541,86.4959716796875,51.59896469116211,86.5858383178711,76.34822082519531,43.400001525878906
2024-11-07,582.1749267578125,71.25568389892578,75.266357421875,43.73162841796875,83.87303161621094,249.64999389648438,29.110000610351562,20.98564338684082,87.53372955322266,52.35735321044922,87.2822265625,76.47859191894531,43.599998474121094
2024-11-08,584.6968383789062,71.3719482421875,74.2255630493164,42.65218734741211,84.93829345703125,247.9600067138672,28.479999542236328,20.664199829101562,88.84019470214844,51.55156707763672,87.46794128417969,76.42271423339844,43.689998626708984
2024-11-11,585.2538452148438,71.29144287109375,74.24430847167969,42.32740783691406,84.52503967285156,242.13999938964844,27.969999313354492,20.33357048034668,88.39545440673828,51.513641357421875,87.22653198242188,76.3668441772461,49.56999969482422
2024-11-12,583.4358520507812,71.00523376464844,72.86593627929688,41.52499008178711,83.25772094726562,240.0500030517578,28.06999969482422,20.223363876342773,87.17237091064453,50.41397476196289,86.67868041992188,76.29235076904297,51.04999923706055
2024-11-13,583.71923828125,71.02314758300781,72.43460845947266,41.257511138916016,82.46794128417969,237.6300048828125,27.610000610351562,20.159074783325195,87.65419006347656,50.205421447753906,86.62297058105469,76.40409088134766,51.040000915527344
2024-11-14,579.9659423828125,70.8710708618164,72.58464050292969,41.028255462646484,82.94551086425781,237.00999450683594,27.809999465942383,20.140705108642578,86.8666000366211,50.366580963134766,86.61368560791016,76.29235076904297,49.72999954223633
2024-11-15,572.5374145507812,70.86214447021484,72.32208251953125,41.028255462646484,82.7250747680664,236.58999633789062,27.56999969482422,20.03968048095703,86.91292572021484,50.167503356933594,86.65081787109375,76.37612915039062,52.130001068115234
2024-11-18,574.88330078125,70.99632263183594,72.71591186523438,41.4963264465332,82.87201690673828,241.08999633789062,28.3799991607666,20.498884201049805,87.54299926757812,50.41397476196289,86.84581756591797,76.43203735351562,52.130001068115234
2024-11-19,576.9847412109375,71.1036148071289,72.62213897705078,41.46766662597656,83.29446411132812,243.25,28.5,20.563173294067383,87.96922302246094,50.30022430419922,87.03152465820312,76.43203735351562,52.70000076293945
2024-11-20,577.1802368164062,71.08575439453125,72.42523956298828,41.41990661621094,83.02815246582031,244.6199951171875,28.100000381469727,20.55398941040039,87.8580322265625,50.205421447753906,86.90153503417969,76.39476776123047,53.720001220703125
2024-11-21,580.2787475585938,71.11255645751953,72.4439926147461,41.33393096923828,82.9638671875,246.66000366210938,28.040000915527344,20.700937271118164,88.50662994384766,50.0916633605957,86.85511016845703,76.37612915039062,55.900001525878906
2024-11-22,582.0772094726562,71.09467315673828,72.72528076171875,41.34348678588867,83.0097885131836,249.83999633789062,28.469999313354492,20.719303131103516,89.17377471923828,50.26230239868164,86.91081237792969,76.3668441772461,56.4900016784668
2024-11-25,584.0516357421875,71.36299133300781,73.10035705566406,41.37214660644531,85.15870666503906,242.47999572753906,27.6299991607666,20.425413131713867,90.4153823852539,50.48981857299805,87.8486328125,76.51582336425781,54.02000045776367
2024-11-26,587.1013793945312,71.22884368896484,72.67840576171875,41.200199127197266,84.82809448242188,242.9499969482422,27.799999237060547,20.425413131713867,90.77674102783203,50.26230239868164,87.66293334960938,76.51582336425781,51.70000076293945
2024-11-27,585.3223266601562,71.4434814453125,73.07222747802734,41.257511138916016,85.41586303710938,243.49000549316406,27.450000762939453,20.315204620361328,91.36048889160156,50.66045379638672,88.01578521728516,76.56238555908203,55.029998779296875
2024-11-29,588.9584350585938,71.58659362792969,74.04739379882812,41.32438278198242,86.29745483398438,245.58999633789062,27.920000076293945,20.33357048034668,90.95279693603516,51.172367095947266,88.38719940185547,76.65550231933594,55.209999084472656
2024-12-02,590.0139770507812,71.560546875,74.25369262695312,41.486778259277344,86.50482177734375,243.44000244140625,27.790000915527344,20.186626434326172,89.62779998779297,51.24821472167969,88.3797378540039,76.65084838867188,54.47999954223633
2024-12-03,590.2877197265625,71.560546875,74.67562866210938,41.572750091552734,85.75836944580078,243.92999267578125,28.280000686645508,20.416229248046875,89.17377471923828,51.390403747558594,88.12825775146484,76.66018676757812,54.459999084472656
2024-12-04,593.953125,71.73120880126953,74.73188781738281,41.677825927734375,86.67989349365234,244.6699981689453,28.530000686645508,20.306018829345703,88.932861328125,51.58000183105469,88.46356964111328,76.7442626953125,56.41999816894531
2024-12-05,592.9756469726562,71.66835021972656,75.09757232666016,41.95484924316406,86.85498809814453,242.86000061035156,28.559999465942383,20.278467178344727,88.71975708007812,52.044517517089844,88.4542465209961,76.7442626953125,56.400001525878906
2024-12-06,594.0997314453125,71.78514862060547,75.08819580078125,41.88798141479492,86.9840087890625,242.9499969482422,28.25,20.122337341308594,88.59002685546875,52.110877990722656,88.73365783691406,76.81900024414062,57.79999923706055
2024-12-09,591.0404052734375,71.6953353881836,75.04132080078125,42.74771499633789,86.18228149414062,245.36000061035156,28.979999542236328,20.315204620361328,88.84019470214844,52.044517517089844,88.42630004882812,76.79096984863281,54.72999954223633
2024-12-10,589.2027587890625,71.73120880126953,74.36619567871094,42.05992889404297,85.77681732177734,248.58999633789062,28.989999771118164,20.36112403869629,87.55226135253906,51.60844421386719,88.26795196533203,76.78164672851562,54.900001525878906
2024-12-11,593.7576904296875,71.74921417236328,74.83502197265625,42.231876373291016,84.96585845947266,250.9600067138672,29.040000915527344,20.61827850341797,87.3484115600586,51.8170051574707,88.00718688964844,76.76294708251953,57.720001220703125
2024-12-12,590.6981811523438,71.55154418945312,74.17866516113281,42.0217170715332,83.93373107910156,247.27999877929688,28.200000762939453,20.53562355041504,87.20943450927734,51.39988708496094,87.671875,76.72557067871094,56.91999816894531
2024-12-13,590.5809936523438,71.34489440917969,73.97237396240234,42.05992889404297,83.07669830322266,244.2899932861328,27.75,20.526437759399414,86.9592514038086,51.43780517578125,87.26207733154297,76.68820190429688,57.90999984741211
2024-12-16,593.1027221679688,71.47968292236328,73.72859191894531,41.83066940307617,83.32553100585938,244.8800048828125,27.799999237060547,20.416229248046875,86.65348052978516,51.276649475097656,87.29002380371094,76.69754028320312,60.220001220703125
2024-12-17,590.6591186523438,71.32695007324219,73.61167907714844,41.73061752319336,83.52824401855469,243.94000244140625,27.809999465942383,20.278467178344727,86.23652648925781,51.143943786621094,87.29002380371094,76.70687866210938,60.72999954223633
2024-12-18,573.055419921875,70.59452056884766,71.80584716796875,40.75923156738281,82.4837875366211,239.25999450683594,26.850000381469727,20.094785690307617,82.67847442626953,49.96964645385742,86.61531829833984,76.56627655029297,57.18000030517578
2024-12-19,572.87939453125,70.52229309082031,71.5777359008789,40.895225524902344,81.23487854003906,239.60000610351562,26.520000457763672,20.094785690307617,81.39978790283203,49.750064849853516,86.22283172607422,76.65066528320312,54.720001220703125
2024-12-20,579.7603149414062,70.96481323242188,71.37814331054688,41.06036376953125,81.69743347167969,242.10000610351562,26.920000076293945,20.223363876342773,82.77112579345703,49.67368698120117,86.54055786132812,76.66002655029297,54.810001373291016
2024-12-23,583.2320556640625,70.775146484375,71.84386444091797,41.29349136352539,80.9480972290039,240.9600067138672,26.989999771118164,20.238842010498047,83.09481811523438,49.84553909301758,86.15742492675781,76.61315155029297,52.869998931884766
2024-12-24,589.7147216796875,71.00093841552734,72.10047912597656,41.41977310180664,81.29036712646484,241.44000244140625,27.020000457763672,20.354934692382812,83.64678955078125,50.1319465637207,86.20416259765625,76.65066528320312,56.22999954223633
2024-12-26,589.7539672851562,71.18152618408203,72.44264221191406,41.274070739746094,81.24412536621094,243.07000732421875,27.139999389648438,20.296886444091797,83.87132263183594,50.25606155395508,86.26956939697266,76.66939544677734,54.29999923706055
2024-12-27,583.5459594726562,70.9377212524414,72.33809661865234,41.08950424194336,80.57803344726562,241.39999389648438,26.760000228881836,20.393630981445312,83.02933502197266,50.036476135253906,86.04529571533203,76.68814849853516,53.68000030517578
2024-12-30,576.88671875,71.03706359863281,71.86286926269531,40.75923156738281,81.22563171386719,240.6300048828125,26.43000030517578,20.57744598388672,82.6176986694336,49.71187210083008,86.5499267578125,76.80062103271484,53.54999923706055
2024-12-31,574.7880249023438,71.02803802490234,71.86286926269531,40.62323760986328,80.79082489013672,242.1300048828125,26.329999923706055,20.683862686157227,83.33807373046875,49.70233154296875,86.39105224609375,76.8475112915039,53.04999923706055
2025-01-02,573.375732421875,71.19961547851562,71.61576080322266,40.5649528503418,81.01287078857422,245.4199981689453,26.93000030517578,20.887025833129883,82.59899139404297,49.52092742919922,86.43778228759766,76.8287582397461,55.369998931884766
2025-01-03,580.5448608398438,71.3079833984375,71.92940521240234,40.94379806518555,80.75379943847656,243.49000549316406,26.979999542236328,20.780607223510742,83.68419647216797,49.82644271850586,86.29759979248047,76.8287582397461,55.959999084472656
2025-01-06,583.8890991210938,71.43441009521484,72.61371612548828,41.08950424194336,80.39302062988281,243.19000244140625,27.239999771118164,20.819305419921875,82.60834503173828,50.361080169677734,86.2134780883789,76.8475112915039,58.16999816894531
2025-01-07,577.288818359375,71.19961547851562,72.55668640136719,40.79808807373047,79.48640441894531,244.55999755859375,27.329999923706055,20.91604995727539,81.82247924804688,50.44700241088867,85.82102966308594,76.80062103271484,54.790000915527344
2025-01-08,578.1323852539062,71.2899169921875,72.44264221191406,40.60381317138672,79.58817291259766,245.86000061035156,27.399999618530273,20.877351760864258,82.03765869140625,50.33244323730469,85.9705581665039,76.8475112915039,53.34000015258789
2025-01-10,569.3056030273438,70.9196548461914,71.34012603759766,39.91413116455078,79.06083679199219,248.2100067138672,27.610000610351562,21.438467025756836,80.03560638427734,49.9123649597168,85.34447479248047,76.70689392089844,53.84000015258789
2025-01-13,570.1882934570312,70.90159606933594,71.14053344726562,39.642147064208984,79.03308868408203,245.74000549316406,26.959999084472656,21.5932559967041,81.01791381835938,49.597312927246094,85.1949462890625,76.72563171386719,53.220001220703125
2025-01-14,570.972900390625,70.99188995361328,71.39715576171875,40.0889778137207,78.903564453125,247.02999877929688,27.200000762939453,21.583581924438477,81.75698852539062,49.79779815673828,85.22296905517578,76.744384765625,54.83000183105469
2025-01-15,581.3590087890625,71.61503601074219,72.30958557128906,40.613525390625,80.26349639892578,248.8800048828125,27.959999084472656,21.931861877441406,82.22476959228516,50.37062454223633,86.12005615234375,76.91311645507812,56.63999938964844
2025-01-16,580.2409057617188,71.69631958007812,72.68025207519531,40.5649528503418,80.52252197265625,250.60000610351562,28.040000915527344,21.83511734008789,83.92745971679688,50.82889175415039,86.32564544677734,76.95997619628906,57.09000015258789
2025-01-17,586.06640625,71.75952911376953,72.97488403320312,40.8855094909668,80.66130065917969,249.27000427246094,27.610000610351562,21.738372802734375,83.87132263183594,51.10575485229492,86.39105224609375,76.94124603271484,59.619998931884766
2025-01-21,591.4310302734375,71.94918060302734,74.44807434082031,41.322635650634766,81.38287353515625,253.1300048828125,28.040000915527344,21.631956100463867,85.44303131103516,52.20367431640625,86.68072509765625,76.96934509277344,60.41999816894531
2025-01-22,594.7556762695312,71.84984588623047,74.2770004272461,41.351776123046875,80.95735168457031,254.42999267578125,28.049999237060547,21.612606048583984,83.95551300048828,52.10820388793945,86.45645141601562,76.95059967041016,59.380001068115234
2025-01-23,598.0018310546875,71.94015502929688,74.8852767944336,41.44891357421875,80.32825469970703,254.07000732421875,27.770000457763672,21.53521156311035,84.57298278808594,52.5855598449707,86.2322006225586,76.95059967041016,58.790000915527344
2025-01-24,596.256103515625,72.02142333984375,75.30347442626953,41.72090530395508,80.68904876708984,255.64999389648438,27.90999984741211,21.544885635375977,84.86299133300781,52.75740432739258,86.40975189208984,76.99747467041016,59.70000076293945
2025-01-27,587.8218994140625,72.07559204101562,75.30347442626953,40.96322250366211,81.64192962646484,252.99000549316406,27.459999084472656,21.21595573425293,85.99501037597656,53.01518249511719,86.97040557861328,77.10997772216797,57.66999816894531
2025-01-28,592.8726806640625,72.04850006103516,75.20841979980469,41.26435089111328,81.58642578125,255.17999267578125,27.6299991607666,21.235305786132812,84.95654296875,52.71922302246094,86.97976684570312,77.12870788574219,57.58000183105469
2025-01-29,590.2149047851562,72.00337219238281,75.19892120361328,41.274070739746094,81.41991424560547,254.1999969482422,28.0,21.274002075195312,83.83390045166016,52.786048889160156,86.87698364257812,77.08185577392578,59.34000015258789
2025-01-30,593.3826293945312,72.1388168334961,76.02579498291016,41.97346115112305,81.72518920898438,258.04998779296875,28.719999313354492,21.293350219726562,84.90042877197266,53.387516021728516,87.0638656616211,77.12870788574219,59.720001220703125
2025-01-31,590.2246704101562,71.99434661865234,75.31297302246094,41.49748229980469,81.18862915039062,258.55999755859375,28.510000228881836,21.25465202331543,84.71331024169922,52.88151931762695,86.9237060546875,77.13809967041016,57.709999084472656
2025-02-03,586.2528076171875,71.90362548828125,74.42906188964844,41.19635772705078,81.84966278076172,259.94000244140625,28.670000076293945,21.419116973876953,84.53555297851562,52.165489196777344,86.98556518554688,77.08448028564453,57.58000183105469
2025-02-04,590.1854858398438,72.13041687011719,75.2939682006836,41.93460464477539,82.1003189086914,262.5,29.219999313354492,21.47716522216797,84.60104370117188,52.8624267578125,87.20117950439453,77.15972137451172,56.130001068115234
2025-02-05,592.5784301757812,72.3209228515625,76.02579498291016,41.827754974365234,83.4558334350586,264.1300048828125,29.350000381469727,21.34172248840332,85.78917694091797,53.397064208984375,87.70738983154297,77.20674133300781,55.33000183105469
2025-02-06,594.6380615234375,72.21204376220703,76.38697052001953,42.002601623535156,83.4186782836914,263.42999267578125,29.3799991607666,21.351396560668945,86.00436401367188,53.60710144042969,87.60429382324219,77.17853546142578,55.119998931884766
2025-02-07,589.1949462890625,71.98526000976562,75.66464233398438,41.963748931884766,82.88019561767578,263.8999938964844,29.030000686645508,21.36107063293457,85.72369384765625,53.091556549072266,87.31366729736328,77.09388732910156,54.470001220703125
2025-02-10,593.1962890625,72.13041687011719,76.1778793334961,42.468868255615234,82.62953186035156,268.3699951171875,29.200000762939453,21.670652389526367,85.68627166748047,53.53072738647461,87.294921875,77.13150787353516,55.380001068115234
2025-02-11,593.6475830078125,72.10319519042969,76.5390396118164,42.303733825683594,82.1003189086914,267.3900146484375,29.0,21.83511734008789,86.06048583984375,53.96989059448242,87.06991577148438,77.11270141601562,54.11000061035156
2025-02-12,591.7349853515625,71.948974609375,76.82418060302734,42.536865234375,80.98623657226562,267.6700134277344,29.34000015258789,21.5932559967041,85.2652816772461,54.39951705932617,86.469970703125,77.00924682617188,55.15999984741211
2025-02-13,597.9822387695312,72.27555847167969,77.75560760498047,42.8088493347168,82.33245086669922,270.30999755859375,29.459999084472656,21.699676513671875,86.11662292480469,54.97234344482422,87.11681365966797,77.11270141601562,54.7400016784668
2025-02-14,597.9529418945312,72.35719299316406,77.86966705322266,43.139122009277344,82.768798828125,266.2900085449219,29.309999465942383,21.7093505859375,85.72369384765625,55.191925048828125,87.48240661621094,77.21614837646484,55.33000183105469
2025-02-18,599.7083129882812,72.29369354248047,78.430419921875,43.411109924316406,81.7939453125,270.70001220703125,29.90999984741211,22.02860450744629,86.10726928710938,55.55471420288086,87.0136947631836,77.15029907226562,53.5099983215332
2025-02-19,601.12060546875,72.34813690185547,77.62254333496094,43.343109130859375,81.89607238769531,270.8500061035156,29.809999465942383,22.20274543762207,86.17274475097656,54.81004333496094,87.15430450439453,77.20674133300781,54.650001525878906
2025-02-20,598.6197509765625,72.39350891113281,77.98371887207031,43.74137878417969,82.20246887207031,270.989990234375,29.950000762939453,22.231767654418945,86.58438873291016,55.37331771850586,87.33241271972656,77.21614837646484,56.040000915527344
2025-02-21,588.3809814453125,72.25741577148438,77.49898529052734,43.6151008605957,83.19586181640625,270.739990234375,29.59000015258789,21.92218589782715,85.73303985595703,55.09645080566406,87.84800720214844,77.34782409667969,53.91999816894531
2025-02-24,585.7034912109375,72.34813690185547,77.45146179199219,42.944847106933594,83.43726348876953,272.2099914550781,29.440000534057617,21.844791412353516,86.0698471069336,54.953250885009766,88.0354995727539,77.40424346923828,53.40999984741211
2025-02-25,582.7906494140625,72.52959442138672,78.15479278564453,42.97399139404297,84.87631225585938,268.6199951171875,28.829999923706055,21.60293197631836,87.12700653076172,55.7265625,88.72921752929688,77.50772094726562,50.029998779296875
2025-02-26,583.0848999023438,72.6293716430664,78.25933837890625,43.40139389038086,85.37765502929688,269.0299987792969,28.940000534057617,21.419116973876953,86.76213836669922,55.7265625,88.97295379638672,77.53593444824219,47.959999084472656
2025-02-27,573.7777709960938,72.49327850341797,77.37543487548828,42.55629348754883,84.774169921875,264.92999267578125,28.399999618530273,21.44814109802246,87.1082992553711,55.067813873291016,88.86983489990234,77.56415557861328,47.349998474121094
2025-02-28,582.7318725585938,72.69287872314453,77.5370101928711,41.97346115112305,85.81402587890625,263.2699890136719,28.309999465942383,21.283676147460938,87.84738159179688,55.39241409301758,89.35729217529297,77.70523834228516,47.900001525878906
2025-03-03,572.5224609375,72.54154968261719,78.39241027832031,41.604339599609375,86.21449279785156,266.739990234375,28.75,21.148235321044922,88.2590103149414,56.16573715209961,89.6816635131836,77.75521850585938,48.900001525878906
2025-03-04,565.7455444335938,72.532470703125,78.3733901977539,41.95403289794922,85.15275573730469,269.05999755859375,29.0,21.21595573425293,87.23926544189453,56.25165557861328,89.39959716796875,77.76465606689453,49.38999938964844
2025-03-05,571.8261108398438,72.56891632080078,80.24576568603516,43.20711898803711,84.47288513183594,269.6199951171875,29.770000457763672,21.157909393310547,88.21223449707031,57.64553451538086,88.90132904052734,77.67973327636719,51.439998626708984
2025-03-06,561.675537109375,72.29547882080078,79.41887664794922,42.93513488769531,84.19346618652344,268.25,29.690000534057617,21.051490783691406,85.94822692871094,57.14908981323242,88.85433197021484,77.7269058227539,50.63999938964844
2025-03-07,564.82373046875,72.4139633178711,80.24576568603516,43.14883804321289,83.92340087890625,268.3900146484375,29.59000015258789,21.235305786132812,86.4627685546875,57.9128532409668,88.74150848388672,77.71748352050781,49.43000030517578
2025-03-10,549.7792358398438,72.14053344726562,78.35438537597656,42.11916732788086,84.79887390136719,266.0400085449219,29.110000610351562,21.099863052368164,85.63013458251953,56.31848907470703,89.36200714111328,77.85897827148438,44.90999984741211
2025-03-11,545.2091064453125,71.88533782958984,78.0882568359375,42.468868255615234,84.19346618652344,269.1600036621094,29.959999084472656,21.21595573425293,84.62911224365234,56.22301483154297,89.04236602783203,77.81181335449219,47.2400016784668
2025-03-12,548.102294921875,71.96736907958984,78.6490249633789,42.701995849609375,83.69055938720703,270.3299865722656,30.219999313354492,21.21595573425293,84.3671646118164,56.385318756103516,88.77910614013672,77.75521850585938,47.150001525878906
2025-03-13,540.7957153320312,71.56631469726562,78.12627410888672,42.52714920043945,84.42632293701172,275.1300048828125,30.739999771118164,21.138561248779297,82.701904296875,56.03207015991211,89.13634490966797,77.81181335449219,45.52000045776367
2025-03-14,551.96630859375,71.89444732666016,79.56143951416016,43.30426025390625,83.97927856445312,275.239990234375,30.709999084472656,21.25465202331543,84.35780334472656,57.091800689697266,88.82611083984375,77.75521850585938,48.13999938964844
2025-03-17,556.2227783203125,72.06761169433594,80.4548568725586,44.04250717163086,84.39839172363281,276.7300109863281,30.809999465942383,21.399770736694336,85.79853820800781,57.68372344970703,88.90132904052734,77.7269058227539,48.060001373291016
2025-03-18,550.2108764648438,71.94002532958984,80.44535827636719,43.819087982177734,84.4822006225586,279.9599914550781,30.850000381469727,21.351396560668945,85.34947967529297,57.931949615478516,89.0047378540039,77.7269058227539,46.810001373291016
2025-03-19,556.2030639648438,72.4139633178711,80.68296813964844,43.925941467285156,84.9199447631836,281.1099853515625,30.75,21.48683738708496,85.45237731933594,57.86511993408203,89.27738189697266,77.84012603759766,48.61000061035156
2025-03-20,554.5946655273438,72.31370544433594,80.00814819335938,43.51796340942383,84.9758071899414,280.75,30.5,21.525535583496094,85.3962631225586,57.30183792114258,89.40901947021484,77.85897827148438,47.849998474121094
2025-03-21,554.7776489257812,72.20433807373047,79.51392364501953,43.30426025390625,84.47288513183594,278.489990234375,30.020000457763672,21.399770736694336,84.45134735107422,56.82448196411133,89.33379364013672,77.90617370605469,47.70000076293945
2025-03-24,564.7128295898438,72.4139633178711,79.5044174194336,43.498531341552734,83.60672760009766,277.25,29.959999084472656,21.47716522216797,85.75176239013672,56.73855972290039,88.81672668457031,77.8023910522461,50.18000030517578
2025-03-25,566.0703125,72.37751007080078,79.94161987304688,43.37225341796875,83.59741973876953,278.4700012207031,30.579999923706055,21.506187438964844,84.78959655761719,57.053611755371094,88.96713256835938,77.83068084716797,50.13999938964844
2025-03-26,559.3124389648438,72.08584594726562,78.9056396484375,43.109981536865234,83.04792022705078,278.239990234375,30.530000686645508,21.47716522216797,85.12040710449219,56.26120376586914,88.76031494140625,77.81181335449219,49.18000030517578
2025-03-27,557.8270874023438,71.94912719726562,79.07672119140625,43.32368469238281,82.8057861328125,281.9700012207031,31.31999969482422,21.53521156311035,84.90301513671875,56.31848907470703,88.68509674072266,77.84953308105469,49.439998626708984
2025-03-28,546.5933837890625,71.82152557373047,78.3733901977539,42.51743698120117,83.95134735107422,284.05999755859375,31.0,21.467491149902344,84.78959655761719,56.20391845703125,89.39959716796875,77.9910659790039,47.560001373291016
2025-03-31,550.2625732421875,71.90355682373047,77.67957305908203,42.44944381713867,84.78023529052734,288.1400146484375,30.989999771118164,21.767396926879883,85.57406616210938,55.56426239013672,89.66284942626953,78.04768371582031,46.810001373291016
2025-04-01,551.8167724609375,72.07026672363281,77.79361724853516,42.58543395996094,85.514892578125,287.57000732421875,30.6299991607666,21.777070999145508,85.61188507080078,55.65018844604492,89.97785949707031,78.07606506347656,48.29999923706055
2025-04-02,555.3088989257812,72.21678161621094,77.97420501708984,42.643714904785156,85.45879364013672,288.1600036621094,30.760000228881836,21.912511825561523,86.13170623779297,55.76475143432617,89.89297485351562,78.01927947998047,49.40999984741211
2025-04-03,527.9428100585938,71.3192367553711,76.3394546508789,41.740333557128906,85.85138702392578,286.4200134277344,28.889999389648438,21.032142639160156,83.1922836303711,54.92460250854492,90.81729888916016,78.31273651123047,46.56999969482422
2025-04-04,497.0354309082031,70.3026123046875,71.30210876464844,39.418724060058594,86.78607940673828,279.7200012207031,27.079999923706055,20.267866134643555,79.5818099975586,51.353981018066406,91.07193756103516,78.26541137695312,47.709999084472656
2025-04-07,496.150146484375,69.69812774658203,69.58181762695312,37.951934814453125,84.16893768310547,273.7099914550781,27.139999389648438,19.948610305786133,77.49301147460938,49.78825378417969,89.98731231689453,78.27487182617188,44.27000045776367
2025-04-08,488.3790588378906,69.37757110595703,69.34420013427734,37.41767501831055,82.5799560546875,275.20001220703125,27.139999389648438,19.50358772277832,75.41368103027344,49.4541015625,89.53459167480469,78.22750854492188,43.59000015258789
2025-04-09,539.6682739257812,71.23678588867188,74.69517517089844,40.011268615722656,83.06599426269531,285.3800048828125,28.059999465942383,20.20981788635254,79.91261291503906,53.034271240234375,89.25163269042969,78.18021392822266,46.83000183105469
2025-04-10,516.0204467773438,70.0736312866211,73.22200775146484,39.32158660888672,80.77601623535156,292.3500061035156,28.280000686645508,19.958282470703125,78.0884780883789,52.509185791015625,88.6951675415039,78.17074584960938,45.16999816894531
2025-04-11,525.2277221679688,70.2843017578125,75.05635833740234,40.55524444580078,81.2153091430664,297.92999267578125,29.190000534057617,20.248516082763672,79.04306030273438,53.80759048461914,88.1953125,78.02874755859375,47.66999816894531
2025-04-14,530.3232421875,70.63231658935547,75.86422729492188,40.924373626708984,81.79480743408203,296.2300109863281,29.3799991607666,20.258190155029297,80.67818450927734,54.2754020690918,88.90266418457031,78.19912719726562,48.279998779296875
2025-04-15,528.8378295898438,70.82463836669922,76.54853820800781,40.8855094909668,82.08457946777344,297.7799987792969,29.40999984741211,20.20981788635254,80.92391967773438,54.82913589477539,89.16674041748047,78.19912719726562,47.7400016784668
2025-04-16,517.0828857421875,70.81549072265625,76.25390625,40.4095344543457,82.5425796508789,307.4700012207031,29.760000228881836,20.46135139465332,80.8672103881836,54.68592834472656,89.5534439086914,78.30325317382812,47.959999084472656
2025-04-17,517.8206176757812,71.22764587402344,77.0807876586914,40.720375061035156,81.81352233886719,306.1199951171875,29.549999237060547,20.674190521240234,82.07699584960938,55.17283248901367,89.29879760742188,78.33164978027344,48.2599983215332
2025-04-21,505.4951171875,70.80632781982422,76.66260528564453,40.710662841796875,80.38343811035156,315.5899963378906,29.790000915527344,20.500049591064453,80.36628723144531,54.83867645263672,88.81777954101562,78.2843246459961,49.720001220703125
2025-04-22,518.6470336914062,71.08109283447266,78.24984741210938,41.322635650634766,80.83209991455078,311.1099853515625,29.5,20.59679412841797,81.92578887939453,55.965240478515625,88.8838119506836,78.31273651123047,52.08000183105469
2025-04-23,526.6837158203125,71.43828582763672,78.56349182128906,41.798614501953125,81.61723327636719,303.6499938964844,30.559999465942383,20.44200325012207,82.07699584960938,56.18482208251953,88.97810363769531,78.25592803955078,53.20000076293945
2025-04-24,537.769775390625,72.07938385009766,79.60897064208984,42.284305572509766,82.47715759277344,308.07000732421875,30.559999465942383,20.625816345214844,82.37946319580078,56.95814514160156,89.4591293334961,78.35060119628906,53.2599983215332
2025-04-25,541.6553344726562,72.14350128173828,79.95113372802734,42.20659255981445,83.08472442626953,304.7300109863281,30.049999237060547,20.65484046936035,82.2376937866211,57.110897064208984,89.79867553710938,78.41683959960938,54.27000045776367
2025-04-28,541.8618774414062,72.1801528930664,80.4833755493164,42.284305572509766,83.60813903808594,309.07000732421875,30.190000534057617,20.538747787475586,82.74805450439453,57.42595291137695,90.15705871582031,78.53042602539062,53.880001068115234
2025-04-29,545.2753295898438,72.37247467041016,80.64495086669922,42.400875091552734,84.30912780761719,306.05999755859375,29.829999923706055,20.277538299560547,83.1922836303711,57.59780502319336,90.46831512451172,78.5777816772461,54.220001220703125
2025-04-30,545.49169921875,71.98780822753906,80.5499038696289,42.50772476196289,83.62682342529297,303.7699890136719,29.600000381469727,19.900236129760742,83.48528289794922,57.55961227416992,90.60977935791016,78.6819076538086,53.5099983215332
2025-05-01,549.3575439453125,72.0807876586914,80.29328918457031,42.498008728027344,83.20279693603516,297.4599914550781,29.389999389648438,19.996980667114258,83.75938415527344,57.340030670166016,90.21519470214844,78.51954650878906,54.95000076293945
2025-05-02,557.51220703125,72.30175018310547,81.83300018310547,43.71223831176758,82.30220031738281,297.9800109863281,29.1200008392334,20.08405113220215,84.78959655761719,58.41884994506836,89.60961151123047,78.36759185791016,55.189998626708984
2025-05-05,554.3153686523438,72.27411651611328,81.9755630493164,44.04250717163086,81.84249877929688,306.8800048828125,29.479999542236328,19.967958450317383,84.60057067871094,58.63843536376953,89.44873809814453,78.35809326171875,53.630001068115234
2025-05-06,549.6821899414062,72.2188720703125,81.87102508544922,43.86766052246094,82.11455535888672,315.4800109863281,30.219999313354492,20.267866134643555,83.94840240478516,58.43794631958008,89.67584991455078,78.42456817626953,53.970001220703125
2025-05-07,551.9937133789062,72.2833023071289,81.59538269042969,43.36254119873047,82.46166229248047,310.75,29.489999771118164,20.01633071899414,84.04291534423828,58.227909088134766,89.91240692138672,78.45306396484375,54.68000030517578
2025-05-08,555.8400268554688,72.2649154663086,81.31026458740234,43.33340072631836,81.54230499267578,304.6300048828125,29.459999084472656,20.277538299560547,83.71212768554688,57.96059036254883,89.2121810913086,78.29161834716797,57.619998931884766
2025-05-09,555.1317138671875,72.31094360351562,81.7094497680664,43.62481689453125,81.66423797607422,306.8399963378906,29.799999237060547,20.432329177856445,84.26976776123047,58.294742584228516,89.2784194946289,78.3296127319336,58.65999984741211
2025-05-12,573.4774780273438,73.02896118164062,82.12763977050781,44.567054748535156,80.90435791015625,298.19000244140625,29.6299991607666,20.567771911621094,84.68563079833984,58.34247589111328,88.710693359375,78.18717193603516,57.880001068115234
2025-05-13,577.2646484375,73.15786743164062,82.23218536376953,44.6447639465332,80.57603454589844,299.4599914550781,29.93000030517578,20.887025833129883,83.608154296875,58.62889099121094,88.64443969726562,78.16816711425781,59.619998931884766
2025-05-14,578.0025024414062,72.89089965820312,81.83300018310547,44.9847526550293,80.04129028320312,293.1600036621094,29.25,20.780607223510742,82.78587341308594,58.361572265625,88.31324768066406,78.11121368408203,58.7400016784668
2025-05-15,580.8255615234375,73.02896118164062,82.7264175415039,44.96532440185547,80.744873046875,297.8399963378906,29.610000610351562,20.57744598388672,84.2981185913086,59.020320892333984,88.89047241210938,78.26314544677734,58.66999816894531
2025-05-16,584.5045166015625,73.11182403564453,82.91650390625,44.93618392944336,80.96065521240234,294.239990234375,29.299999237060547,20.500049591064453,85.34724426269531,59.201717376708984,88.9188461303711,78.244140625,59.20000076293945
2025-05-19,585.1439208984375,73.07500457763672,83.70536804199219,45.033321380615234,80.72611999511719,298.0299987792969,29.420000076293945,20.471027374267578,85.36612701416016,59.984580993652344,88.87153625488281,78.27263641357422,59.9900016784668
2025-05-20,583.1766357421875,73.03819274902344,84.10455322265625,44.9847526550293,80.14447021484375,303.5799865722656,30.1299991607666,20.732234954833984,84.8652114868164,60.461936950683594,88.75799560546875,78.2821273803711,60.90999984741211
2025-05-21,573.349609375,72.55029296875,83.6103286743164,44.86818313598633,78.77481079101562,305.82000732421875,30.510000228881836,20.70321273803711,82.60629272460938,60.223262786865234,88.14293670654297,78.23464965820312,61.790000915527344
2025-05-22,573.5758666992188,72.69758605957031,83.56280517578125,44.722476959228516,79.1875991821289,303.1099853515625,30.030000686645508,20.59679412841797,82.22822570800781,60.11824035644531,88.47412872314453,78.2821273803711,63.22999954223633
2025-05-23,569.6607666015625,72.67916870117188,83.6768569946289,44.90704345703125,79.31890869140625,309.75,30.450000762939453,20.712886810302734,82.31330108642578,59.92729568481445,88.72959899902344,78.3296127319336,61.83000183105469
2025-05-27,581.5043334960938,73.12105560302734,84.89341735839844,44.80018615722656,80.42593383789062,304.5,30.229999542236328,20.529071807861328,83.74993133544922,60.65287780761719,89.09864807128906,78.35809326171875,62.5
2025-05-28,578.1400756835938,73.07500457763672,83.91446685791016,44.596195220947266,80.07881927490234,303.80999755859375,29.979999542236328,20.46135139465332,83.66486358642578,60.013221740722656,88.85260772705078,78.30113220214844,60.790000915527344
2025-05-29,580.4222412109375,73.18548583984375,84.28514099121094,44.76133346557617,80.8199462890625,305.6099853515625,30.299999237060547,20.354934692382812,84.42098236083984,60.337825775146484,89.2216567993164,78.38658142089844,59.9900016784668
2025-05-30,579.7730712890625,73.24993133544922,84.40869140625,44.21735763549805,80.94190216064453,303.6000061035156,30.0,20.20014190673828,84.42098236083984,60.395103454589844,89.48660278320312,78.4815444946289,59.459999084472656
2025-06-02,583.038818359375,73.23698425292969,85.3116226196289,44.53791046142578,80.18858337402344,311.6700134277344,31.59000015258789,20.625816345214844,84.53440856933594,60.929744720458984,89.18280029296875,78.416748046875,59.36000061035156
2025-06-03,586.36376953125,73.3757095336914,84.66531372070312,44.6447639465332,80.04735565185547,308.9100036621094,31.440000534057617,20.76125717163086,84.3642807006836,60.34737014770508,89.09735870361328,78.397705078125,60.400001525878906
2025-06-04,586.2063598632812,73.51445770263672,85.04549407958984,45.198455810546875,81.3467788696289,310.8999938964844,31.34000015258789,20.683862686157227,84.60057067871094,60.84382247924805,89.75241088867188,78.54061126708984,59.63999938964844
2025-06-05,583.3733520507812,73.35721588134766,84.98846435546875,45.431583404541016,81.40328979492188,309.3299865722656,32.45000076293945,20.780607223510742,84.53440856933594,60.88201141357422,89.48660278320312,78.45486450195312,57.869998931884766
2025-06-06,589.3639526367188,73.34796905517578,85.2926025390625,45.577293395996094,80.36750793457031,305.17999267578125,32.689998626708984,20.945072174072266,84.9408187866211,61.08250045776367,88.77458953857422,78.32148742675781,59.2599983215332
2025-06-09,589.8950805664062,73.38495635986328,85.28311157226562,45.96584701538086,80.45223999023438,306.6199951171875,33.38999938964844,20.964420318603516,85.05423736572266,61.02521896362305,88.93596649169922,78.378662109375,61.77000045776367
2025-06-10,593.2396240234375,73.5606918334961,85.39715576171875,46.22812271118164,80.8665542602539,306.7099914550781,33.22999954223633,20.91604995727539,85.78199768066406,61.08250045776367,89.0878677368164,78.378662109375,62.290000915527344
2025-06-11,591.5476684570312,73.54222106933594,85.25458526611328,46.42239761352539,81.11137390136719,308.3699951171875,32.95000076293945,21.25465202331543,85.3188705444336,61.006126403808594,89.4581298828125,78.50250244140625,61.84000015258789
2025-06-12,593.898681640625,73.62545013427734,85.91039276123047,46.50010681152344,82.08124542236328,312.20001220703125,33.060001373291016,21.25465202331543,85.73473358154297,61.66487503051758,89.84735870361328,78.56919860839844,60.70000076293945
2025-06-13,587.2588500976562,73.40345764160156,84.8078842163086,45.76185989379883,81.290283203125,316.2900085449219,32.970001220703125,21.912511825561523,84.90301513671875,60.576507568359375,89.51507568359375,78.51202392578125,59.7400016784668
2025-06-16,592.8461303710938,73.55143737792969,85.12599182128906,46.32286834716797,80.47108459472656,311.7799987792969,33.029998779296875,21.8641414642334,84.96917724609375,60.76310729980469,89.25873565673828,78.50250244140625,61.79999923706055
2025-06-17,587.7802734375,73.46821594238281,84.08174133300781,45.714778900146484,81.45036315917969,311.94000244140625,33.7400016784668,22.328510284423828,84.66673278808594,59.936988830566406,89.6954345703125,78.54061126708984,59.5
2025-06-18,587.6917114257812,73.57920837402344,84.22677612304688,45.7049674987793,81.59160614013672,310.260009765625,33.27000045776367,22.38655662536621,84.95972442626953,59.849525451660156,89.75241088867188,78.57872772216797,58.970001220703125
2025-06-20,586.3114624023438,73.81043243408203,83.47259521484375,45.44015884399414,81.44096374511719,310.1300048828125,32.720001220703125,22.50265121459961,84.90301513671875,59.470481872558594,89.80937194824219,78.63587951660156,58.66999816894531
2025-06-23,592.102783203125,73.94918060302734,84.10108184814453,45.8128547668457,81.70460510253906,311.0799865722656,32.959999084472656,21.670652389526367,86.17897033691406,59.95642852783203,90.12267303466797,78.74067687988281,58.66999816894531
2025-06-24,598.6438598632812,74.15264892578125,85.12599182128906,46.99961471557617,82.29782104492188,306.19000244140625,32.61000061035156,21.148235321044922,86.40579986572266,60.78254699707031,90.43595886230469,78.80736541748047,60.060001373291016
2025-06-25,598.9793701171875,74.13416290283203,84.66188049316406,47.038848876953125,82.40141296386719,307.1199951171875,33.0099983215332,21.119211196899414,84.32646942138672,60.32575225830078,90.47392272949219,78.81690216064453,61.275001525878906
2025-06-26,603.6655883789062,74.34691619873047,85.60944366455078,47.35270309448242,82.81571960449219,306.7799987792969,33.34000015258789,21.196605682373047,84.24819946289062,60.8214225769043,90.79672241210938,78.91216278076172,61.13999938964844
2025-06-27,606.664794921875,74.3099136352539,86.38296508789062,47.166351318359375,82.28840637207031,301.2200012207031,32.619998931884766,21.090187072753906,84.45818328857422,61.37540817260742,90.55936431884766,78.88358306884766,60.720001220703125
2025-06-30,609.5653686523438,74.59663391113281,86.43131256103516,47.313472747802734,83.09821319580078,304.8299865722656,32.810001373291016,21.099863052368164,85.00221252441406,61.47259521484375,90.92011260986328,78.94075012207031,61.209999084472656
2025-07-01,609.3681640625,74.50276184082031,86.2862777709961,47.4017448425293,83.30424499511719,307.54998779296875,32.72999954223633,21.21595573425293,85.62260437011719,61.453155517578125,90.7515640258789,78.85855865478516,59.84000015258789
2025-07-02,612.1305541992188,74.64217376708984,86.53766632080078,47.60771179199219,82.77497100830078,309.25,33.2400016784668,21.564233779907227,85.82303619384766,61.71556854248047,90.56108093261719,78.84898376464844,62.41999816894531
2025-07-03,616.9550170898438,74.68864440917969,86.5570068359375,47.823482513427734,82.19844055175781,307.1400146484375,33.5099983215332,21.5545597076416,85.9184799194336,61.62809371948242,90.24679565429688,78.76296997070312,62.189998626708984
2025-07-07,612.357421875,74.43772888183594,85.61911010742188,47.14673614501953,81.4139633178711,307.3699951171875,33.43000030517578,21.53521156311035,85.18355560302734,61.24905776977539,89.96110534667969,78.74385833740234,61.400001525878906
2025-07-08,612.0220336914062,74.33549499511719,86.24759674072266,47.440975189208984,81.30999755859375,304.1600036621094,33.290000915527344,21.60293197631836,85.05948638916016,61.75444412231445,89.82776641845703,78.75341796875,61.81999969482422
2025-07-09,615.692138671875,74.5399398803711,86.89542388916016,47.36251449584961,82.16063690185547,305.5199890136719,33.0,21.564233779907227,85.12629699707031,62.463924407958984,90.2944107055664,78.82032775878906,63.58000183105469
2025-07-10,617.428466796875,74.4655990600586,86.83740234375,47.490013122558594,82.21733093261719,306.20001220703125,33.75,21.496511459350586,85.66078186035156,62.42505645751953,90.24679565429688,78.82032775878906,64.5
2025-07-11,615.2579956054688,74.37267303466797,86.00586700439453,47.33308792114258,81.08319091796875,309.1400146484375,35.029998779296875,21.777070999145508,85.6703109741211,61.70585250854492,89.82776641845703,78.80119323730469,67.20999908447266
2025-07-14,616.43212890625,74.4284439086914,86.00586700439453,47.4017448425293,80.91304016113281,308.010009765625,34.630001068115234,21.5932559967041,86.22389221191406,61.637813568115234,89.78968048095703,78.81076049804688,68.18000030517578
2025-07-15,613.7979125976562,74.20539855957031,85.10665130615234,47.745018005371094,80.34598541259766,306.7300109863281,34.2599983215332,21.5545597076416,84.9544906616211,60.93804931640625,89.43728637695312,78.73429870605469,66.16000366210938
2025-07-16,615.8499145507812,74.40055847167969,85.4547348022461,47.970603942871094,80.45938873291016,308.260009765625,34.40999984741211,21.583581924438477,85.75621795654297,61.21017837524414,89.68489837646484,78.83943176269531,67.83000183105469
2025-07-17,619.6187133789062,74.4748764038086,85.6771240234375,48.24522399902344,80.44048309326172,307.5899963378906,34.650001525878906,21.757720947265625,85.66078186035156,61.21017837524414,89.65634155273438,78.81076049804688,67.6500015258789
2025-07-18,619.1649169921875,74.57711791992188,85.4354019165039,48.1373405456543,80.56334686279297,308.3900146484375,34.61000061035156,21.796419143676758,85.84212493896484,61.15186309814453,89.9039535522461,78.8776626586914,66.68000030517578
2025-07-21,620.3389892578125,74.6793441772461,85.88984680175781,48.45119094848633,81.28166198730469,313.1300048828125,35.349998474121094,21.748046875,86.19527435302734,61.37540817260742,90.2182388305664,78.92546081542969,66.33000183105469
2025-07-22,620.427734375,74.80945587158203,86.3636245727539,48.480613708496094,81.77311706542969,316.1000061035156,35.720001220703125,21.7093505859375,87.67464447021484,61.75444412231445,90.47537231445312,78.9827880859375,67.81999969482422
2025-07-23,625.7060546875,74.84661865234375,88.51014709472656,48.971012115478516,81.31945037841797,312.17999267578125,35.689998626708984,21.651302337646484,87.84644317626953,63.0859489440918,90.15157318115234,78.91590118408203,67.29000091552734
2025-07-24,625.9132080078125,74.75369262695312,87.8526611328125,48.706199645996094,81.17768859863281,310.2699890136719,35.4900016784668,21.670652389526367,87.54102325439453,62.337581634521484,90.01823425292969,78.84898376464844,67.66000366210938
2025-07-25,628.5572509765625,74.80015563964844,87.74629211425781,48.55907440185547,81.68804931640625,307.3999938964844,34.65999984741211,21.44814109802246,87.55056762695312,62.47364807128906,90.2277603149414,78.89676666259766,66.36000061035156
2025-07-28,628.3994140625,74.76297760009766,86.3346176147461,48.235416412353516,81.15879821777344,305.4100036621094,34.63999938964844,21.670652389526367,86.14754486083984,61.35596466064453,90.02775573730469,78.88721466064453,67.0999984741211
2025-07-29,626.741943359375,74.80945587158203,86.16057586669922,48.255035400390625,82.52923583984375,306.25,34.65999984741211,21.951210021972656,87.5314712524414,61.307373046875,90.61822509765625,78.95413970947266,66.70999908447266
2025-07-30,625.9527587890625,74.6514663696289,85.54176330566406,47.901947021484375,82.10392761230469,300.9599914550781,33.5099983215332,21.9028377532959,86.29071044921875,60.68535614013672,90.30393981933594,78.86810302734375,66.37000274658203
2025-07-31,623.6046142578125,74.69794464111328,84.62319946289062,47.62732696533203,82.15118408203125,302.9599914550781,33.31999969482422,21.719024658203125,85.07856750488281,59.975868225097656,90.38013458251953,78.86810302734375,66.31999969482422
2025-08-01,613.3834838867188,74.70166015625,84.40081787109375,47.27424240112305,83.31908416748047,309.1099853515625,33.59000015258789,21.370746612548828,84.86859893798828,59.64542007446289,91.420654296875,79.26124572753906,64.22000122070312
2025-08-04,622.706787109375,74.95384216308594,85.52242279052734,47.7646369934082,83.5467758178711,310.9100036621094,33.97999954223633,21.293350219726562,85.73712921142578,60.345191955566406,91.54487609863281,79.28043365478516,65.19999694824219
2025-08-05,619.5496215820312,74.9164810180664,85.51275634765625,47.901947021484375,83.80294799804688,311.1600036621094,34.349998474121094,21.10953712463379,86.12845611572266,60.41322326660156,91.47798156738281,79.25166320800781,64.55000305175781
2025-08-06,624.2952270507812,74.9912109375,86.07355499267578,48.12752914428711,83.31908416748047,310.5,34.349998474121094,21.06116485595703,85.46033477783203,60.675636291503906,91.41109466552734,79.28043365478516,65.51000213623047
2025-08-07,623.7722778320312,74.9164810180664,86.84707641601562,48.5296516418457,83.17678833007812,313.1199951171875,34.7599983215332,21.12888526916504,85.70850372314453,61.336524963378906,91.34420776367188,79.2420654296875,66.83000183105469
2025-08-08,628.6362915039062,74.92582702636719,87.37887573242188,48.490421295166016,82.81624603271484,313.04998779296875,34.880001068115234,21.12888526916504,85.00221252441406,61.55034637451172,91.13401794433594,79.222900390625,66.12999725341797
2025-08-11,627.39306640625,74.92582702636719,87.01144409179688,48.353111267089844,82.91112518310547,308.54998779296875,34.18000030517578,21.157909393310547,84.43910217285156,61.181026458740234,91.16265869140625,79.222900390625,67.63999938964844
2025-08-12,634.0723266601562,75.09394836425781,88.07503509521484,48.94158935546875,82.49366760253906,308.2699890136719,34.40999984741211,21.07084083557129,84.91632080078125,61.80303955078125,91.14356994628906,79.28043365478516,67.94999694824219
2025-08-13,636.2427978515625,75.29009246826172,88.6068344116211,49.53006362915039,83.17678833007812,309.2099914550781,35.0,21.04181671142578,85.70850372314453,62.27927017211914,91.46845245361328,79.38591003417969,69.83999633789062
2025-08-14,636.3020629882812,75.09394836425781,88.61650848388672,48.921974182128906,82.56008911132812,307.25,34.5,21.12888526916504,85.09765625,62.56112289428711,91.17223358154297,79.29960632324219,67.02999877929688
2025-08-15,634.812255859375,75.14997863769531,89.13863372802734,48.98081970214844,81.97186279296875,307.42999267578125,34.5,21.06116485595703,85.58441925048828,62.70690155029297,90.99069213867188,79.27082824707031,66.44000244140625
2025-08-18,634.674072265625,75.09394836425781,89.04193878173828,49.26525115966797,81.73468780517578,306.95001220703125,34.54999923706055,21.080514907836914,84.85906219482422,62.54167938232422,90.9046859741211,79.27082824707031,66.05000305175781
2025-08-19,631.23095703125,75.07528686523438,89.0516128540039,48.86312484741211,82.20904541015625,305.2699890136719,33.869998931884766,20.91604995727539,86.31934356689453,62.70690155029297,91.13401794433594,79.30919647216797,64.19000244140625
2025-08-20,629.5537109375,75.04725646972656,89.37068939208984,48.794471740722656,82.3893051147461,308.3599853515625,34.43000030517578,21.148235321044922,86.56748962402344,63.105384826660156,91.26778411865234,79.33795166015625,64.9000015258789
2025-08-21,627.028076171875,74.90714263916016,88.80988311767578,48.68658447265625,81.98135375976562,307.2900085449219,34.61000061035156,21.274002075195312,86.3097915649414,62.6777458190918,91.000244140625,79.27082824707031,63.689998626708984
2025-08-22,636.6571655273438,75.51424407958984,90.14421844482422,49.657569885253906,82.58855438232422,310.5799865722656,35.34000015258789,21.36107063293457,87.98006439208984,63.6496467590332,91.50665283203125,79.4434585571289,66.25
2025-08-25,633.855224609375,75.36481475830078,88.95491790771484,49.373138427734375,82.35134887695312,309.8299865722656,35.02000045776367,21.467491149902344,87.47421264648438,62.70690155029297,91.32512664794922,79.40509033203125,62.880001068115234
2025-08-26,636.5091552734375,75.5329360961914,88.85823822021484,49.245635986328125,82.3039321899414,312.0799865722656,35.02000045776367,21.30302619934082,87.24515533447266,62.61943435668945,91.56398010253906,79.47219848632812,63.099998474121094
2025-08-27,637.95947265625,75.62632751464844,88.64551544189453,48.95139694213867,82.20904541015625,312.7099914550781,34.9900016784668,21.32237434387207,87.78917694091797,62.49308776855469,91.73597717285156,79.52974700927734,63.650001525878906
2025-08-28,640.21875,75.66368865966797,88.97425842285156,49.13774490356445,82.74983978271484,315.0299987792969,35.52000045776367,21.457815170288086,87.56011199951172,62.56112289428711,91.94618225097656,79.50096893310547,63.58000183105469
2025-08-29,636.400634765625,75.52359771728516,88.45213317871094,48.90235900878906,82.16160583496094,318.07000732421875,36.189998626708984,21.48683738708496,88.0373306274414,62.240394592285156,91.86975860595703,79.5680923461914,61.439998626708984
2025-09-02,631.6847534179688,75.44194793701172,87.58192443847656,48.86312484741211,81.5501937866211,325.5899963378906,37.150001525878906,21.83511734008789,86.57703399658203,61.540626525878906,91.5955810546875,79.52770233154297,62.970001220703125
2025-09-03,635.1082153320312,75.64840698242188,87.71728515625,49.04947280883789,82.44541931152344,328.1400146484375,37.34000015258789,21.641630172729492,86.624755859375,61.783599853515625,91.91191864013672,79.58539581298828,63.77000045776367
2025-09-04,640.4160766601562,75.85487365722656,88.3554458618164,48.892547607421875,83.07395935058594,326.69000244140625,36.93000030517578,21.48683738708496,87.27377319335938,62.114044189453125,92.32411193847656,79.64311981201172,62.349998474121094
2025-09-05,638.561279296875,75.89241027832031,88.75187683105469,49.48102569580078,84.3405990600586,331.04998779296875,37.209999084472656,21.312700271606445,88.25684356689453,62.376461029052734,92.77466583251953,79.758544921875,63.41999816894531
2025-09-08,640.1300048828125,75.89241027832031,89.64142608642578,49.93218994140625,85.46437072753906,334.82000732421875,37.5099983215332,21.457815170288086,87.74144744873047,62.813812255859375,93.06226348876953,79.806640625,63.70000076293945
2025-09-09,641.6099243164062,75.80793762207031,89.34168243408203,50.206809997558594,84.97867584228516,334.05999755859375,37.18000030517578,21.51586151123047,87.54102325439453,62.736061096191406,92.8417739868164,79.73931121826172,63.220001220703125
2025-09-10,643.4646606445312,75.86425018310547,89.32234191894531,50.55009078979492,85.46437072753906,335.260009765625,37.40999984741211,21.66097640991211,87.39786529541016,62.531959533691406,93.09101104736328,79.74893188476562,64.52999877929688
2025-09-11,648.81201171875,76.05192565917969,90.26991271972656,51.28568649291992,86.0357894897461,334.760009765625,37.790000915527344,21.496511459350586,88.99176025390625,63.183135986328125,93.23480987548828,79.77778625488281,65.02999877929688
2025-09-12,648.5949096679688,75.97686004638672,89.91215515136719,51.25625991821289,85.66437530517578,335.4200134277344,38.34000015258789,21.62228012084961,88.58135223388672,62.959598541259766,92.9664077758789,79.7681655883789,66.37999725341797
2025-09-15,652.0479736328125,76.19271087646484,90.51163482666016,51.62895965576172,85.86436462402344,338.9100036621094,38.7599983215332,21.815767288208008,88.43819427490234,63.4455451965332,93.11976623535156,79.79701232910156,65.5
2025-09-16,651.1502685546875,76.13640594482422,90.26023864746094,52.011470794677734,86.0453109741211,339.5899963378906,38.599998474121094,22.038280487060547,87.97052764892578,63.24144744873047,93.17729187011719,79.83550262451172,66.37000274658203
2025-09-17,650.3411865234375,76.06132507324219,89.92182159423828,52.23705291748047,85.82628631591797,336.9700012207031,37.790000915527344,21.806095123291016,87.85598754882812,62.96931838989258,92.97599792480469,79.79701232910156,65.66999816894531
2025-09-18,653.3799438476562,76.23023986816406,90.26991271972656,52.109554290771484,84.94058227539062,335.6199951171875,37.9900016784668,21.7093505859375,88.046875,63.28032302856445,92.66921997070312,79.7681655883789,66.75
2025-09-19,656.615966796875,76.25840759277344,89.92182159423828,51.99185562133789,84.77869415283203,339.17999267578125,39.040000915527344,21.53521156311035,87.47421264648438,63.04707336425781,92.63087463378906,79.79701232910156,65.37000274658203
2025-09-22,659.7224731445312,76.314697265625,90.21189880371094,52.24686050415039,84.47393798828125,345.04998779296875,40.040000915527344,21.53521156311035,87.49329376220703,63.25117111206055,92.47750854492188,79.758544921875,63.650001525878906
2025-09-23,656.1312255859375,76.25840759277344,90.03784942626953,52.276283264160156,85.06438446044922,346.4599914550781,39.959999084472656,21.757720947265625,87.97052764892578,63.22201156616211,92.73632049560547,79.78739929199219,63.40999984741211
2025-09-24,654.0437622070312,76.1551742553711,89.5157241821289,52.0997428894043,84.74059295654297,343.32000732421875,39.81999969482422,21.9028377532959,87.10523986816406,62.86240768432617,92.48709106445312,79.74893188476562,64.41999816894531
2025-09-25,651.0263671875,75.93931579589844,88.87757110595703,51.79569625854492,84.74059295654297,344.75,41.029998779296875,22.057626724243164,86.84508514404297,62.28898620605469,92.28578186035156,79.68158721923828,62.099998474121094
2025-09-26,654.756103515625,76.0894775390625,89.56407165527344,51.69761657714844,84.66439819335938,346.739990234375,41.86000061035156,22.067302703857422,87.70264434814453,62.92072296142578,92.23784637451172,79.72969818115234,61.939998626708984
2025-09-29,656.59619140625,76.22086334228516,89.91215515136719,52.16839599609375,85.35960388183594,352.4599914550781,42.5,21.88348960876465,87.73155975341797,63.19285202026367,92.50625610351562,79.758544921875,64.97000122070312
2025-09-30,659.0695190429688,76.19271087646484,90.27957916259766,52.374366760253906,85.11202239990234,355.4700012207031,42.369998931884766,21.796419143676758,88.08806610107422,63.63993453979492,92.4679183959961,79.79701232910156,65.0
2025-10-01,661.3153686523438,76.33507537841797,91.02409362792969,52.78629684448242,85.3318099975586,356.0299987792969,42.90999984741211,21.757720947265625,88.22296905517578,64.39801025390625,92.77944946289062,79.88964080810547,66.73999786376953
2025-10-02,662.0770263671875,76.30680084228516,91.16912841796875,53.031494140625,85.58028411865234,354.7900085449219,42.529998779296875,21.612606048583984,87.76045989990234,64.58267211914062,92.87561798095703,79.90895080566406,68.7699966430664
2025-10-03,662.0671997070312,76.22193145751953,91.93297576904297,53.18842315673828,85.41783142089844,357.6400146484375,43.52000045776367,21.680326461791992,88.08806610107422,64.94226837158203,92.69290924072266,79.8799819946289,69.80999755859375
2025-10-06,664.4415283203125,76.24078369140625,92.14569854736328,53.43362045288086,84.73930358886719,364.3800048828125,44.060001373291016,21.9028377532959,87.25941467285156,64.69929504394531,92.4236831665039,79.86070251464844,71.29000091552734
2025-10-07,661.9781494140625,76.15592193603516,91.34317016601562,53.021690368652344,85.2266845703125,366.260009765625,43.38999938964844,21.989906311035156,86.94144439697266,64.26194763183594,92.65445709228516,79.8992919921875,69.12999725341797
2025-10-08,665.925537109375,76.04279327392578,91.61389923095703,53.44343185424805,85.29358673095703,372.29998779296875,44.560001373291016,22.018930435180664,86.48857116699219,64.6701431274414,92.67369079589844,79.88964080810547,70.05999755859375
2025-10-09,663.9963989257812,75.825927734375,90.85972595214844,52.89418411254883,85.2266845703125,365.42999267578125,44.709999084472656,21.815767288208008,86.01643371582031,63.91205978393555,92.60637664794922,79.8799819946289,68.73999786376953
2025-10-10,646.0499877929688,75.38277435302734,89.18697357177734,50.942405700683594,86.60285949707031,369.1199951171875,45.43000030517578,21.351396560668945,84.91798400878906,63.19285202026367,93.18328857421875,80.01506805419922,66.19999694824219
2025-10-13,655.9630126953125,75.85420227050781,89.9024887084961,52.423404693603516,86.55506896972656,378.0899963378906,47.2599983215332,21.62228012084961,85.45757293701172,63.601051330566406,93.23138427734375,80.16944885253906,65.80999755859375
2025-10-14,655.1616821289062,75.93907165527344,90.30858612060547,51.9526252746582,86.83222198486328,380.7900085449219,46.79999923706055,21.380420684814453,86.33441162109375,63.91205978393555,93.47177124023438,80.11155700683594,63.90999984741211
2025-10-15,658.0703125,76.1842269897461,90.74369049072266,52.80591583251953,86.6410903930664,387.3900146484375,48.33000183105469,21.457815170288086,87.5870361328125,63.9995231628418,93.36599731445312,80.0729751586914,63.16999816894531
2025-10-16,653.5886840820312,75.9107894897461,91.21746826171875,53.14918899536133,87.29093933105469,396.45001220703125,49.16999816894531,21.419116973876953,87.2786865234375,64.49520111083984,93.79869079589844,80.17909240722656,61.43000030517578
2025-10-17,657.298583984375,76.10879516601562,91.38185119628906,53.139381408691406,87.15715026855469,388.989990234375,46.9900016784668,21.399770736694336,87.8471908569336,64.47576141357422,93.64484405517578,80.16944885253906,60.470001220703125
2025-10-20,664.1348876953125,76.2596435546875,92.13602447509766,53.865169525146484,87.49163055419922,403.1499938964844,47.720001220703125,21.612606048583984,88.73365020751953,64.80620574951172,93.76985168457031,80.17909240722656,62.93000030517578
2025-10-21,664.1249389648438,76.1465072631836,91.45919036865234,53.26689147949219,87.92168426513672,377.239990234375,43.790000915527344,21.390094757080078,88.4831314086914,64.36885833740234,93.94291687011719,80.19841003417969,63.4900016784668
2025-10-22,660.6722412109375,76.07107543945312,91.3238296508789,53.21784591674805,87.9790267944336,377.2799987792969,43.880001068115234,21.728696823120117,88.85891723632812,64.34941101074219,93.96215057373047,80.19841003417969,61.209999084472656
2025-10-23,664.5899047851562,76.24078369140625,91.749267578125,53.688629150390625,87.376953125,378.7900085449219,44.18000030517578,22.096324920654297,88.80110931396484,64.75760650634766,93.65446472167969,80.14048767089844,62.560001373291016
2025-10-24,670.0213012695312,76.44821166992188,91.89430236816406,54.04171371459961,87.41517639160156,377.5199890136719,43.9900016784668,22.106000900268555,89.06126403808594,64.8742446899414,93.74098205566406,80.18875122070312,62.83000183105469
2025-10-27,677.926025390625,76.63679504394531,92.53245544433594,54.63999938964844,87.71144104003906,367.010009765625,42.400001525878906,22.057626724243164,89.3117904663086,65.18524169921875,93.74098205566406,80.16944885253906,65.27999877929688
2025-10-28,679.7266235351562,76.56137084960938,92.49378204345703,54.62038040161133,87.9407958984375,364.3800048828125,42.70000076293945,21.85446548461914,87.55811309814453,64.95199584960938,93.8275375366211,80.17909240722656,64.48999786376953
2025-10-29,680.0531616210938,76.32565307617188,91.9716567993164,54.934234619140625,87.05201721191406,363.0,43.22999954223633,21.970558166503906,85.30340576171875,64.70901489257812,93.22175598144531,80.02471923828125,62.75
2025-10-30,672.5738525390625,76.1842269897461,91.56555938720703,54.36537551879883,86.5455093383789,370.1300048828125,44.34000015258789,21.98023223876953,85.70809936523438,64.32025146484375,93.087158203125,80.03437042236328,60.400001525878906
2025-10-31,674.780029296875,76.1842269897461,91.36251068115234,54.23787307739258,86.28746795654297,368.1199951171875,44.0099983215332,22.13502311706543,85.92971801757812,64.05784606933594,93.12561798095703,80.06331634521484,62.29999923706055
2025-11-03,676.0463256835938,75.9472885131836,91.40118408203125,54.581153869628906,86.0716781616211,368.7799987792969,43.7599983215332,22.299488067626953,85.80445098876953,64.0092544555664,93.08124542236328,80.06621551513672,60.529998779296875
2025-11-04,668.0327758789062,75.95677185058594,90.46328735351562,53.58074188232422,86.26351165771484,362.32000732421875,42.7400016784668,22.144697189331055,85.94898986816406,63.416385650634766,93.19699096679688,80.09525299072266,57.18000030517578
2025-11-05,670.3478393554688,76.0325927734375,91.0434341430664,54.06132888793945,85.32356262207031,366.510009765625,43.650001525878906,22.076976776123047,86.02606964111328,63.92177200317383,92.7532958984375,80.03718566894531,58.91999816894531
2025-11-06,663.1554565429688,76.06102752685547,90.84037780761719,53.659202575683594,86.09086608886719,366.07000732421875,43.54999923706055,22.106000900268555,85.61173248291016,63.6496467590332,93.22592163085938,80.13397216796875,57.2599983215332
2025-11-07,663.8082885742188,76.12735748291016,91.17880249023438,53.50227737426758,85.90863037109375,368.30999755859375,43.91999816894531,22.15437126159668,86.94144439697266,63.95093536376953,93.2645263671875,80.17269134521484,58.880001068115234
2025-11-10,674.1665649414062,76.38320922851562,92.13602447509766,54.4438362121582,85.88945007324219,378.3800048828125,45.790000915527344,22.39623260498047,86.89326477050781,64.77705383300781,93.13911437988281,80.15332794189453,60.189998626708984
2025-11-11,675.7100219726562,76.4685287475586,92.81285858154297,54.502685546875,86.2826919555664,379.8699951171875,46.45000076293945,22.54134750366211,87.86646270751953,65.45738220214844,93.42849731445312,80.22108459472656,58.349998474121094
2025-11-12,676.0859985351562,76.31690216064453,93.3639907836914,54.51249313354492,86.4361572265625,385.989990234375,48.31999969482422,22.289813995361328,87.21124267578125,65.9822006225586,93.44778442382812,80.19205474853516,57.59000015258789
2025-11-13,664.8670043945312,76.00415802001953,92.36808013916016,53.87498092651367,85.72640228271484,382.8699951171875,47.41999816894531,22.173721313476562,86.1417007446289,65.5351333618164,93.17769622802734,80.1436538696289,55.59000015258789
2025-11-14,664.7581176757812,76.02311706542969,92.10702514648438,53.90440368652344,85.23725128173828,375.9599914550781,45.959999084472656,22.222091674804688,86.32476043701172,64.88396453857422,93.02336883544922,80.17269134521484,53.474998474121094
2025-11-17,658.5648803710938,75.89990997314453,90.9080581665039,53.26689147949219,85.44824981689453,371.6499938964844,45.470001220703125,22.193069458007812,85.61173248291016,64.10643768310547,93.12947082519531,80.16300964355469,52.099998474121094
2025-11-18,653.03466796875,75.91886138916016,89.72844696044922,53.002071380615234,85.41947937011719,374.3500061035156,46.099998474121094,22.376882553100586,85.9586181640625,63.464988708496094,93.28379821777344,80.21141052246094,52.65999984741211
2025-11-19,655.5574340820312,75.95677185058594,89.45771026611328,52.81571960449219,85.24683380126953,374.9599914550781,46.45000076293945,22.15437126159668,85.28412628173828,63.22201156616211,93.21629333496094,80.20172882080078,50.72999954223633
2025-11-20,645.5652465820312,75.90939331054688,88.22007751464844,52.089935302734375,85.58253479003906,374.8500061035156,45.779998779296875,21.94153594970703,84.92761993408203,62.366737365722656,93.4381332397461,80.26947784423828,48.959999084472656
2025-11-21,651.9959106445312,76.16527557373047,89.58341217041016,52.08012771606445,85.84149932861328,374.2699890136719,45.29999923706055,21.796419143676758,86.30549621582031,63.29004669189453,93.74681091308594,80.36627197265625,47.970001220703125
2025-11-24,661.5922241210938,76.37374877929688,89.66075897216797,52.629371643066406,86.33064270019531,380.20001220703125,46.630001068115234,21.9028377532959,86.5367431640625,63.13453674316406,93.89147186279297,80.37596130371094,50.56999969482422
2025-11-25,667.815185546875,76.63911437988281,90.73401641845703,52.81571960449219,86.55123138427734,380.0799865722656,46.66999816894531,21.786745071411133,87.33650207519531,64.21334075927734,94.13261413574219,80.4243392944336,49.560001373291016
2025-11-26,672.4254760742188,76.71492004394531,91.72993469238281,53.19823455810547,86.93489837646484,383.1199951171875,48.400001525878906,22.018930435180664,87.721923828125,64.8742446899414,94.20979309082031,80.41465759277344,51.029998779296875
2025-11-28,676.0958251953125,76.75282287597656,92.03934478759766,53.276695251464844,86.5224609375,387.8800048828125,51.209999084472656,22.309162139892578,88.010986328125,65.10749053955078,94.04581451416016,80.41465759277344,51.54999923706055
2025-12-01,673.0091552734375,76.61478424072266,91.58489227294922,53.237464904785156,85.44537353515625,389.75,52.52000045776367,22.367210388183594,86.99925231933594,64.86451721191406,93.54084014892578,80.34574127197266,48.5
2025-12-02,674.2556762695312,76.7575912475586,91.89430236816406,53.257080078125,85.48387145996094,387.239990234375,53.130001068115234,22.270465850830078,86.69091796875,65.16581726074219,93.61820220947266,80.39427947998047,51.66999816894531
2025-12-03,676.5904541015625,76.82423400878906,92.3874282836914,53.29631423950195,85.72451782226562,386.8800048828125,53.06999969482422,22.376882553100586,86.91253662109375,65.6614761352539,93.81169128417969,80.44283294677734,52.7400016784668
2025-12-04,677.0851440429688,76.88135528564453,92.63880920410156,53.28650665283203,85.26248168945312,387.1300048828125,51.7599983215332,22.4349308013916,86.70055389404297,65.50597381591797,93.52145385742188,80.38457489013672,52.5099983215332
2025-12-05,678.3712768554688,76.88135528564453,92.63880920410156,53.688629150390625,84.86785125732422,386.44000244140625,52.95000076293945,22.570371627807617,86.60420227050781,65.5351333618164,93.3279800415039,80.35543823242188,50.689998626708984
2025-12-08,676.3333129882812,76.6909408569336,92.34874725341797,53.57093048095703,84.5887222290039,385.4200134277344,52.709999084472656,22.289813995361328,85.9393539428711,65.47681427001953,93.1344985961914,80.33602905273438,51.52000045776367
2025-12-09,675.7495727539062,76.6052474975586,92.2230453491211,53.482662200927734,84.67534637451172,387.3999938964844,55.16999816894531,22.24144172668457,85.61173248291016,65.22412109375,92.99905395507812,80.29720306396484,52.849998474121094
2025-12-10,680.2312622070312,76.8623046875,93.24797058105469,54.0809440612793,85.00260925292969,389.04998779296875,56.06999969482422,22.376882553100586,85.92007446289062,66.06967163085938,93.29895782470703,80.43312072753906,52.4900016784668
2025-12-11,681.8140869140625,76.8528060913086,93.79910278320312,53.8259391784668,84.8871078491211,393.239990234375,57.619998931884766,22.357534408569336,86.29585266113281,66.59449768066406,93.30863189697266,80.44283294677734,52.099998474121094
2025-12-12,674.4832153320312,76.7099838256836,93.30598449707031,53.19823455810547,84.06892395019531,395.44000244140625,56.099998474121094,22.173721313476562,86.18986511230469,66.09883117675781,93.05709075927734,80.4525375366211,51.20000076293945
2025-12-15,673.4641723632812,76.7480697631836,93.8764419555664,53.04130554199219,84.12667846679688,395.79998779296875,58.11000061035156,22.067302703857422,86.45967102050781,66.67224884033203,93.1344985961914,80.5010757446289,48.65999984741211
2025-12-16,671.6241455078125,76.7956771850586,93.44133758544922,52.70604705810547,84.5887222290039,395.8900146484375,57.72999954223633,21.844791412353516,85.82373046875,66.39808654785156,93.39569091796875,80.53990173339844,49.709999084472656
2025-12-17,664.2337646484375,76.70045471191406,92.68333435058594,52.32801055908203,84.51170349121094,399.2900085449219,60.2599983215332,22.106000900268555,86.1417007446289,65.97554779052734,93.37635040283203,80.54961395263672,48.709999084472656
2025-12-18,669.2496948242188,76.90991973876953,93.3428955078125,52.92491149902344,84.91597747802734,398.57000732421875,59.31999969482422,21.951210021972656,85.6888198852539,66.53565979003906,93.61820220947266,80.60785675048828,47.959999084472656
2025-12-19,675.3153686523438,76.87261199951172,93.9729232788086,53.442222595214844,84.59902954101562,399.0199890136719,60.93000030517578,22.106000900268555,85.3612060546875,66.92872619628906,93.4075927734375,80.59325408935547,49.90999984741211
2025-12-22,679.5224609375,76.9395751953125,94.20918273925781,53.73072052001953,84.4154281616211,408.2300109863281,62.470001220703125,22.389999389648438,85.79974365234375,67.06629943847656,93.310546875,80.5542984008789,50.09000015258789
2025-12-23,682.6282348632812,76.99697875976562,94.79000091552734,54.029170989990234,84.55071258544922,413.6400146484375,64.83999633789062,22.639999389648438,85.74140930175781,67.45935821533203,93.27172088623047,80.51536560058594,49.650001525878906
2025-12-24,685.0294799804688,77.14046478271484,94.90813446044922,54.13859939575195,85.06285858154297,411.92999267578125,65.22000122070312,22.6299991607666,86.30537414550781,67.56745147705078,93.51434326171875,80.56404876708984,49.459999084472656
2025-12-26,684.9599609375,77.10218048095703,95.06563568115234,54.51663589477539,84.78263854980469,416.739990234375,71.12000274658203,22.700000762939453,86.40259552001953,67.80329132080078,93.6017074584961,80.62247467041016,49.61000061035156
2025-12-29,682.51904296875,77.13089752197266,94.7801513671875,54.37736129760742,85.10150909423828,398.6000061035156,66.01000213623047,22.489999771118164,86.57762145996094,67.41022491455078,93.73758697509766,80.66143035888672,49.380001068115234
2025-12-30,681.685546875,77.2074203491211,94.93766021728516,54.596221923828125,84.8985824584961,398.8900146484375,68.9800033569336,22.639999389648438,86.75264739990234,67.67554473876953,93.64053344726562,80.680908203125,49.83000183105469
2025-12-31,676.635009765625,77.13089752197266,94.53404235839844,54.427101135253906,84.22218322753906,396.30999755859375,64.41999816894531,22.360000610351562,86.04283142089844,67.41022491455078,93.32994842529297,80.65169525146484,49.650001525878906
2026-01-02,677.8753051757812,77.16915130615234,95.52831268310547,55.94919204711914,84.0965576171875,398.2799987792969,65.75,22.389999389648438,86.0719985961914,68.225830078125,93.2522964477539,80.69063568115234,50.939998626708984
2026-01-05,682.3900756835938,77.37004852294922,96.62102508544922,56.565982818603516,84.5120620727539,408.760009765625,69.08000183105469,22.809999465942383,86.26647186279297,68.72698974609375,93.53377532958984,80.71986389160156,53.459999084472656
2026-01-06,686.4484252929688,77.38919067382812,96.76869201660156,56.98381042480469,84.338134765625,413.17999267578125,73.70999908447266,22.799999237060547,86.89849853515625,68.96282196044922,93.46583557128906,80.72960662841797,52.45000076293945
2026-01-07,684.2356567382812,77.37004852294922,96.40444946289062,56.556034088134766,84.83094787597656,409.2300109863281,70.95999908447266,22.59000015258789,86.05255126953125,68.59923553466797,93.64053344726562,80.71986389160156,51.540000915527344
2026-01-08,684.1661987304688,77.42744445800781,96.41429901123047,56.575931549072266,84.40576934814453,411.489990234375,69.70999908447266,22.8799991607666,86.82071685791016,68.540283203125,93.35906982421875,80.69063568115234,51.52000045776367
2026-01-09,688.6908569335938,77.4848403930664,97.27073669433594,56.84453582763672,84.96622467041016,414.4700012207031,72.37999725341797,22.899999618530273,86.9957275390625,69.05126190185547,93.46583557128906,80.66143035888672,51.15999984741211
2026-01-12,689.7723999023438,77.5230941772461,97.86139678955078,57.64039611816406,84.71499633789062,422.2300109863281,77.2300033569336,23.190000534057617,87.1124038696289,69.44432067871094,93.34934997558594,80.66143035888672,51.869998931884766
2026-01-13,688.3932495117188,77.5230941772461,97.3002700805664,57.21261978149414,84.85993194580078,421.6300048828125,78.5999984741211,23.3700008392334,87.59857177734375,69.19866180419922,93.46583557128906,80.680908203125,53.56999969482422
2026-01-14,685.009521484375,77.5230941772461,97.75311279296875,57.45138168334961,85.35274505615234,425.94000244140625,84.55999755859375,23.389999389648438,88.35700988769531,69.39519500732422,93.6599349975586,80.70037078857422,55.439998626708984
2026-01-15,686.8750610351562,77.5230941772461,97.71372985839844,57.78962326049805,85.33341979980469,423.3299865722656,83.31999969482422,23.200000762939453,88.96959686279297,69.25762176513672,93.46583557128906,80.64195251464844,54.0
2026-01-16,686.2994995117188,77.5709457397461,97.97952270507812,57.57075881958008,84.84060668945312,421.2900085449219,81.0199966430664,23.15999984741211,90.0586166381836,69.41484832763672,93.1067123413086,80.62247467041016,54.2400016784668
2026-01-20,672.3286743164062,77.37004852294922,96.4930419921875,57.01365661621094,83.72937774658203,437.2300109863281,85.38999938964844,23.479999542236328,88.38618469238281,68.37322998046875,92.73790740966797,80.6322250366211,50.7599983215332
2026-01-21,680.0880737304688,77.59963989257812,97.48731231689453,57.958744049072266,84.36712646484375,443.6000061035156,83.95999908447266,23.75,88.7362289428711,69.10039520263672,92.98052978515625,80.67115783691406,51.11000061035156
2026-01-22,683.6402587890625,77.65702819824219,97.8712387084961,58.39646911621094,84.73430633544922,451.7900085449219,87.12999725341797,23.739999771118164,87.86111450195312,69.39519500732422,92.97083282470703,80.64195251464844,50.66999816894531
2026-01-23,683.8883666992188,77.61876678466797,98.41267395019531,58.764556884765625,84.96622467041016,458.0,92.91000366210938,24.18000030517578,88.03614044189453,69.87669372558594,93.1261215209961,80.67115783691406,50.70000076293945
2026-01-26,687.3612060546875,77.65702819824219,98.9048843383789,58.864036560058594,85.37206268310547,464.70001220703125,98.33999633789062,24.290000915527344,87.91946411132812,70.44664001464844,93.26200103759766,80.70037078857422,49.650001525878906
2026-01-27,690.099853515625,77.64747619628906,100.49964141845703,60.02798843383789,84.84060668945312,476.1000061035156,101.58999633789062,24.6200008392334,87.89028930664062,71.5766830444336,93.15525817871094,80.71986389160156,50.630001068115234
2026-01-28,690.0303344726562,77.5230941772461,99.43647003173828,60.43586730957031,84.64734649658203,494.55999755859375,105.5999984741211,24.940000534057617,86.98600769042969,70.63333892822266,93.07759857177734,80.71986389160156,50.5099983215332
2026-01-29,688.6610717773438,77.5135269165039,100.10588073730469,60.127471923828125,84.66667175292969,495.8999938964844,105.56999969482422,25.299999237060547,88.20143127441406,71.09518432617188,93.17466735839844,80.74906921386719,47.599998474121094
2026-01-30,686.6071166992188,77.59963989257812,99.17066955566406,58.79439926147461,84.19318389892578,444.95001220703125,75.44000244140625,24.43000030517578,88.28895568847656,70.48594665527344,93.11642456054688,80.81724548339844,47.4900016784668
2026-02-02,690.0204467773438,77.646728515625,99.82039642333984,58.97346878051758,83.95262908935547,427.1300048828125,72.44000244140625,23.540000915527344,87.37494659423828,71.1148452758789,92.93336486816406,80.77816772460938,44.220001220703125
2026-02-03,684.18603515625,77.59867858886719,99.86961364746094,59.291812896728516,84.1563491821289,454.2900085449219,76.95999908447266,24.149999618530273,87.18048095703125,70.79056549072266,93.02099609375,80.7684097290039,43.29999923706055
2026-02-04,680.8719482421875,77.50254821777344,100.19447326660156,58.49595260620117,83.94292449951172,453.9700012207031,79.18000030517578,24.190000534057617,88.43479919433594,70.98709106445312,93.00152587890625,80.80746459960938,41.56999969482422
2026-02-05,672.3682861328125,77.41602325439453,98.7670669555664,58.22734832763672,84.85472869873047,441.8800048828125,66.69000244140625,23.760000228881836,88.30838775634766,69.87669372558594,93.54681396484375,80.9344482421875,36.099998474121094
2026-02-06,685.2676391601562,77.68519592285156,101.01154327392578,59.75938415527344,84.91291046142578,455.4599914550781,70.19000244140625,24.010000228881836,89.6988525390625,71.26223754882812,93.54681396484375,80.9344482421875,39.68000030517578
2026-02-09,688.5718383789062,77.79093170166016,102.37004089355469,60.19710922241211,84.89352416992188,467.0299987792969,76.04000091552734,24.25,90.07806396484375,71.9500961303711,93.5662841796875,80.95396423339844,40.11000061035156
2026-02-10,686.7559814453125,77.71402740478516,102.61614990234375,60.286643981933594,85.87321472167969,462.3999938964844,73.41000366210938,24.139999389648438,91.28376770019531,71.76338958740234,93.97525787353516,81.00281524658203,38.970001220703125
2026-02-11,686.5972290039062,77.70442199707031,103.30525207519531,61.24168014526367,85.41730499267578,467.6300048828125,76.55999755859375,24.3700008392334,90.77815246582031,72.03853607177734,93.71234893798828,80.9246826171875,38.290000915527344
2026-02-12,675.9900512695312,77.66596221923828,102.52755737304688,60.5452995300293,86.55221557617188,451.3900146484375,67.7300033569336,23.799999237060547,90.67119598388672,71.38015747070312,94.286865234375,81.00281524658203,37.04999923706055
2026-02-13,676.4663696289062,77.72364807128906,102.61614990234375,60.803955078125,87.02750396728516,462.6199951171875,69.72000122070312,23.8799991607666,91.97412872314453,71.45877075195312,94.65687561035156,81.12979125976562,38.970001220703125
2026-02-17,677.5578002929688,77.68519592285156,102.59646606445312,60.55524826049805,87.17301177978516,448.20001220703125,66.37000274658203,23.59000015258789,92.8492431640625,71.95993041992188,94.64713287353516,81.10050201416016,38.38999938964844
2026-02-18,680.97119140625,77.78132629394531,102.71459197998047,60.873592376708984,86.84320831298828,458.2799987792969,70.08999633789062,24.209999084472656,91.76022338867188,72.15645599365234,94.45238494873047,81.0516586303711,37.540000915527344
2026-02-19,679.1751708984375,77.81016540527344,102.42911529541016,60.724369049072266,86.9305191040039,459.55999755859375,71.01000213623047,24.43000030517578,91.56574249267578,71.84201049804688,94.5400161743164,81.0516586303711,38.06999969482422
2026-02-20,684.0867919921875,77.86783599853516,103.265869140625,62.01764678955078,86.726806640625,468.6199951171875,76.62000274658203,24.600000381469727,92.25611877441406,72.54952239990234,94.5400161743164,81.06143188476562,38.41999816894531
2026-02-23,677.1013793945312,77.74288177490234,102.84256744384766,61.331214904785156,87.0468978881836,481.2799987792969,80.56999969482422,24.75,92.2658462524414,72.2448959350586,94.88082885742188,81.12979125976562,36.54999923706055
2026-02-24,682.0228881835938,77.68519592285156,103.02960968017578,62.296199798583984,87.20210266113281,474.6099853515625,79.08000183105469,24.719999313354492,92.49919891357422,72.42176818847656,94.8613510131836,81.12979125976562,36.529998779296875
2026-02-25,687.7780151367188,77.79093170166016,104.0140380859375,62.98263168334961,87.21180725097656,473.4200134277344,80.04000091552734,24.75,92.24639892578125,73.06050109863281,94.783447265625,81.11026763916016,39.22999954223633
2026-02-26,683.9578247070312,77.72364807128906,103.92543029785156,62.38573455810547,87.56099700927734,477.4800109863281,80.44999694824219,24.760000228881836,92.87841033935547,72.94258117675781,95.03662872314453,81.13956451416016,38.2599983215332
2026-02-27,680.6734619140625,77.59867858886719,103.73838806152344,62.25640869140625,88.09449005126953,483.75,84.98999786376953,25.100000381469727,93.0437240600586,72.6183090209961,95.4163818359375,81.24700164794922,37.189998626708984
2026-03-02,681.0604858398438,77.55423736572266,101.6907958984375,61.18199157714844,87.20983123779297,490.0,81.56999969482422,25.809999465942383,93.27708435058594,71.18363189697266,94.8431396484375,81.1030502319336,39.19499969482422
2026-03-03,675.0573120117188,77.39966583251953,98.53079986572266,58.117916107177734,87.03466796875,468.1400146484375,74.68000030517578,25.90999984741211,92.78118896484375,68.90386962890625,94.73572540283203,81.09326171875,38.70000076293945
2026-03-04,679.8201293945312,77.67015075683594,99.80070495605469,58.744659423828125,86.76216888427734,471.79998779296875,75.33999633789062,26.139999389648438,92.89786529541016,69.78825378417969,94.5404052734375,81.0442886352539,41.439998626708984
2026-03-05,676.0297241210938,77.36102294921875,97.61529541015625,57.33200454711914,86.41180419921875,466.1300048828125,74.2699966430664,26.520000457763672,91.96441650390625,68.31427001953125,94.24744415283203,80.98552703857422,40.38999938964844
2026-03-06,667.1689453125,76.98426818847656,96.74899291992188,57.02360534667969,86.09064483642578,473.510009765625,75.94000244140625,27.510000228881836,90.96289825439453,67.79345703125,94.1888427734375,81.02468872070312,38.599998474121094
2026-03-09,673.0133056640625,77.44796752929688,97.44793701171875,58.147762298583984,86.84002685546875,472.5299987792969,78.26000213623047,27.139999389648438,91.16709899902344,68.10791015625,94.48182678222656,81.0638656616211,39.130001068115234
2026-03-10,671.9317016601562,77.32238006591797,97.67435455322266,58.37657165527344,85.91546630859375,477.8599853515625,80.08999633789062,27.600000381469727,91.03096008300781,68.15704345703125,94.17909240722656,81.014892578125,39.709999084472656
2026-03-11,671.08837890625,77.14849853515625,97.4676284790039,58.52579879760742,84.80599212646484,476.239990234375,77.91000366210938,28.1299991607666,90.0877914428711,68.03912353515625,93.74940490722656,80.93655395507812,40.06999969482422
2026-03-12,660.89794921875,76.65580749511719,95.9417724609375,56.655517578125,84.64054870605469,466.8800048828125,76.4800033569336,28.860000610351562,89.46549224853516,67.09577178955078,93.44667053222656,80.7994384765625,39.95000076293945
2026-03-13,657.1571655273438,76.51090240478516,94.79984283447266,56.50629425048828,84.22206115722656,460.8399963378906,72.69000244140625,28.709999084472656,89.61134338378906,66.2212142944336,93.34900665283203,80.84840393066406,40.369998931884766
2026-03-16,663.844970703125,76.7524185180664,96.5718002319336,58.078125,84.8741226196289,460.42999267578125,73.22000122070312,28.309999465942383,90.36003875732422,67.31195831298828,93.7689208984375,80.94634246826172,41.939998626708984
2026-03-17,665.5912475585938,77.10018920898438,96.83760070800781,58.44620895385742,85.1076889038086,459.2699890136719,71.66000366210938,28.760000228881836,90.75870513916016,67.60675811767578,93.9349594116211,80.95613098144531,42.27000045776367
2026-03-18,656.3038330078125,76.70411682128906,95.18376922607422,57.262367248535156,84.63082122802734,444.739990234375,68.69999694824219,29.270000457763672,89.41686248779297,66.2605209350586,93.5052719116211,80.80923461914062,40.2599983215332
2026-03-19,654.6864624023438,76.95528411865234,95.01641082763672,57.322052001953125,85.14661407470703,426.4100036621094,65.68000030517578,28.84000015258789,89.05709838867188,66.1229476928711,93.49549865722656,80.78964233398438,39.81999969482422
2026-03-20,645.3009643554688,76.24040985107422,92.1320571899414,55.352291107177734,83.53109741210938,413.3800048828125,61.52000045776367,28.940000534057617,86.29564666748047,64.0691909790039,92.65564727783203,80.61334991455078,39.77000045776367
2026-03-23,652.07666015625,76.74275207519531,94.34700012207031,57.01365661621094,84.07608795166016,404.0400085449219,62.470001220703125,27.75,86.96656036376953,65.62178802490234,92.94862365722656,80.73087310791016,40.04999923706055
2026-03-24,649.8877563476562,76.48191833496094,93.78588104248047,56.22774124145508,83.70626831054688,404.1300048828125,62.95000076293945,28.239999771118164,86.39263916015625,65.33682250976562,92.63612365722656,80.61334991455078,39.279998779296875
2026-03-25,653.5094604492188,76.72344207763672,95.15423583984375,57.123085021972656,84.51402282714844,416.2900085449219,65.20999908447266,28.170000076293945,86.32384490966797,66.28016662597656,93.12442016601562,80.70149230957031,40.16999816894531
2026-03-26,641.838623046875,76.24040985107422,93.18539428710938,55.18317413330078,83.8035888671875,400.6400146484375,60.77000045776367,28.440000534057617,86.20592498779297,64.94375610351562,92.3724594116211,80.52520751953125,38.81999969482422
2026-03-27,630.89404296875,76.04720306396484,92.33879089355469,54.91456985473633,83.34618377685547,414.70001220703125,63.439998626708984,29.100000381469727,85.49834442138672,64.34434509277344,92.38221740722656,80.69169616699219,37.400001525878906
2026-03-30,628.78466796875,76.1341323852539,92.60457611083984,54.466896057128906,84.45564270019531,414.5799865722656,63.52000045776367,29.260000228881836,85.82264709472656,64.69808959960938,93.03650665283203,80.7994384765625,37.68000030517578
2026-03-31,647.0621337890625,76.85868072509766,95.61690521240234,56.49634552001953,84.36804962158203,430.2900085449219,68.13999938964844,28.950000762939453,87.16899871826172,66.76167297363281,93.2025375366211,80.86798858642578,38.41999816894531
2026-04-01,651.9373779296875,77.04700469970703,97.07386016845703,56.9340705871582,84.28500366210938,437.82000732421875,68.13999938964844,28.68000030517578,87.48347473144531,67.73450469970703,93.12120819091797,80.86503601074219,38.63999938964844
2026-04-02,652.5244750976562,77.23143768310547,96.47335815429688,56.29737854003906,84.8028564453125,429.4100036621094,65.79000091552734,29.329999923706055,88.67259216308594,67.41022491455078,93.33677673339844,80.90433502197266,37.970001220703125
2026-04-06,655.6087646484375,77.36734008789062,96.95572662353516,56.814693450927734,84.66606903076172,427.6499938964844,66.08999633789062,29.479999542236328,88.80034637451172,67.78363800048828,93.09180450439453,80.82575225830078,39.52000045776367
2026-04-07,655.8972778320312,77.38676452636719,96.81790161132812,57.01365661621094,84.65629577636719,431.80999755859375,65.94000244140625,29.3700008392334,88.9281005859375,67.64605712890625,93.32696533203125,80.88468933105469,39.099998474121094
2026-04-08,672.6027221679688,77.8429946899414,100.59809112548828,60.127471923828125,84.92988586425781,434.5299987792969,67.47000122070312,28.559999465942383,90.52997589111328,70.31888580322266,93.53272247314453,80.96326446533203,40.41999816894531
2026-04-09,676.4830322265625,77.93036651611328,100.36182403564453,59.968299865722656,84.71491241455078,437.9100036621094,68.38999938964844,28.709999084472656,91.17858123779297,70.20097351074219,93.50332641601562,80.98292541503906,40.90999984741211
2026-04-10,676.0353393554688,77.61973571777344,100.58824157714844,60.24685287475586,84.50972747802734,437.1300048828125,69.08000183105469,28.5,91.37512969970703,70.41716003417969,93.3465576171875,80.95345306396484,41.560001373291016
2026-04-13,682.6417846679688,77.91094970703125,101.20842742919922,60.754215240478516,84.7637710571289,435.3599853515625,68.27999877929688,28.959999084472656,91.71908569335938,70.91830444335938,93.55232238769531,81.01239013671875,41.59000015258789
2026-04-14,690.959716796875,78.14392852783203,102.02549743652344,61.91816711425781,85.21324157714844,445.0899963378906,72.04000091552734,28.84000015258789,92.5937271118164,71.45877075195312,93.85606384277344,81.07132720947266,42.130001068115234
2026-04-15,696.412109375,78.10509490966797,101.70063781738281,61.87837219238281,84.84194946289062,440.4599914550781,71.83999633789062,28.889999389648438,92.66252136230469,71.13449096679688,93.65031433105469,81.05168914794922,42.560001373291016
2026-04-16,698.1234130859375,77.99832153320312,101.40531158447266,62.127079010009766,84.30453491210938,440.0799865722656,71.23999786376953,29.110000610351562,93.51750183105469,70.90848541259766,93.4837417602539,81.022216796875,42.72999954223633
2026-04-17,706.5607299804688,78.28954315185547,102.69490814208984,63.3109245300293,85.07645416259766,445.92999267578125,73.62999725341797,28.290000915527344,95.01126861572266,71.97957611083984,93.99323272705078,81.17938232421875,43.939998626708984
2026-04-20,705.1477661132812,78.22158813476562,102.29129791259766,62.85330581665039,85.0569076538086,442.0899963378906,72.1500015258789,28.670000076293945,95.355224609375,71.74374389648438,93.90504455566406,81.14008331298828,43.25
2026-04-21,700.53125,78.01773834228516,100.04680633544922,61.9281120300293,84.58789825439453,429.57000732421875,68.48999786376953,29.209999084472656,93.66490936279297,70.19114685058594,93.49353790283203,81.022216796875,42.5099983215332
2026-04-22,707.6253051757812,78.14392852783203,100.38151550292969,63.052268981933594,84.75399780273438,435.260009765625,70.37000274658203,29.510000228881836,92.88854217529297,70.33854675292969,93.59151458740234,81.06150817871094,44.75
2026-04-23,704.8792114257812,78.01773834228516,99.66288757324219,62.02759552001953,84.56835174560547,431.0400085449219,68.37999725341797,29.889999389648438,93.84180450439453,69.90617370605469,93.44454193115234,81.022216796875,44.04999923706055
2026-04-24,710.3414916992188,78.12451934814453,100.18462371826172,63.41040802001953,84.72469329833984,433.25,68.79000091552734,29.860000610351562,93.65508270263672,70.33854675292969,93.6307144165039,81.11063385009766,44.02000045776367
2026-04-27,711.5653686523438,78.15364074707031,99.80070495605469,63.3109245300293,84.30453491210938,429.8900146484375,68.33000183105469,30.09000015258789,93.14405822753906,69.97496032714844,93.41514587402344,81.09098052978516,43.560001373291016
2026-04-28,708.1029052734375,78.04685974121094,99.38724517822266,62.66428756713867,84.3924789428711,421.9100036621094,66.19999694824219,30.34000015258789,93.99903869628906,69.61137390136719,93.32696533203125,81.0418701171875,43.27000045776367
2026-04-29,707.993408203125,77.78475189208984,98.373291015625,62.36583709716797,83.7378158569336,417.4100036621094,64.83999633789062,31.079999923706055,93.2619857788086,68.80559539794922,92.88606262207031,80.93380737304688,42.75
2026-04-30,715.0377197265625,78.0274429321289,100.72605895996094,63.65911865234375,83.6596450805664,423.6600036621094,66.66000366210938,31.100000381469727,94.66731262207031,70.44664001464844,93.06241607666016,81.022216796875,43.31999969482422
2026-05-01,717.0177001953125,78.12403869628906,100.50949096679688,63.79838943481445,83.95877838134766,423.17999267578125,68.29000091552734,30.809999465942383,94.40196228027344,70.40733337402344,93.13319396972656,81.03502655029297,44.470001220703125
2026-05-04,714.3909912109375,77.8703384399414,99.13129425048828,63.7685432434082,83.32129669189453,414.7099914550781,65.94000244140625,31.329999923706055,93.81232452392578,69.14952850341797,92.78912353515625,80.93650817871094,45.400001525878906
2026-05-05,720.1220092773438,77.9874267578125,100.45042419433594,65.06182861328125,83.78224182128906,418.2699890136719,65.91000366210938,31.200000762939453,94.10713958740234,70.11253356933594,92.92676544189453,80.97591400146484,46.279998779296875
2026-05-06,730.1312866210938,78.22162628173828,103.1772689819336,67.1410140991211,84.4197006225586,430.9599914550781,70.12999725341797,30.209999084472656,95.4141845703125,72.09749603271484,93.38878631591797,81.08428955078125,46.189998626708984
2026-05-07,727.8926391601562,77.92887878417969,101.28718566894531,66.24566650390625,83.99799346923828,431.67999267578125,71.5999984741211,30.25,94.72627258300781,70.53507232666016,93.10370635986328,81.01531982421875,45.400001525878906
2026-05-08,733.9021606445312,78.20210266113281,102.34051513671875,67.58869171142578,84.4197006225586,433.7699890136719,73.01000213623047,30.299999237060547,94.95230102539062,71.10501098632812,93.34947204589844,81.08428955078125,45.45000076293945
2026-05-11,735.5736694335938,78.04598236083984,102.12393951416016,67.53894805908203,83.90972900390625,434.6499938964844,78.0,31.059999465942383,95.02108764648438,70.9969253540039,93.03489685058594,81.0054702758789,46.470001220703125
2026-05-12,734.4593505859375,77.93864440917969,101.53328704833984,65.47965240478516,83.35072326660156,432.92999267578125,78.55000305175781,31.690000534057617,95.02108764648438,70.3483657836914,92.72032928466797,80.94636535644531,45.79999923706055
2026-05-13,738.5685424804688,77.9776840209961,102.21253967285156,66.86246490478516,83.16439056396484,430.5,79.3499984741211,31.3700008392334,94.23489379882812,70.79056549072266,92.72032928466797,80.97591400146484,45.119998931884766
2026-05-14,744.3989868164062,77.91912841796875,101.84830474853516,67.03158569335938,83.28207397460938,427.2099914550781,75.51000213623047,31.149999618530273,93.67473602294922,70.65299224853516,92.66134643554688,80.94636535644531,46.16999816894531
2026-05-15,735.4443969726562,77.53855895996094,100.13540649414062,64.73352813720703,82.04637145996094,417.2900085449219,69.04000091552734,31.190000534057617,92.28907775878906,69.26744842529297,91.92406463623047,80.84783172607422,44.81999969482422
2026-05-18,734.927001953125,77.61662292480469,101.0607681274414,64.63404846191406,81.94829559326172,418.42999267578125,69.94000244140625,31.3799991607666,93.37008666992188,70.2894058227539,91.8847427368164,80.88723754882812,43.529998779296875
2026-05-19,730.03173828125,77.43121337890625,100.33229064941406,63.9277229309082,81.41871643066406,411.5,66.9000015258789,31.610000610351562,93.63542938232422,69.88652038574219,91.53083801269531,80.828125,43.5
2026-05-20,737.5138549804688,77.92887878417969,102.00581359863281,65.12151336669922,82.29155731201172,417.3999938964844,68.7300033569336,30.8799991607666,94.82453918457031,71.12466430664062,92.150146484375,80.93650817871094,43.9900016784668
2026-05-21,738.9764404296875,77.9679183959961,102.56693267822266,65.68856811523438,82.59557342529297,416.989990234375,69.44999694824219,30.700000762939453,95.00143432617188,71.70443725585938,92.20915222167969,80.92665100097656,44.0
2026-05-22,741.8817749023438,77.9776840209961,102.3602066040039,65.53933715820312,83.04669952392578,413.82000732421875,68.36000061035156,30.540000915527344,95.0997085571289,71.45877075195312,92.28778839111328,80.90695190429688,42.959999084472656
2026-05-26,746.8068237304688,78.24114227294922,103.4922866821289,68.04631042480469,83.45860290527344,414.0,69.72000122070312,30.030000686645508,95.54193878173828,72.23506927490234,92.68099975585938,80.99562072753906,42.9900016784668
2026-05-27,746.6774291992188,78.19234466552734,103.13789367675781,68.03636169433594,83.65474700927734,408.489990234375,67.5,29.489999771118164,95.24711608886719,72.1662826538086,92.72032928466797,81.0054702758789,42.45000076293945
2026-05-28,750.7965698242188,78.28993225097656,103.05914306640625,68.2552261352539,84.08625793457031,412.7699890136719,68.36000061035156,29.719999313354492,94.88351440429688,71.89114379882812,92.93659210205078,81.04488372802734,41.560001373291016
2026-05-29,752.6671142578125,78.36799621582031,103.16743469238281,68.24527740478516,84.10587310791016,417.1199951171875,68.33000183105469,29.479999542236328,94.04817199707031,71.84201049804688,93.04473114013672,81.08428955078125,41.630001068115234
2026-06-01,754.7166748046875,78.30816650390625,102.81304168701172,69.7176284790039,84.15116119384766,411.260009765625,67.66999816894531,29.989999771118164,92.4659652709961,71.48825073242188,92.88394927978516,81.037841796875,40.4900016784668
2026-06-02,755.7415771484375,78.36701965332031,103.38399505615234,70.43390655517578,84.3283920288086,411.95001220703125,67.98999786376953,30.1200008392334,92.88854217529297,71.94026947021484,92.95299530029297,81.037841796875,38.04999923706055
2026-06-03,750.4384155273438,78.15123748779297,102.4980239868164,69.5584487915039,83.99363708496094,407.8699951171875,66.20999908447266,30.290000915527344,92.78044891357422,71.0362319946289,92.71627807617188,80.99832916259766,37.0
2026-06-04,753.2740478515625,78.29835510253906,103.3150863647461,68.74269104003906,84.18070220947266,411.2699890136719,66.9800033569336,29.8799991607666,94.44127655029297,71.85183715820312,92.83464050292969,81.05760192871094,36.02000045776367
2026-06-05,733.83251953125,77.90603637695312,100.66699981689453,64.25601196289062,83.74748229980469,396.239990234375,61.56999969482422,29.229999542236328,95.11936950683594,70.3287124633789,92.34146881103516,80.8896255493164,34.13999938964844
2026-06-08,735.4940795898438,78.01393127441406,101.27733612060547,65.4100112915039,83.31428527832031,397.2699890136719,61.58000183105469,29.469999313354492,93.8221435546875,70.67264556884766,92.24282836914062,80.92915344238281,35.88999938964844
2026-06-09,733.3350830078125,78.09239196777344,101.29702758789062,65.47965240478516,83.80656433105469,390.7799987792969,59.0099983215332,29.06999969482422,95.98417663574219,71.00675201416016,92.49927520751953,80.96868133544922,35.13999938964844
2026-06-10,721.7736206054688,77.94526672363281,99.98774719238281,64.32565307617188,83.57026672363281,374.5799865722656,57.65999984741211,29.170000076293945,95.99400329589844,70.12236022949219,92.41050720214844,80.96868133544922,35.08000183105469
2026-06-11,734.04150390625,78.40625762939453,103.09852600097656,67.15096282958984,84.65328979492188,386.32000732421875,60.81999969482422,28.850000381469727,95.92521667480469,72.4021224975586,93.05162811279297,81.11688995361328,36.04999923706055
2026-06-12,738.0113525390625,78.40625762939453,103.38399505615234,67.52899932861328,84.446533203125,386.5400085449219,61.290000915527344,28.549999237060547,96.80967712402344,72.5790023803711,92.8938217163086,81.09713745117188,36.040000915527344
2026-06-15,751.0254516601562,78.50432586669922,104.08000183105469,69.75,84.39730072021484,396.54998779296875,63.470001220703125,28.219999313354492,96.13158416748047,72.68000030517578,92.9924545288086,81.13666534423828,37.7400016784668
2026-06-16,746.5481567382812,78.49452209472656,104.30999755859375,68.63999938964844,84.86005401611328,397.6300048828125,63.38999938964844,27.899999618530273,96.36743927001953,72.68000030517578,93.22917175292969,81.15641784667969,37.16999816894531
2026-06-17,737.225341796875,78.20028686523438,103.77999877929688,68.55999755859375,84.9979019165039,388.6000061035156,60.61000061035156,27.709999084472656,93.95973205566406,72.25,92.73599243164062,80.90938568115234,36.36000061035156
2026-06-18,744.8902587890625,78.47489929199219,104.41000366210938,70.79000091552734,85.41141510009766,387.1199951171875,59.5099983215332,27.6299991607666,93.91059112548828,72.4000015258789,93.07135772705078,81.01808166503906,35.619998931884766
2026-06-22,742.546142578125,78.40625762939453,104.58000183105469,71.20999908447266,84.76158905029297,384.5899963378906,58.90999984741211,27.40999984741211,94.92281341552734,72.37000274658203,92.71627807617188,80.93903350830078,36.5
2026-06-23,731.7628784179688,78.33759307861328,102.45999908447266,67.16999816894531,84.8698959350586,377.32000732421875,55.72999954223633,27.1200008392334,96.17089080810547,71.44999694824219,92.83464050292969,80.99832916259766,35.310001373291016
2026-06-24,731.4237060546875,78.31797790527344,102.26000213623047,67.25,86.03168487548828,365.9200134277344,51.779998779296875,26.450000762939453,96.17585754394531,71.3499984741211,93.43630981445312,81.09713745117188,33.869998931884766
2026-06-25,732.4810791015625,78.34739685058594,103.1500015258789,67.95999908447266,86.00215148925781,369.4599914550781,52.36000061035156,26.93000030517578,96.35430908203125,72.16999816894531,93.49549102783203,81.11688995361328,33.52000045776367
2026-06-26,727.1842651367188,78.29835510253906,102.54000091552734,67.19000244140625,86.01200103759766,373.6300048828125,53.279998779296875,26.56999969482422,97.82157897949219,71.76000213623047,93.7322006225586,81.21571350097656,33.849998474121094
2026-06-29,739.1644897460938,78.47489929199219,103.44999694824219,67.43000030517578,86.1006088256836,368.5799865722656,52.68000030517578,26.559999465942383,97.3060531616211,72.37999725341797,93.76179504394531,81.1959457397461,34.18000030517578
2026-06-30,744.9202270507812,78.43567657470703,103.87999725341797,68.41000366210938,85.08650207519531,368.3800048828125,53.470001220703125,26.65999984741211,95.60083770751953,72.8499984741211,93.27848815917969,81.13666534423828,33.290000915527344
2026-07-01,743.9127197265625,78.4248275756836,103.0199966430664,66.4800033569336,84.51136779785156,370.6000061035156,53.58000183105469,26.450000762939453,95.98748779296875,72.16999816894531,93.05187225341797,81.10494995117188,34.0
2026-07-02,742.9351806640625,78.54307556152344,104.37000274658203,65.69999694824219,84.5014877319336,378.1300048828125,55.02000045776367,26.56999969482422,97.17716217041016,73.5999984741211,93.14094543457031,81.20405578613281,34.869998931884766
2026-07-06,749.4190673828125,78.70073699951172,105.45999908447266,67.56999969482422,84.44219207763672,382.1300048828125,56.11000061035156,27.0,96.40386962890625,73.9000015258789,93.2003173828125,81.24369812011719,36.119998931884766
2026-07-07,745.85791015625,78.59235382080078,104.16000366210938,65.72000122070312,83.55281066894531,377.489990234375,54.459999084472656,27.350000381469727,97.55390167236328,73.26000213623047,92.72530364990234,81.12477111816406,36.150001525878906
2026-07-08,743.5536499023438,78.49382019042969,103.36000061035156,66.2300033569336,83.36505126953125,374.45001220703125,52.83000183105469,27.799999237060547,95.96765899658203,72.47000122070312,92.53728485107422,81.10494995117188,35.22999954223633
2026-07-09,749.8480224609375,78.5824966430664,103.91999816894531,66.77999877929688,83.49351501464844,378.17999267578125,54.13999938964844,27.579999923706055,96.25516510009766,72.69000244140625,92.73519897460938,81.17432403564453,35.810001373291016
2026-07-10,753.0799560546875,78.54307556152344,104.33000183105469,66.9000015258789,83.4737548828125,377.010009765625,53.95000076293945,27.520000457763672,96.48318481445312,72.77999877929688,92.6560287475586,81.14459228515625,36.22999954223633
2026-07-13,747.3142700195312,78.3558578491211,103.23999786376953,64.5,82.97965240478516,367.1300048828125,52.15999984741211,28.329999923706055,96.98880767822266,72.20999908447266,92.319580078125,81.0553970336914,35.220001220703125
2026-07-14,749.9677124023438,78.51351928710938,103.95999908447266,65.66999816894531,83.0883560180664,372.1499938964844,53.16999816894531,28.6299991607666,96.73104095458984,72.55000305175781,92.57686614990234,81.19413757324219,36.58000183105469
2026-07-15,752.9403076171875,78.64161682128906,104.6500015258789,65.56999969482422,83.24646759033203,372.3500061035156,52.209999084472656,28.790000915527344,97.01854705810547,73.12000274658203,92.80447387695312,81.26351165771484,36.810001373291016
2026-07-16,748.8604125976562,78.63176727294922,103.80999755859375,64.19000244140625,83.2168197631836,364.9599914550781,50.38999938964844,28.459999084472656,99.20954132080078,72.79000091552734,92.7450942993164,81.26351165771484,36.38999938964844
2026-07-17,741.4487915039062,78.48395538330078,103.33000183105469,63.290000915527344,83.52315521240234,368.4100036621094,50.779998779296875,28.979999542236328,99.15996551513672,72.70999908447266,92.86384582519531,81.25360107421875,36.349998474121094
2026-07-20,740.2518310546875,78.51351928710938,102.56999969482422,63.560001373291016,82.90059661865234,367.6000061035156,50.97999954223633,29.139999389648438,98.62461853027344,71.95999908447266,92.56697082519531,81.223876953125,36.88999938964844
2026-07-21,746.426513671875,78.48395538330078,104.05999755859375,65.33999633789062,82.6733169555664,374.80999755859375,53.08000183105469,29.56999969482422,98.66426849365234,72.73999786376953,92.33936309814453,81.15450286865234,37.66999816894531
2026-07-22,745.55859375,78.3558578491211,104.25,64.98999786376953,82.45589447021484,379.1199951171875,53.91999816894531,29.860000610351562,98.16856384277344,73.05000305175781,92.13154602050781,81.09504699707031,37.34000015258789
2026-07-23,736.3515014648438,78.07010650634766,102.9000015258789,64.5999984741211,82.18907928466797,371.5199890136719,52.060001373291016,30.309999465942383,97.8414077758789,72.04000091552734,91.88414764404297,81.03557586669922,36.650001525878906
2026-07-24,737.099609375,78.07010650634766,103.41000366210938,63.33000183105469,82.26813507080078,371.8999938964844,52.59000015258789,30.100000381469727,99.94317626953125,72.55000305175781,92.06227111816406,81.11486053466797,36.349998474121094
2026-07-27,737.25927734375,78.1095199584961,103.91000366210938,63.619998931884766,82.76224517822266,374.6300048828125,52.93000030517578,29.010000228881836,99.67549896240234,72.87000274658203,92.3096694946289,81.13468170166016,36.77000045776367
2026-07-28,739.0248413085938,78.25732421875,103.88999938964844,62.36000061035156,83.24646759033203,369.3699951171875,51.70000076293945,28.600000381469727,100.08197021484375,73.12999725341797,92.58676147460938,81.20405578613281,36.13999938964844
2026-07-29,727.6531372070312,78.0799560546875,103.37000274658203,61.06999969482422,81.87285614013672,371.0799865722656,51.77000045776367,29.420000076293945,99.79447174072266,72.91000366210938,92.20081329345703,81.25360107421875,36.0
2026-07-30,739.852783203125,78.30658721923828,106.23999786376953,63.59000015258789,81.82344818115234,377.1600036621094,53.5,29.31999969482422,98.63452911376953,74.62000274658203,92.24040222167969,81.27342224121094,36.70000076293945
2026-07-31,745.1796264648438,78.31645202636719,105.58000183105469,64.08999633789062,81.2799301147461,371.5400085449219,52.36000061035156,29.450000762939453,98.09916687011719,74.29000091552734,91.98310089111328,81.26351165771484,35.63999938964844
2026-08-03,755.793212890625,78.52833557128906,106.0199966430664,64.31999969482422,81.5478286743164,371.7099914550781,52.459999084472656,28.8799991607666,98.2181396484375,74.61000061035156,92.16979217529297,81.28438568115234,36.15999984741211
2026-08-04,769.4193725585938,78.76597595214844,107.31999969482422,66.0,82.17290496826172,374.1600036621094,53.84000015258789,28.309999465942383,98.06942749023438,75.33999633789062,92.5967788696289,81.38379669189453,36.38999938964844
2026-08-05,767.8831787109375,78.73626708984375,107.43000030517578,65.72000122070312,82.35149383544922,389.6400146484375,56.06999969482422,28.479999542236328,98.06942749023438,75.27999877929688,92.65635681152344,81.41361999511719,36.7400016784668
2026-08-06,766.65625,78.6768569946289,107.36000061035156,65.0199966430664,81.875244140625,389.6700134277344,55.849998474121094,28.860000610351562,97.1969985961914,75.2300033569336,92.29887390136719,81.314208984375,36.4900016784668
2026-08-07,771.3446044921875,78.82538604736328,108.55000305175781,65.63999938964844,82.11337280273438,398.4700012207031,57.5,28.90999984741211,97.5836410522461,75.80999755859375,92.517333984375,81.4334945678711,36.79999923706055
2026-08-10,771.1151733398438,78.69667053222656,108.01000213623047,65.16999816894531,81.41883850097656,402.5400085449219,59.40999984741211,29.93000030517578,96.27499389648438,75.61000061035156,92.11021423339844,81.37385559082031,36.22999954223633
2026-08-11,768.6513061523438,78.72637176513672,108.08999633789062,65.43000030517578,81.5478286743164,400.9599914550781,58.54999923706055,29.969999313354492,95.55126953125,75.66999816894531,92.21944427490234,81.38379669189453,35.939998626708984
2026-08-12,770.5764770507812,78.82538604736328,108.5,66.45999908447266,81.46845245361328,404.9200134277344,59.060001373291016,30.110000610351562,96.47327423095703,75.5199966430664,92.30880737304688,81.4334945678711,35.88999938964844
2026-08-13,775.9531860351562,79.00361633300781,108.69000244140625,66.68000030517578,81.94469451904297,398.9599914550781,58.15999984741211,29.780000686645508,97.73235321044922,75.58999633789062,92.64643096923828,81.54283905029297,35.880001068115234
2026-08-14,774.4169921875,78.92440032958984,108.63999938964844,66.61000061035156,81.39899444580078,401.4800109863281,58.47999954223633,30.0,97.9802017211914,75.62999725341797,92.38824462890625,81.51302337646484,35.630001068115234
2026-08-17,770.7560424804688,78.82538604736328,108.44999694824219,67.31999969482422,80.71439361572266,405.489990234375,59.56999969482422,30.559999465942383,97.13751220703125,75.41999816894531,92.18965148925781,81.51302337646484,36.41999816894531
2026-08-18,765.5490112304688,78.74617767333984,107.2699966430664,65.33999633789062,81.02197265625,398.54998779296875,57.439998626708984,30.479999542236328,96.78060913085938,74.87000274658203,92.27902221679688,81.53289794921875,36.599998474121094
2026-08-19,767.1549682617188,78.92440032958984,107.66000366210938,66.11000061035156,82.371337890625,413.8399963378906,60.0099983215332,30.760000228881836,97.76209259033203,75.58000183105469,92.72586059570312,81.57266235351562,38.779998779296875
2026-08-20,760.7109985351562,78.77587127685547,107.3499984741211,66.62000274658203,81.69664764404297,415.260009765625,61.65999984741211,31.110000610351562,97.75218200683594,75.33999633789062,92.34852600097656,81.53289794921875,41.20000076293945
2026-08-21,763.8232421875,78.82538604736328,108.23999786376953,67.12000274658203,81.40892028808594,423.3599853515625,62.720001220703125,31.260000228881836,97.65303802490234,75.86000061035156,92.16979217529297,81.51302337646484,43.68000030517578
2026-08-24,761.5787963867188,78.91449737548828,108.02999877929688,66.11000061035156,81.91493225097656,426.69000244140625,62.20000076293945,30.940000534057617,98.24787902832031,75.91000366210938,92.35845947265625,81.51302337646484,44.63999938964844
2026-08-25,764.0127563476562,79.13232421875,108.80999755859375,67.25,82.81782531738281,428.07000732421875,62.31999969482422,30.43000030517578,98.39659118652344,76.27999877929688,92.8549575805664,81.5925521850586,44.720001220703125
2026-08-26,764.182373046875,79.1125259399414,108.2699966430664,67.16999816894531,82.64915466308594,421.32000732421875,61.59000015258789,30.5,97.76209259033203,75.8499984741211,92.6662826538086,81.56272888183594,44.459999084472656
2026-08-27,769.18994140625,79.08282470703125,108.0199966430664,67.61000061035156,82.48047637939453,422.6000061035156,62.77000045776367,30.860000610351562,96.81034851074219,75.58000183105469,92.57691955566406,81.55278778076172,45.290000915527344
2026-08-28,767.4442749023438,78.9541015625,107.72000122070312,67.13999938964844,82.23242950439453,408.8900146484375,60.02000045776367,30.790000915527344,96.40386962890625,75.2699966430664,92.19957733154297,81.40367126464844,43.900001525878906
2026-08-31,765.1499633789062,79.02340698242188,107.44999694824219,67.0199966430664,81.875244140625,408.4200134277344,60.130001068115234,31.299999237060547,95.61075592041016,74.94999694824219,92.0903549194336,81.40367126464844,44.66999816894531
2026-09-01,759.89306640625,78.74962615966797,106.48999786376953,66.7699966430664,81.54159545898438,396.75,57.91999816894531,31.93000030517578,95.47196197509766,74.13999938964844,91.78340911865234,81.34783935546875,43.7599983215332
2026-09-02,763.2646484375,78.75958251953125,107.05999755859375,67.1500015258789,81.62126922607422,402.7799987792969,59.06999969482422,31.93000030517578,94.95642852783203,74.44999694824219,91.8631362915039,81.39769744873047,43.790000915527344
2026-09-03,771.2548217773438,78.85913848876953,108.20999908447266,67.47000122070312,81.74079132080078,410.2200012207031,60.54999923706055,31.959999084472656,95.82886505126953,75.02999877929688,91.9627914428711,81.46749114990234,46.349998474121094
2026-09-04,768.2822265625,78.80936431884766,108.3499984741211,68.69999694824219,81.8802261352539,406.7699890136719,59.81999969482422,31.899999618530273,95.1943588256836,75.01000213623047,91.93289184570312,81.44754791259766,45.22999954223633
2026-09-08,764.0626831054688,78.76954650878906,107.76000213623047,68.83000183105469,81.8702621459961,399.7200012207031,59.369998931884766,32.400001525878906,95.10514068603516,74.47000122070312,91.84320831298828,81.41764068603516,44.38999938964844
2026-09-09,760.5115356445312,78.63016510009766,106.55999755859375,68.4800033569336,81.40216064453125,403.3500061035156,60.720001220703125,32.849998474121094,94.1236572265625,73.58000183105469,91.58409881591797,81.38772583007812,44.290000915527344
2026-09-10,755.9528198242188,78.27175903320312,105.66000366210938,67.0,80.45596313476562,396.3599853515625,57.5,33.619998931884766,93.31070709228516,73.01000213623047,90.86656951904297,81.1783447265625,43.68000030517578
2026-09-11,762.3967895507812,78.25184631347656,106.69999694824219,67.83999633789062,80.54560852050781,398.7699890136719,58.119998931884766,33.15999984741211,93.98485565185547,73.5999984741211,90.69715881347656,81.12850189208984,43.77000045776367
2026-09-14,758.9952392578125,78.1821517944336,105.8499984741211,65.98999786376953,80.60536193847656,392.8399963378906,56.84000015258789,33.150001525878906,93.5188980102539,72.87999725341797,90.617431640625,81.09857940673828,44.7400016784668
2026-09-15,755.513916015625,78.0328140258789,105.4000015258789,65.76000213623047,80.38624572753906,394.1499938964844,57.529998779296875,33.68000030517578,93.2908706665039,72.69000244140625,90.5078125,81.06867218017578,43.11000061035156
2026-09-16,752.1821899414062,78.07263946533203,105.0199966430664,65.72000122070312,80.55555725097656,391.739990234375,57.04999923706055,33.15999984741211,92.67620849609375,72.3499984741211,90.41812133789062,80.9988784790039,43.040000915527344
2026-09-17,760.7109985351562,78.3713150024414,106.04000091552734,66.91000366210938,81.45195007324219,398.3599853515625,58.970001220703125,33.04999923706055,93.00336456298828,73.02999877929688,90.93633270263672,81.1185302734375,43.29999923706055
2026-09-18,761.6900024414062,78.1821517944336,104.97000122070312,67.02999877929688,80.92407989501953,401.1700134277344,59.93000030517578,32.93000030517578,92.11111450195312,72.41999816894531,90.48788452148438,80.9988784790039,46.02000045776367
2026-09-21,773.5,78.33148956298828,106.12999725341797,68.83000183105469,81.47187805175781,398.3800048828125,59.630001068115234,32.58000183105469,93.00336456298828,73.12999725341797,90.83667755126953,81.04873657226562,49.0099983215332
2026-09-22,773.3800048828125,78.321533203125,106.5,69.0999984741211,81.42207336425781,400.07000732421875,60.72999954223633,32.439998626708984,92.81500244140625,73.19000244140625,90.84664154052734,81.07864379882812,48.83000183105469
2026-09-23,767.8099975585938,77.75405883789062,104.80000305175781,67.70999908447266,80.13724517822266,392.8800048828125,58.15999984741211,32.880001068115234,91.44999694824219,72.04000091552734,89.87997436523438,80.87924194335938,47.880001068115234
2026-09-24,767.1799926757812,77.54499053955078,104.5,67.25,79.1014175415039,391.69000244140625,57.619998931884766,33.18000030517578,91.16999816894531,72.22000122070312,89.38169860839844,80.84932708740234,47.810001373291016
2026-09-25,771.3499755859375,77.51512145996094,105.55999755859375,67.9800033569336,79.00182342529297,393.4100036621094,58.13999938964844,32.619998931884766,90.98999786376953,72.68000030517578,89.69062805175781,80.9689712524414,47.56999969482422
2026-09-28,765.6099853515625,77.19654083251953,105.04000091552734,67.19999694824219,78.30463409423828,377.9100036621094,54.95000076293945,32.4900016784668,90.58999633789062,72.44999694824219,89.22224426269531,80.86927032470703,47.209999084472656
2026-09-29,764.2000122070312,77.017333984375,104.54000091552734,67.4000015258789,77.91619873046875,382.8900146484375,55.47999954223633,32.0,90.52999877929688,71.97000122070312,89.14251708984375,80.91912078857422,47.33000183105469
2026-09-30,762.6300048828125,76.86800384521484,103.88999938964844,66.79000091552734,77.4679946899414,380.8399963378906,54.5099983215332,32.31999969482422,89.62999725341797,71.12999725341797,89.00299835205078,80.95899963378906,47.34000015258789
2026-10-01,763.989990234375,76.9000015258789,102.81999969482422,66.80999755859375,77.70999908447266,382.760009765625,55.02000045776367,32.75,89.16999816894531,70.05999755859375,89.30000305175781,81.0999984741211,47.959999084472656
2026-10-02,769.6400146484375,76.91000366210938,103.95999908447266,67.66999816894531,77.4800033569336,380.1400146484375,54.7400016784668,32.540000915527344,89.5,70.80000305175781,89.05000305175781,81.05000305175781,47.72999954223633
